ISO-10303-21;
HEADER;
/* Generated by software containing ST-Developer
 * from STEP Tools, Inc. (www.steptools.com) 
 */

FILE_DESCRIPTION(
/* description */ (''),
/* implementation_level */ '2;1');

FILE_NAME(
/* name */ 'mass_big_bolt_U.step',
/* time_stamp */ '2026-05-25T06:50:39+05:30',
/* author */ (''),
/* organization */ (''),
/* preprocessor_version */ 'ST-DEVELOPER v20.1',
/* originating_system */ 'Autodesk Translation Framework v15.8.0.0',
/* authorisation */ '');

FILE_SCHEMA (('AUTOMOTIVE_DESIGN { 1 0 10303 214 3 1 1 }'));
ENDSEC;

DATA;
#10=MECHANICAL_DESIGN_GEOMETRIC_PRESENTATION_REPRESENTATION('',(#13),#2691);
#11=SHAPE_REPRESENTATION_RELATIONSHIP('SRR','None',#2698,#12);
#12=ADVANCED_BREP_SHAPE_REPRESENTATION('',(#14),#2690);
#13=STYLED_ITEM('',(#2707),#14);
#14=MANIFOLD_SOLID_BREP('Body1',#491);
#15=FACE_BOUND('',#71,.T.);
#16=FACE_BOUND('',#80,.T.);
#17=PLANE('',#525);
#18=PLANE('',#527);
#19=PLANE('',#528);
#20=PLANE('',#529);
#21=PLANE('',#530);
#22=PLANE('',#531);
#23=PLANE('',#532);
#24=PLANE('',#533);
#25=B_SPLINE_SURFACE_WITH_KNOTS('',3,3,((#1402,#1403,#1404,#1405,#1406,
#1407,#1408,#1409,#1410,#1411,#1412,#1413,#1414,#1415,#1416,#1417,#1418,
#1419,#1420,#1421,#1422,#1423,#1424,#1425,#1426,#1427,#1428,#1429,#1430,
#1431,#1432,#1433,#1434,#1435,#1436,#1437,#1438,#1439,#1440,#1441,#1442,
#1443,#1444,#1445,#1446,#1447,#1448,#1449,#1450,#1451,#1452,#1453,#1454,
#1455,#1456,#1457,#1458,#1459,#1460,#1461,#1462,#1463,#1464,#1465,#1466,
#1467,#1468,#1469,#1470,#1471,#1472,#1473,#1474,#1475,#1476,#1477,#1478,
#1479,#1480,#1481,#1482,#1483,#1484,#1485,#1486,#1487,#1488,#1489,#1490,
#1491,#1492),(#1493,#1494,#1495,#1496,#1497,#1498,#1499,#1500,#1501,#1502,
#1503,#1504,#1505,#1506,#1507,#1508,#1509,#1510,#1511,#1512,#1513,#1514,
#1515,#1516,#1517,#1518,#1519,#1520,#1521,#1522,#1523,#1524,#1525,#1526,
#1527,#1528,#1529,#1530,#1531,#1532,#1533,#1534,#1535,#1536,#1537,#1538,
#1539,#1540,#1541,#1542,#1543,#1544,#1545,#1546,#1547,#1548,#1549,#1550,
#1551,#1552,#1553,#1554,#1555,#1556,#1557,#1558,#1559,#1560,#1561,#1562,
#1563,#1564,#1565,#1566,#1567,#1568,#1569,#1570,#1571,#1572,#1573,#1574,
#1575,#1576,#1577,#1578,#1579,#1580,#1581,#1582,#1583),(#1584,#1585,#1586,
#1587,#1588,#1589,#1590,#1591,#1592,#1593,#1594,#1595,#1596,#1597,#1598,
#1599,#1600,#1601,#1602,#1603,#1604,#1605,#1606,#1607,#1608,#1609,#1610,
#1611,#1612,#1613,#1614,#1615,#1616,#1617,#1618,#1619,#1620,#1621,#1622,
#1623,#1624,#1625,#1626,#1627,#1628,#1629,#1630,#1631,#1632,#1633,#1634,
#1635,#1636,#1637,#1638,#1639,#1640,#1641,#1642,#1643,#1644,#1645,#1646,
#1647,#1648,#1649,#1650,#1651,#1652,#1653,#1654,#1655,#1656,#1657,#1658,
#1659,#1660,#1661,#1662,#1663,#1664,#1665,#1666,#1667,#1668,#1669,#1670,
#1671,#1672,#1673,#1674),(#1675,#1676,#1677,#1678,#1679,#1680,#1681,#1682,
#1683,#1684,#1685,#1686,#1687,#1688,#1689,#1690,#1691,#1692,#1693,#1694,
#1695,#1696,#1697,#1698,#1699,#1700,#1701,#1702,#1703,#1704,#1705,#1706,
#1707,#1708,#1709,#1710,#1711,#1712,#1713,#1714,#1715,#1716,#1717,#1718,
#1719,#1720,#1721,#1722,#1723,#1724,#1725,#1726,#1727,#1728,#1729,#1730,
#1731,#1732,#1733,#1734,#1735,#1736,#1737,#1738,#1739,#1740,#1741,#1742,
#1743,#1744,#1745,#1746,#1747,#1748,#1749,#1750,#1751,#1752,#1753,#1754,
#1755,#1756,#1757,#1758,#1759,#1760,#1761,#1762,#1763,#1764,#1765)),
 .UNSPECIFIED.,.F.,.F.,.F.,(4,4),(4,1,1,1,1,1,1,1,1,1,1,1,1,1,1,1,1,1,1,
1,1,1,1,1,1,1,1,1,1,1,1,1,1,1,1,1,1,1,1,1,1,1,1,1,1,1,1,1,1,1,1,1,1,1,1,
1,1,1,1,1,1,1,1,1,1,1,1,1,1,1,1,1,1,1,1,1,1,1,1,1,1,1,1,1,1,1,1,1,4),(0.,
0.096532965008506),(11.852942864427,12.3519165432815,12.850890222136,13.3498639009906,
13.8488375798451,14.3478112586996,14.8467849375541,15.3457586164086,15.8447322952631,
16.3437059741176,16.8426796529721,17.3416533318266,17.8406270106812,18.3396006895357,
18.8385743683902,19.3375480472447,19.8365217260992,20.3354954049537,20.8344690838082,
21.3334427626627,21.8324164415172,22.3313901203718,22.8303637992263,23.3293374780808,
23.8283111569353,24.3272848357898,24.8262585146443,25.3252321934988,25.8242058723533,
26.3231795512079,26.8221532300624,27.3211269089169,27.8201005877714,28.3190742666259,
28.8180479454804,29.3170216243349,29.8159953031894,30.3149689820439,30.8139426608985,
31.312916339753,31.8118900186075,32.310863697462,32.8098373763165,33.308811055171,
33.8077847340255,34.30675841288,34.8057320917345,35.3047057705891,35.8036794494436,
36.3026531282981,36.8016268071526,37.3006004860071,37.7995741648616,38.2985478437161,
38.7975215225706,39.2964952014251,39.7954688802797,40.2944425591342,40.7934162379887,
41.2923899168432,41.7913635956977,42.2903372745522,42.7893109534067,43.2882846322612,
43.7872583111157,44.2862319899703,44.7852056688248,45.2841793476793,45.7831530265338,
46.2821267053883,46.7811003842428,47.2800740630973,47.7790477419518,48.2780214208064,
48.7769950996609,49.2759687785154,49.7749424573699,50.2739161362244,50.7728898150789,
51.2718634939334,51.7708371727879,52.2698108516424,52.7687845304969,53.2677582093515,
53.766731888206,54.2657055670605,54.764679245915,55.2636529247695,55.762626603624),
 .UNSPECIFIED.);
#26=B_SPLINE_SURFACE_WITH_KNOTS('',3,3,((#2027,#2028,#2029,#2030,#2031,
#2032,#2033,#2034,#2035,#2036,#2037,#2038,#2039,#2040,#2041,#2042,#2043,
#2044,#2045,#2046,#2047,#2048,#2049,#2050,#2051,#2052,#2053,#2054,#2055,
#2056,#2057,#2058,#2059,#2060,#2061,#2062,#2063,#2064,#2065,#2066,#2067,
#2068,#2069,#2070,#2071,#2072,#2073,#2074,#2075,#2076,#2077,#2078,#2079,
#2080,#2081,#2082,#2083,#2084,#2085,#2086,#2087,#2088,#2089,#2090,#2091,
#2092,#2093,#2094,#2095,#2096,#2097,#2098,#2099,#2100,#2101,#2102,#2103,
#2104,#2105,#2106,#2107,#2108,#2109,#2110,#2111,#2112,#2113,#2114,#2115,
#2116,#2117),(#2118,#2119,#2120,#2121,#2122,#2123,#2124,#2125,#2126,#2127,
#2128,#2129,#2130,#2131,#2132,#2133,#2134,#2135,#2136,#2137,#2138,#2139,
#2140,#2141,#2142,#2143,#2144,#2145,#2146,#2147,#2148,#2149,#2150,#2151,
#2152,#2153,#2154,#2155,#2156,#2157,#2158,#2159,#2160,#2161,#2162,#2163,
#2164,#2165,#2166,#2167,#2168,#2169,#2170,#2171,#2172,#2173,#2174,#2175,
#2176,#2177,#2178,#2179,#2180,#2181,#2182,#2183,#2184,#2185,#2186,#2187,
#2188,#2189,#2190,#2191,#2192,#2193,#2194,#2195,#2196,#2197,#2198,#2199,
#2200,#2201,#2202,#2203,#2204,#2205,#2206,#2207,#2208),(#2209,#2210,#2211,
#2212,#2213,#2214,#2215,#2216,#2217,#2218,#2219,#2220,#2221,#2222,#2223,
#2224,#2225,#2226,#2227,#2228,#2229,#2230,#2231,#2232,#2233,#2234,#2235,
#2236,#2237,#2238,#2239,#2240,#2241,#2242,#2243,#2244,#2245,#2246,#2247,
#2248,#2249,#2250,#2251,#2252,#2253,#2254,#2255,#2256,#2257,#2258,#2259,
#2260,#2261,#2262,#2263,#2264,#2265,#2266,#2267,#2268,#2269,#2270,#2271,
#2272,#2273,#2274,#2275,#2276,#2277,#2278,#2279,#2280,#2281,#2282,#2283,
#2284,#2285,#2286,#2287,#2288,#2289,#2290,#2291,#2292,#2293,#2294,#2295,
#2296,#2297,#2298,#2299),(#2300,#2301,#2302,#2303,#2304,#2305,#2306,#2307,
#2308,#2309,#2310,#2311,#2312,#2313,#2314,#2315,#2316,#2317,#2318,#2319,
#2320,#2321,#2322,#2323,#2324,#2325,#2326,#2327,#2328,#2329,#2330,#2331,
#2332,#2333,#2334,#2335,#2336,#2337,#2338,#2339,#2340,#2341,#2342,#2343,
#2344,#2345,#2346,#2347,#2348,#2349,#2350,#2351,#2352,#2353,#2354,#2355,
#2356,#2357,#2358,#2359,#2360,#2361,#2362,#2363,#2364,#2365,#2366,#2367,
#2368,#2369,#2370,#2371,#2372,#2373,#2374,#2375,#2376,#2377,#2378,#2379,
#2380,#2381,#2382,#2383,#2384,#2385,#2386,#2387,#2388,#2389,#2390)),
 .UNSPECIFIED.,.F.,.F.,.F.,(4,4),(4,1,1,1,1,1,1,1,1,1,1,1,1,1,1,1,1,1,1,
1,1,1,1,1,1,1,1,1,1,1,1,1,1,1,1,1,1,1,1,1,1,1,1,1,1,1,1,1,1,1,1,1,1,1,1,
1,1,1,1,1,1,1,1,1,1,1,1,1,1,1,1,1,1,1,1,1,1,1,1,1,1,1,1,1,1,1,1,1,4),(0.,
0.096532965008506),(14.399609326548,14.8985830054025,15.397556684257,15.8965303631115,
16.395504041966,16.8944777208205,17.3934513996751,17.8924250785296,18.3913987573841,
18.8903724362386,19.3893461150931,19.8883197939476,20.3872934728021,20.8862671516566,
21.3852408305111,21.8842145093657,22.3831881882202,22.8821618670747,23.3811355459292,
23.8801092247837,24.3790829036382,24.8780565824927,25.3770302613472,25.8760039402017,
26.3749776190563,26.8739512979108,27.3729249767653,27.8718986556198,28.3708723344743,
28.8698460133288,29.3688196921833,29.8677933710378,30.3667670498923,30.8657407287469,
31.3647144076014,31.8636880864559,32.3626617653104,32.8616354441649,33.3606091230194,
33.8595828018739,34.3585564807284,34.857530159583,35.3565038384375,35.855477517292,
36.3544511961465,36.853424875001,37.3523985538555,37.85137223271,38.3503459115645,
38.849319590419,39.3482932692735,39.8472669481281,40.3462406269826,40.8452143058371,
41.3441879846916,41.8431616635461,42.3421353424006,42.8411090212551,43.3400827001096,
43.8390563789641,44.3380300578187,44.8370037366732,45.3359774155277,45.8349510943822,
46.3339247732367,46.8328984520912,47.3318721309457,47.8308458098002,48.3298194886547,
48.8287931675093,49.3277668463638,49.8267405252183,50.3257142040728,50.8246878829273,
51.3236615617818,51.8226352406363,52.3216089194908,52.8205825983454,53.3195562771999,
53.8185299560544,54.3175036349089,54.8164773137634,55.3154509926179,55.8144246714724,
56.3133983503269,56.8123720291814,57.3113457080359,57.8103193868905,58.309293065745),
 .UNSPECIFIED.);
#27=FACE_OUTER_BOUND('',#53,.T.);
#28=FACE_OUTER_BOUND('',#54,.T.);
#29=FACE_OUTER_BOUND('',#55,.T.);
#30=FACE_OUTER_BOUND('',#56,.T.);
#31=FACE_OUTER_BOUND('',#57,.T.);
#32=FACE_OUTER_BOUND('',#58,.T.);
#33=FACE_OUTER_BOUND('',#59,.T.);
#34=FACE_OUTER_BOUND('',#60,.T.);
#35=FACE_OUTER_BOUND('',#61,.T.);
#36=FACE_OUTER_BOUND('',#62,.T.);
#37=FACE_OUTER_BOUND('',#63,.T.);
#38=FACE_OUTER_BOUND('',#64,.T.);
#39=FACE_OUTER_BOUND('',#65,.T.);
#40=FACE_OUTER_BOUND('',#66,.T.);
#41=FACE_OUTER_BOUND('',#67,.T.);
#42=FACE_OUTER_BOUND('',#68,.T.);
#43=FACE_OUTER_BOUND('',#69,.T.);
#44=FACE_OUTER_BOUND('',#70,.T.);
#45=FACE_OUTER_BOUND('',#72,.T.);
#46=FACE_OUTER_BOUND('',#73,.T.);
#47=FACE_OUTER_BOUND('',#74,.T.);
#48=FACE_OUTER_BOUND('',#75,.T.);
#49=FACE_OUTER_BOUND('',#76,.T.);
#50=FACE_OUTER_BOUND('',#77,.T.);
#51=FACE_OUTER_BOUND('',#78,.T.);
#52=FACE_OUTER_BOUND('',#79,.T.);
#53=EDGE_LOOP('',(#305,#306,#307));
#54=EDGE_LOOP('',(#308,#309,#310,#311,#312));
#55=EDGE_LOOP('',(#313,#314,#315,#316));
#56=EDGE_LOOP('',(#317,#318,#319,#320));
#57=EDGE_LOOP('',(#321,#322,#323,#324));
#58=EDGE_LOOP('',(#325,#326,#327,#328));
#59=EDGE_LOOP('',(#329,#330,#331,#332));
#60=EDGE_LOOP('',(#333,#334,#335,#336));
#61=EDGE_LOOP('',(#337,#338,#339,#340));
#62=EDGE_LOOP('',(#341,#342,#343,#344));
#63=EDGE_LOOP('',(#345,#346,#347,#348));
#64=EDGE_LOOP('',(#349,#350,#351,#352));
#65=EDGE_LOOP('',(#353,#354,#355,#356));
#66=EDGE_LOOP('',(#357,#358,#359,#360));
#67=EDGE_LOOP('',(#361,#362,#363,#364));
#68=EDGE_LOOP('',(#365,#366,#367,#368,#369,#370,#371,#372,#373,#374,#375,
#376,#377,#378,#379,#380,#381,#382));
#69=EDGE_LOOP('',(#383,#384,#385,#386,#387,#388,#389,#390,#391,#392,#393,
#394,#395,#396,#397,#398,#399));
#70=EDGE_LOOP('',(#400,#401,#402,#403,#404,#405));
#71=EDGE_LOOP('',(#406,#407,#408,#409));
#72=EDGE_LOOP('',(#410,#411,#412,#413));
#73=EDGE_LOOP('',(#414,#415,#416,#417));
#74=EDGE_LOOP('',(#418,#419,#420,#421));
#75=EDGE_LOOP('',(#422,#423,#424,#425));
#76=EDGE_LOOP('',(#426,#427,#428,#429));
#77=EDGE_LOOP('',(#430,#431,#432,#433));
#78=EDGE_LOOP('',(#434,#435,#436,#437));
#79=EDGE_LOOP('',(#438,#439,#440,#441,#442,#443));
#80=EDGE_LOOP('',(#444,#445,#446,#447,#448));
#81=B_SPLINE_CURVE_WITH_KNOTS('',3,(#633,#634,#635,#636),.UNSPECIFIED.,
 .F.,.F.,(4,4),(-41.8879020478639,-41.5541322465995),.UNSPECIFIED.);
#82=B_SPLINE_CURVE_WITH_KNOTS('',3,(#642,#643,#644,#645,#646,#647,#648,
#649,#650,#651,#652,#653,#654,#655,#656,#657,#658,#659,#660,#661,#662,#663,
#664,#665,#666,#667,#668,#669,#670,#671,#672),.UNSPECIFIED.,.F.,.F.,(4,
3,3,3,3,3,3,3,3,3,4),(39.0074657844785,39.4189206295064,39.9178943083609,
40.4168679872154,40.9158416660699,41.4148153449244,41.9137890237789,42.4127627026334,
42.911736381488,43.4107100603425,43.909683739197),.UNSPECIFIED.);
#83=B_SPLINE_CURVE_WITH_KNOTS('',3,(#674,#675,#676,#677,#678,#679,#680,
#681,#682,#683,#684,#685,#686,#687,#688,#689,#690,#691,#692,#693,#694,#695,
#696,#697,#698,#699,#700,#701,#702,#703,#704,#705,#706,#707,#708,#709,#710,
#711,#712,#713,#714,#715,#716),.UNSPECIFIED.,.F.,.F.,(4,3,3,3,3,3,3,3,3,
3,3,3,3,3,4),(-41.5541322465995,-41.4148153449244,-40.9158416660699,-40.4168679872154,
-39.9178943083609,-39.4189206295064,-38.9199469506519,-38.4209732717974,
-37.9219995929428,-37.4230259140883,-36.9240522352338,-36.4250785563793,
-35.9261048775248,-35.4271311986703,-35.2709469394199),.UNSPECIFIED.);
#84=B_SPLINE_CURVE_WITH_KNOTS('',3,(#721,#722,#723,#724,#725,#726,#727,
#728,#729,#730,#731,#732,#733,#734,#735,#736,#737,#738,#739,#740,#741,#742,
#743,#744,#745,#746,#747,#748,#749,#750,#751,#752,#753,#754,#755,#756,#757,
#758,#759,#760,#761,#762,#763),.UNSPECIFIED.,.F.,.F.,(4,3,3,3,3,3,3,3,3,
3,3,3,3,3,4),(32.7242804772989,32.9322628043977,33.4312364832522,33.9302101621068,
34.4291838409613,34.9281575198158,35.4271311986703,35.9261048775248,36.4250785563793,
36.9240522352338,37.4230259140883,37.9219995929429,38.4209732717974,38.9199469506519,
39.0074657844785),.UNSPECIFIED.);
#85=B_SPLINE_CURVE_WITH_KNOTS('',3,(#764,#765,#766,#767,#768,#769,#770,
#771,#772,#773,#774,#775,#776,#777,#778,#779,#780,#781,#782,#783,#784,#785,
#786,#787,#788,#789,#790,#791,#792,#793,#794,#795,#796,#797,#798,#799,#800,
#801,#802,#803),.UNSPECIFIED.,.F.,.F.,(4,3,3,3,3,3,3,3,3,3,3,3,3,4),(-35.2709469394199,
-34.9281575198158,-34.4291838409613,-33.9302101621068,-33.4312364832522,
-32.9322628043977,-32.4332891255432,-31.9343154466887,-31.4353417678342,
-30.9363680889797,-30.4373944101252,-29.9384207312707,-29.4394470524162,
-28.9877616322403),.UNSPECIFIED.);
#86=B_SPLINE_CURVE_WITH_KNOTS('',3,(#808,#809,#810,#811,#812,#813,#814,
#815,#816,#817,#818,#819,#820,#821,#822,#823,#824,#825,#826,#827,#828,#829,
#830,#831,#832,#833,#834,#835,#836,#837,#838,#839,#840,#841,#842,#843,#844,
#845,#846,#847,#848,#849,#850),.UNSPECIFIED.,.F.,.F.,(4,3,3,3,3,3,3,3,3,
3,3,3,3,3,4),(26.4410951701193,26.4456049792891,26.9445786581436,27.4435523369981,
27.9425260158526,28.4414996947071,28.9404733735616,29.4394470524162,29.9384207312707,
30.4373944101252,30.9363680889797,31.4353417678342,31.9343154466887,32.4332891255432,
32.7242804772989),.UNSPECIFIED.);
#87=B_SPLINE_CURVE_WITH_KNOTS('',3,(#851,#852,#853,#854,#855,#856,#857,
#858,#859,#860,#861,#862,#863,#864,#865,#866,#867,#868,#869,#870,#871,#872,
#873,#874,#875,#876,#877,#878,#879,#880,#881,#882,#883,#884,#885,#886,#887,
#888,#889,#890,#891,#892,#893),.UNSPECIFIED.,.F.,.F.,(4,3,3,3,3,3,3,3,3,
3,3,3,3,3,4),(-28.9877616322403,-28.9404733735617,-28.4414996947071,-27.9425260158526,
-27.4435523369981,-26.9445786581436,-26.4456049792891,-25.9466313004346,
-25.4476576215801,-24.9486839427256,-24.449710263871,-23.9507365850165,
-23.451762906162,-22.9527892273075,-22.7045763250607),.UNSPECIFIED.);
#88=B_SPLINE_CURVE_WITH_KNOTS('',3,(#898,#899,#900,#901,#902,#903,#904,
#905,#906,#907,#908,#909,#910,#911,#912,#913,#914,#915,#916,#917,#918,#919,
#920,#921,#922,#923,#924,#925,#926,#927,#928,#929,#930,#931,#932,#933,#934,
#935,#936,#937),.UNSPECIFIED.,.F.,.F.,(4,3,3,3,3,3,3,3,3,3,3,3,3,4),(20.1579098629397,
20.457920833035,20.9568945118895,21.455868190744,21.9548418695985,22.453815548453,
22.9527892273075,23.451762906162,23.9507365850165,24.449710263871,24.9486839427256,
25.4476576215801,25.9466313004346,26.4410951701193),.UNSPECIFIED.);
#89=B_SPLINE_CURVE_WITH_KNOTS('',3,(#938,#939,#940,#941,#942,#943,#944,
#945,#946,#947,#948,#949,#950,#951,#952,#953,#954,#955,#956,#957,#958,#959,
#960,#961,#962,#963,#964,#965,#966,#967,#968,#969,#970,#971,#972,#973,#974,
#975,#976,#977,#978,#979,#980),.UNSPECIFIED.,.F.,.F.,(4,3,3,3,3,3,3,3,3,
3,3,3,3,3,4),(-22.7045763250607,-22.453815548453,-21.9548418695985,-21.455868190744,
-20.9568945118895,-20.457920833035,-19.9589471541804,-19.4599734753259,
-18.9609997964714,-18.4620261176169,-17.9630524387624,-17.4640787599079,
-16.9651050810534,-16.4661314021989,-16.4213910178811),.UNSPECIFIED.);
#90=B_SPLINE_CURVE_WITH_KNOTS('',3,(#985,#986,#987,#988,#989,#990,#991,
#992,#993,#994,#995,#996,#997,#998,#999,#1000,#1001,#1002,#1003,#1004,#1005,
#1006,#1007,#1008,#1009,#1010,#1011,#1012,#1013,#1014,#1015,#1016,#1017,
#1018,#1019,#1020,#1021,#1022,#1023,#1024,#1025,#1026,#1027),
 .UNSPECIFIED.,.F.,.F.,(4,3,3,3,3,3,3,3,3,3,3,3,3,3,4),(13.8747245557601,
13.9712630079263,14.4702366867808,14.9692103656353,15.4681840444898,15.9671577233444,
16.4661314021989,16.9651050810534,17.4640787599079,17.9630524387624,18.4620261176169,
18.9609997964714,19.4599734753259,19.9589471541804,20.1579098629397),
 .UNSPECIFIED.);
#91=B_SPLINE_CURVE_WITH_KNOTS('',3,(#1028,#1029,#1030,#1031,#1032,#1033,
#1034,#1035,#1036,#1037,#1038,#1039,#1040,#1041,#1042,#1043,#1044,#1045,
#1046,#1047,#1048,#1049,#1050,#1051,#1052,#1053,#1054,#1055,#1056,#1057,
#1058,#1059,#1060,#1061,#1062,#1063,#1064,#1065,#1066,#1067),
 .UNSPECIFIED.,.F.,.F.,(4,3,3,3,3,3,3,3,3,3,3,3,3,4),(-16.4213910178811,
-15.9671577233444,-15.4681840444898,-14.9692103656353,-14.4702366867808,
-13.9712630079263,-13.4722893290718,-12.9733156502173,-12.4743419713628,
-11.9753682925083,-11.4763946136538,-10.9774209347992,-10.4784472559447,
-10.1382057107015),.UNSPECIFIED.);
#92=B_SPLINE_CURVE_WITH_KNOTS('',3,(#1073,#1074,#1075,#1076,#1077,#1078,
#1079,#1080,#1081,#1082,#1083,#1084,#1085,#1086,#1087,#1088,#1089,#1090,
#1091,#1092,#1093,#1094,#1095,#1096,#1097),.UNSPECIFIED.,.F.,.F.,(4,3,3,
3,3,3,3,3,4),(-3.85502040352192,-3.49281575198157,-2.99384207312706,-2.49486839427255,
-1.99589471541804,-1.49692103656353,-0.99794735770902,-0.498973678854508,
0.),.UNSPECIFIED.);
#93=B_SPLINE_CURVE_WITH_KNOTS('',3,(#1100,#1101,#1102,#1103,#1104,#1105,
#1106,#1107,#1108,#1109,#1110,#1111,#1112,#1113,#1114,#1115,#1116,#1117,
#1118,#1119,#1120,#1121,#1122,#1123,#1124,#1125,#1126,#1127,#1128,#1129,
#1130,#1131,#1132,#1133,#1134,#1135,#1136),.UNSPECIFIED.,.F.,.F.,(4,3,3,
3,3,3,3,3,3,3,3,3,4),(2.02178169133314,2.49486839427255,2.99384207312707,
3.49281575198158,3.99178943083609,4.4907631096906,4.98973678854511,5.48871046739962,
5.98768414625413,6.48665782510864,6.98563150396315,7.48460518281767,7.59153924858053),
 .UNSPECIFIED.);
#94=B_SPLINE_CURVE_WITH_KNOTS('',3,(#1142,#1143,#1144,#1145,#1146,#1147,
#1148,#1149),.UNSPECIFIED.,.F.,.F.,(4,1,1,1,1,4),(53.4070751110265,53.766731888206,
54.2657055670605,54.764679245915,55.2636529247695,55.762626603624),
 .UNSPECIFIED.);
#95=B_SPLINE_CURVE_WITH_KNOTS('',3,(#1152,#1153,#1154,#1155,#1156,#1157,
#1158,#1159,#1160),.UNSPECIFIED.,.F.,.F.,(4,1,1,1,1,1,4),(53.4070751110265,
53.8185299560544,54.3175036349089,54.8164773137634,55.3154509926179,55.8144246714724,
56.2875113744119),.UNSPECIFIED.);
#96=B_SPLINE_CURVE_WITH_KNOTS('',3,(#1165,#1166,#1167,#1168,#1169,#1170,
#1171,#1172,#1173,#1174,#1175,#1176,#1177,#1178,#1179,#1180,#1181),
 .UNSPECIFIED.,.F.,.F.,(4,1,1,1,1,1,1,1,1,1,1,1,1,1,4),(47.1238898038469,
47.2800740630973,47.7790477419518,48.2780214208064,48.7769950996609,49.2759687785154,
49.7749424573699,50.2739161362244,50.7728898150789,51.2718634939334,51.7708371727879,
52.2698108516424,52.7687845304969,53.2677582093515,53.4070751110265),
 .UNSPECIFIED.);
#97=B_SPLINE_CURVE_WITH_KNOTS('',3,(#1182,#1183,#1184,#1185,#1186,#1187,
#1188,#1189,#1190,#1191,#1192,#1193,#1194,#1195,#1196,#1197,#1198),
 .UNSPECIFIED.,.F.,.F.,(4,1,1,1,1,1,1,1,1,1,1,1,1,1,4),(47.1238898038469,
47.3318721309457,47.8308458098002,48.3298194886547,48.8287931675093,49.3277668463638,
49.8267405252183,50.3257142040728,50.8246878829273,51.3236615617818,51.8226352406363,
52.3216089194908,52.8205825983454,53.3195562771999,53.4070751110265),
 .UNSPECIFIED.);
#98=B_SPLINE_CURVE_WITH_KNOTS('',3,(#1203,#1204,#1205,#1206,#1207,#1208,
#1209,#1210,#1211,#1212,#1213,#1214,#1215,#1216,#1217,#1218),
 .UNSPECIFIED.,.F.,.F.,(4,1,1,1,1,1,1,1,1,1,1,1,1,4),(40.8407044966673,
41.2923899168432,41.7913635956977,42.2903372745522,42.7893109534067,43.2882846322612,
43.7872583111157,44.2862319899703,44.7852056688248,45.2841793476793,45.7831530265338,
46.2821267053883,46.7811003842428,47.1238898038469),.UNSPECIFIED.);
#99=B_SPLINE_CURVE_WITH_KNOTS('',3,(#1219,#1220,#1221,#1222,#1223,#1224,
#1225,#1226,#1227,#1228,#1229,#1230,#1231,#1232,#1233,#1234,#1235),
 .UNSPECIFIED.,.F.,.F.,(4,1,1,1,1,1,1,1,1,1,1,1,1,1,4),(40.8407044966673,
40.8452143058371,41.3441879846916,41.8431616635461,42.3421353424006,42.8411090212551,
43.3400827001096,43.8390563789641,44.3380300578187,44.8370037366732,45.3359774155277,
45.8349510943822,46.3339247732367,46.8328984520912,47.1238898038469),
 .UNSPECIFIED.);
#100=B_SPLINE_CURVE_WITH_KNOTS('',3,(#1240,#1241,#1242,#1243,#1244,#1245,
#1246,#1247,#1248,#1249,#1250,#1251,#1252,#1253,#1254,#1255,#1256),
 .UNSPECIFIED.,.F.,.F.,(4,1,1,1,1,1,1,1,1,1,1,1,1,1,4),(34.5575191894877,
34.8057320917345,35.3047057705891,35.8036794494436,36.3026531282981,36.8016268071526,
37.3006004860071,37.7995741648616,38.2985478437161,38.7975215225706,39.2964952014251,
39.7954688802797,40.2944425591342,40.7934162379887,40.8407044966673),
 .UNSPECIFIED.);
#101=B_SPLINE_CURVE_WITH_KNOTS('',3,(#1257,#1258,#1259,#1260,#1261,#1262,
#1263,#1264,#1265,#1266,#1267,#1268,#1269,#1270,#1271,#1272),
 .UNSPECIFIED.,.F.,.F.,(4,1,1,1,1,1,1,1,1,1,1,1,1,4),(34.5575191894877,
34.857530159583,35.3565038384375,35.855477517292,36.3544511961465,36.853424875001,
37.3523985538555,37.85137223271,38.3503459115645,38.849319590419,39.3482932692735,
39.8472669481281,40.3462406269826,40.8407044966673),.UNSPECIFIED.);
#102=B_SPLINE_CURVE_WITH_KNOTS('',3,(#1277,#1278,#1279,#1280,#1281,#1282,
#1283,#1284,#1285,#1286,#1287,#1288,#1289,#1290,#1291,#1292,#1293),
 .UNSPECIFIED.,.F.,.F.,(4,1,1,1,1,1,1,1,1,1,1,1,1,1,4),(28.2743338823081,
28.3190742666259,28.8180479454804,29.3170216243349,29.8159953031894,30.3149689820439,
30.8139426608985,31.312916339753,31.8118900186075,32.310863697462,32.8098373763165,
33.308811055171,33.8077847340255,34.30675841288,34.5575191894877),
 .UNSPECIFIED.);
#103=B_SPLINE_CURVE_WITH_KNOTS('',3,(#1294,#1295,#1296,#1297,#1298,#1299,
#1300,#1301,#1302,#1303,#1304,#1305,#1306,#1307,#1308,#1309,#1310),
 .UNSPECIFIED.,.F.,.F.,(4,1,1,1,1,1,1,1,1,1,1,1,1,1,4),(28.2743338823081,
28.3708723344743,28.8698460133288,29.3688196921833,29.8677933710378,30.3667670498923,
30.8657407287469,31.3647144076014,31.8636880864559,32.3626617653104,32.8616354441649,
33.3606091230194,33.8595828018739,34.3585564807284,34.5575191894877),
 .UNSPECIFIED.);
#104=B_SPLINE_CURVE_WITH_KNOTS('',3,(#1315,#1316,#1317,#1318,#1319,#1320,
#1321,#1322,#1323,#1324,#1325,#1326,#1327,#1328,#1329,#1330),
 .UNSPECIFIED.,.F.,.F.,(4,1,1,1,1,1,1,1,1,1,1,1,1,4),(21.9911485751285,
22.3313901203718,22.8303637992263,23.3293374780808,23.8283111569353,24.3272848357898,
24.8262585146443,25.3252321934988,25.8242058723533,26.3231795512079,26.8221532300624,
27.3211269089169,27.8201005877714,28.2743338823081),.UNSPECIFIED.);
#105=B_SPLINE_CURVE_WITH_KNOTS('',3,(#1331,#1332,#1333,#1334,#1335,#1336,
#1337,#1338,#1339,#1340,#1341,#1342,#1343,#1344,#1345,#1346),
 .UNSPECIFIED.,.F.,.F.,(4,1,1,1,1,1,1,1,1,1,1,1,1,4),(21.9911485751285,
22.3831881882202,22.8821618670747,23.3811355459292,23.8801092247837,24.3790829036382,
24.8780565824927,25.3770302613472,25.8760039402017,26.3749776190563,26.8739512979108,
27.3729249767653,27.8718986556198,28.2743338823081),.UNSPECIFIED.);
#106=B_SPLINE_CURVE_WITH_KNOTS('',3,(#1352,#1353,#1354,#1355,#1356,#1357),
 .UNSPECIFIED.,.F.,.F.,(4,1,1,4),(14.399609326548,14.8985830054025,15.397556684257,
15.7079632679489),.UNSPECIFIED.);
#107=B_SPLINE_CURVE_WITH_KNOTS('',3,(#1360,#1361,#1362,#1363,#1364,#1365,
#1366),.UNSPECIFIED.,.F.,.F.,(4,1,1,1,4),(13.8747245557601,14.3478112586996,
14.8467849375541,15.3457586164086,15.7079632679489),.UNSPECIFIED.);
#108=B_SPLINE_CURVE_WITH_KNOTS('',3,(#1368,#1369,#1370,#1371,#1372,#1373,
#1374,#1375,#1376,#1377,#1378,#1379,#1380,#1381,#1382,#1383,#1384),
 .UNSPECIFIED.,.F.,.F.,(4,1,1,1,1,1,1,1,1,1,1,1,1,1,4),(15.7079632679489,
15.8447322952631,16.3437059741176,16.8426796529721,17.3416533318266,17.8406270106812,
18.3396006895357,18.8385743683902,19.3375480472447,19.8365217260992,20.3354954049537,
20.8344690838082,21.3334427626627,21.8324164415172,21.9911485751285),
 .UNSPECIFIED.);
#109=B_SPLINE_CURVE_WITH_KNOTS('',3,(#1385,#1386,#1387,#1388,#1389,#1390,
#1391,#1392,#1393,#1394,#1395,#1396,#1397,#1398,#1399,#1400,#1401),
 .UNSPECIFIED.,.F.,.F.,(4,1,1,1,1,1,1,1,1,1,1,1,1,1,4),(15.7079632679489,
15.8965303631115,16.395504041966,16.8944777208205,17.3934513996751,17.8924250785296,
18.3913987573841,18.8903724362386,19.3893461150931,19.8883197939476,20.3872934728021,
20.8862671516566,21.3852408305111,21.8842145093657,21.9911485751285),
 .UNSPECIFIED.);
#110=B_SPLINE_CURVE_WITH_KNOTS('',3,(#1766,#1767,#1768,#1769,#1770,#1771,
#1772,#1773,#1774,#1775,#1776,#1777,#1778,#1779,#1780,#1781,#1782,#1783,
#1784,#1785,#1786,#1787,#1788,#1789,#1790,#1791,#1792,#1793,#1794,#1795,
#1796,#1797,#1798,#1799,#1800,#1801,#1802,#1803,#1804,#1805,#1806,#1807,
#1808,#1809,#1810,#1811,#1812,#1813,#1814,#1815,#1816,#1817,#1818,#1819,
#1820,#1821,#1822,#1823,#1824,#1825,#1826,#1827,#1828,#1829,#1830,#1831,
#1832,#1833,#1834,#1835,#1836,#1837,#1838,#1839,#1840,#1841,#1842,#1843,
#1844,#1845,#1846,#1847,#1848,#1849,#1850,#1851,#1852,#1853,#1854,#1855,
#1856,#1857,#1858,#1859,#1860,#1861,#1862,#1863,#1864,#1865,#1866,#1867,
#1868,#1869,#1870,#1871,#1872,#1873,#1874),.UNSPECIFIED.,.F.,.F.,(4,3,3,
3,3,3,3,3,3,3,3,3,3,3,3,3,3,3,3,3,3,3,3,3,3,3,3,3,3,3,3,3,3,3,3,3,4),(0.,
0.0441186665118405,0.0885891999244265,0.132708953604795,0.176247662972285,
0.192235047911156,0.199469092961706,0.242718554213524,0.250992849093412,
0.294408925986191,0.337714166039068,0.376294440217212,0.383993861130025,
0.389272310382257,0.431571289778426,0.473497292122122,0.492035262751645,
0.534277622413817,0.557860174379884,0.566950637539294,0.571828741295491,
0.613088814043921,0.654215333694825,0.694595632471429,0.722938038142358,
0.736820944568081,0.74372260015659,0.749165195237109,0.789597831176685,
0.828008597209336,0.843198548934331,0.850701903204195,0.857628337434075,
0.897196435524786,0.936121128712041,0.943240895307288,0.9543820971391),
 .UNSPECIFIED.);
#111=B_SPLINE_CURVE_WITH_KNOTS('',3,(#1875,#1876,#1877,#1878,#1879,#1880,
#1881,#1882,#1883,#1884,#1885,#1886,#1887,#1888,#1889,#1890,#1891,#1892,
#1893,#1894,#1895,#1896,#1897,#1898,#1899,#1900,#1901,#1902,#1903,#1904,
#1905,#1906,#1907,#1908,#1909,#1910,#1911,#1912,#1913,#1914,#1915,#1916,
#1917,#1918,#1919,#1920,#1921,#1922,#1923,#1924,#1925,#1926,#1927,#1928,
#1929,#1930,#1931,#1932,#1933,#1934,#1935,#1936,#1937,#1938,#1939,#1940,
#1941,#1942,#1943,#1944,#1945,#1946,#1947,#1948,#1949,#1950,#1951,#1952,
#1953,#1954,#1955,#1956,#1957,#1958,#1959,#1960,#1961,#1962,#1963,#1964,
#1965,#1966,#1967,#1968,#1969,#1970,#1971,#1972,#1973,#1974,#1975,#1976,
#1977,#1978,#1979,#1980,#1981,#1982,#1983),.UNSPECIFIED.,.F.,.F.,(4,3,3,
3,3,3,3,3,3,3,3,3,3,3,3,3,3,3,3,3,3,3,3,3,3,3,3,3,3,3,3,3,3,3,3,3,4),(0.,
0.0384950064947304,0.0777034785744529,0.11748037742671,0.157167269823234,
0.164871900109363,0.172525951153514,0.213162838445354,0.219371561572454,
0.259589116912112,0.300295219137468,0.337450223502731,0.343456330179182,
0.348874552521043,0.39036146653986,0.432307419059197,0.44891523659852,0.490638477358286,
0.515366384066419,0.524542455328595,0.530140762107933,0.572622393811925,
0.615523709771549,0.658447482882893,0.688461731023351,0.704056638938847,
0.710728563834391,0.71692051301146,0.760092440144407,0.804466213581514,
0.82162962163486,0.82936308774687,0.837170018868124,0.881586092517829,0.926088497859379,
0.937587533892838,0.950777871811553),.UNSPECIFIED.);
#112=B_SPLINE_CURVE_WITH_KNOTS('',3,(#1984,#1985,#1986,#1987,#1988,#1989,
#1990,#1991,#1992,#1993,#1994,#1995,#1996,#1997,#1998,#1999,#2000,#2001,
#2002,#2003,#2004,#2005,#2006,#2007,#2008,#2009,#2010,#2011,#2012,#2013,
#2014,#2015,#2016,#2017,#2018,#2019,#2020,#2021,#2022,#2023,#2024,#2025,
#2026),.UNSPECIFIED.,.F.,.F.,(4,3,3,3,3,3,3,3,3,3,3,3,3,3,4),(-10.1382057107015,
-9.97947357709022,-9.48049989823571,-8.9815262193812,-8.48255254052669,
-7.98357886167218,-7.48460518281767,-6.98563150396316,-6.48665782510864,
-5.98768414625413,-5.48871046739962,-4.98973678854511,-4.4907631096906,
-3.99178943083609,-3.85502040352192),.UNSPECIFIED.);
#113=B_SPLINE_CURVE_WITH_KNOTS('',3,(#2391,#2392,#2393,#2394,#2395,#2396,
#2397,#2398,#2399,#2400,#2401,#2402,#2403,#2404,#2405,#2406,#2407,#2408,
#2409,#2410,#2411,#2412,#2413,#2414,#2415,#2416,#2417,#2418,#2419,#2420,
#2421,#2422,#2423,#2424,#2425,#2426,#2427,#2428,#2429,#2430,#2431,#2432,
#2433,#2434,#2435,#2436,#2437,#2438,#2439,#2440,#2441,#2442,#2443,#2444,
#2445,#2446,#2447,#2448,#2449,#2450,#2451,#2452,#2453,#2454,#2455,#2456,
#2457,#2458,#2459,#2460,#2461,#2462,#2463,#2464,#2465,#2466,#2467,#2468,
#2469,#2470,#2471,#2472,#2473,#2474,#2475,#2476,#2477,#2478,#2479,#2480,
#2481,#2482,#2483,#2484,#2485,#2486,#2487,#2488,#2489,#2490,#2491,#2492,
#2493,#2494,#2495,#2496,#2497,#2498,#2499),.UNSPECIFIED.,.F.,.F.,(4,3,3,
3,3,3,3,3,3,3,3,3,3,3,3,3,3,3,3,3,3,3,3,3,3,3,3,3,3,3,3,3,3,3,3,3,4),(0.,
0.0384950038219687,0.0777034737807873,0.117480372071779,0.15716726497108,
0.164871893725514,0.172525952027097,0.213162838005891,0.219371561572428,
0.259589118528956,0.300295221748214,0.337450225460781,0.343456330552288,
0.348874552598722,0.390361467973614,0.432307420937656,0.448915236598482,
0.490638477070261,0.515366383814381,0.52454245566594,0.530140762196649,
0.57262239348125,0.61552370919958,0.65844748227678,0.68846173102322,0.704056638946479,
0.710728563762585,0.716920512916756,0.760092440065369,0.804466213522197,
0.821629621567387,0.829363087637714,0.837170018862501,0.881586092501049,
0.926088497840545,0.937587533892682,0.950777871811395),.UNSPECIFIED.);
#114=B_SPLINE_CURVE_WITH_KNOTS('',3,(#2500,#2501,#2502,#2503,#2504,#2505,
#2506,#2507,#2508,#2509,#2510,#2511,#2512,#2513,#2514,#2515,#2516,#2517,
#2518,#2519,#2520,#2521,#2522,#2523,#2524,#2525,#2526,#2527,#2528,#2529,
#2530,#2531,#2532,#2533,#2534,#2535,#2536,#2537,#2538,#2539),
 .UNSPECIFIED.,.F.,.F.,(4,3,3,3,3,3,3,3,3,3,3,3,3,4),(7.59153924858053,
7.98357886167218,8.48255254052669,8.9815262193812,9.48049989823571,9.97947357709022,
10.4784472559447,10.9774209347992,11.4763946136538,11.9753682925083,12.4743419713628,
12.9733156502173,13.4722893290718,13.8747245557601),.UNSPECIFIED.);
#115=B_SPLINE_CURVE_WITH_KNOTS('',3,(#2540,#2541,#2542,#2543,#2544,#2545,
#2546,#2547,#2548,#2549,#2550,#2551,#2552,#2553,#2554,#2555,#2556,#2557,
#2558,#2559,#2560,#2561,#2562,#2563,#2564,#2565,#2566,#2567,#2568,#2569,
#2570,#2571,#2572,#2573,#2574,#2575,#2576,#2577,#2578,#2579,#2580,#2581,
#2582,#2583,#2584,#2585,#2586,#2587,#2588,#2589,#2590,#2591,#2592,#2593,
#2594,#2595,#2596,#2597,#2598,#2599,#2600,#2601,#2602,#2603,#2604,#2605,
#2606,#2607,#2608,#2609,#2610,#2611,#2612,#2613,#2614,#2615,#2616,#2617,
#2618,#2619,#2620,#2621,#2622,#2623,#2624,#2625,#2626,#2627,#2628,#2629,
#2630,#2631,#2632,#2633,#2634,#2635,#2636,#2637,#2638,#2639,#2640,#2641,
#2642,#2643,#2644,#2645,#2646,#2647,#2648),.UNSPECIFIED.,.F.,.F.,(4,3,3,
3,3,3,3,3,3,3,3,3,3,3,3,3,3,3,3,3,3,3,3,3,3,3,3,3,3,3,3,3,3,3,3,3,4),(0.,
0.0441186648216305,0.0885891978107218,0.132708952611249,0.176247663494472,
0.192235050062396,0.199469093111985,0.242718555014786,0.25099284909345,
0.294408926386015,0.337714166368815,0.376294440464537,0.38399386320062,
0.389272314300929,0.43157129379918,0.473497295896103,0.492035262751702,
0.534277622387615,0.557860174356962,0.566950637586443,0.571828741394396,
0.61308881410596,0.654215333721411,0.694595632328897,0.722938038142396,
0.736820944576856,0.743722600215954,0.749165195122877,0.7895978310258,0.828008597096177,
0.84319854879714,0.850701903007539,0.857628337401178,0.897196435553205,
0.936121128906441,0.943240895307308,0.954382097139121),.UNSPECIFIED.);
#116=CIRCLE('',#506,4.263);
#117=CIRCLE('',#508,4.263);
#118=CIRCLE('',#514,4.263);
#119=CIRCLE('',#516,5.09900000000002);
#120=CIRCLE('',#523,5.09900000000002);
#121=LINE('',#630,#153);
#122=LINE('',#640,#154);
#123=LINE('',#720,#155);
#124=LINE('',#807,#156);
#125=LINE('',#897,#157);
#126=LINE('',#984,#158);
#127=LINE('',#1071,#159);
#128=LINE('',#1140,#160);
#129=LINE('',#1164,#161);
#130=LINE('',#1202,#162);
#131=LINE('',#1239,#163);
#132=LINE('',#1276,#164);
#133=LINE('',#1314,#165);
#134=LINE('',#1350,#166);
#135=LINE('',#2652,#167);
#136=LINE('',#2654,#168);
#137=LINE('',#2656,#169);
#138=LINE('',#2658,#170);
#139=LINE('',#2660,#171);
#140=LINE('',#2661,#172);
#141=LINE('',#2666,#173);
#142=LINE('',#2667,#174);
#143=LINE('',#2668,#175);
#144=LINE('',#2671,#176);
#145=LINE('',#2672,#177);
#146=LINE('',#2675,#178);
#147=LINE('',#2676,#179);
#148=LINE('',#2679,#180);
#149=LINE('',#2680,#181);
#150=LINE('',#2683,#182);
#151=LINE('',#2684,#183);
#152=LINE('',#2686,#184);
#153=VECTOR('',#538,5.);
#154=VECTOR('',#543,5.);
#155=VECTOR('',#548,5.);
#156=VECTOR('',#551,5.);
#157=VECTOR('',#554,5.);
#158=VECTOR('',#557,5.);
#159=VECTOR('',#560,5.);
#160=VECTOR('',#565,5.09900000000002);
#161=VECTOR('',#570,5.09900000000002);
#162=VECTOR('',#573,5.09900000000002);
#163=VECTOR('',#576,5.09900000000002);
#164=VECTOR('',#579,5.09900000000002);
#165=VECTOR('',#582,5.09900000000002);
#166=VECTOR('',#585,5.09900000000002);
#167=VECTOR('',#592,10.);
#168=VECTOR('',#593,10.);
#169=VECTOR('',#594,10.);
#170=VECTOR('',#595,10.);
#171=VECTOR('',#596,10.);
#172=VECTOR('',#597,10.);
#173=VECTOR('',#602,10.);
#174=VECTOR('',#603,10.);
#175=VECTOR('',#604,10.);
#176=VECTOR('',#607,10.);
#177=VECTOR('',#608,10.);
#178=VECTOR('',#611,10.);
#179=VECTOR('',#612,10.);
#180=VECTOR('',#615,10.);
#181=VECTOR('',#616,10.);
#182=VECTOR('',#619,10.);
#183=VECTOR('',#620,10.);
#184=VECTOR('',#623,10.);
#185=VERTEX_POINT('',#628);
#186=VERTEX_POINT('',#629);
#187=VERTEX_POINT('',#631);
#188=VERTEX_POINT('',#638);
#189=VERTEX_POINT('',#639);
#190=VERTEX_POINT('',#641);
#191=VERTEX_POINT('',#718);
#192=VERTEX_POINT('',#719);
#193=VERTEX_POINT('',#805);
#194=VERTEX_POINT('',#806);
#195=VERTEX_POINT('',#895);
#196=VERTEX_POINT('',#896);
#197=VERTEX_POINT('',#982);
#198=VERTEX_POINT('',#983);
#199=VERTEX_POINT('',#1069);
#200=VERTEX_POINT('',#1070);
#201=VERTEX_POINT('',#1072);
#202=VERTEX_POINT('',#1098);
#203=VERTEX_POINT('',#1138);
#204=VERTEX_POINT('',#1139);
#205=VERTEX_POINT('',#1141);
#206=VERTEX_POINT('',#1150);
#207=VERTEX_POINT('',#1162);
#208=VERTEX_POINT('',#1163);
#209=VERTEX_POINT('',#1200);
#210=VERTEX_POINT('',#1201);
#211=VERTEX_POINT('',#1237);
#212=VERTEX_POINT('',#1238);
#213=VERTEX_POINT('',#1274);
#214=VERTEX_POINT('',#1275);
#215=VERTEX_POINT('',#1312);
#216=VERTEX_POINT('',#1313);
#217=VERTEX_POINT('',#1348);
#218=VERTEX_POINT('',#1349);
#219=VERTEX_POINT('',#1351);
#220=VERTEX_POINT('',#1358);
#221=VERTEX_POINT('',#2650);
#222=VERTEX_POINT('',#2651);
#223=VERTEX_POINT('',#2653);
#224=VERTEX_POINT('',#2655);
#225=VERTEX_POINT('',#2657);
#226=VERTEX_POINT('',#2659);
#227=VERTEX_POINT('',#2664);
#228=VERTEX_POINT('',#2665);
#229=VERTEX_POINT('',#2670);
#230=VERTEX_POINT('',#2674);
#231=VERTEX_POINT('',#2678);
#232=VERTEX_POINT('',#2682);
#233=EDGE_CURVE('',#185,#186,#121,.T.);
#234=EDGE_CURVE('',#187,#186,#116,.F.);
#235=EDGE_CURVE('',#187,#185,#81,.T.);
#236=EDGE_CURVE('',#188,#189,#122,.T.);
#237=EDGE_CURVE('',#189,#190,#82,.T.);
#238=EDGE_CURVE('',#186,#190,#117,.F.);
#239=EDGE_CURVE('',#185,#188,#83,.T.);
#240=EDGE_CURVE('',#191,#192,#123,.T.);
#241=EDGE_CURVE('',#192,#189,#84,.T.);
#242=EDGE_CURVE('',#188,#191,#85,.T.);
#243=EDGE_CURVE('',#193,#194,#124,.T.);
#244=EDGE_CURVE('',#194,#192,#86,.T.);
#245=EDGE_CURVE('',#191,#193,#87,.T.);
#246=EDGE_CURVE('',#195,#196,#125,.T.);
#247=EDGE_CURVE('',#196,#194,#88,.T.);
#248=EDGE_CURVE('',#193,#195,#89,.T.);
#249=EDGE_CURVE('',#197,#198,#126,.T.);
#250=EDGE_CURVE('',#198,#196,#90,.T.);
#251=EDGE_CURVE('',#195,#197,#91,.T.);
#252=EDGE_CURVE('',#199,#200,#127,.T.);
#253=EDGE_CURVE('',#199,#201,#92,.T.);
#254=EDGE_CURVE('',#202,#201,#118,.T.);
#255=EDGE_CURVE('',#202,#200,#93,.T.);
#256=EDGE_CURVE('',#203,#204,#128,.T.);
#257=EDGE_CURVE('',#204,#205,#94,.T.);
#258=EDGE_CURVE('',#206,#205,#119,.T.);
#259=EDGE_CURVE('',#203,#206,#95,.T.);
#260=EDGE_CURVE('',#207,#208,#129,.T.);
#261=EDGE_CURVE('',#208,#204,#96,.T.);
#262=EDGE_CURVE('',#207,#203,#97,.T.);
#263=EDGE_CURVE('',#209,#210,#130,.T.);
#264=EDGE_CURVE('',#210,#208,#98,.T.);
#265=EDGE_CURVE('',#209,#207,#99,.T.);
#266=EDGE_CURVE('',#211,#212,#131,.T.);
#267=EDGE_CURVE('',#212,#210,#100,.T.);
#268=EDGE_CURVE('',#211,#209,#101,.T.);
#269=EDGE_CURVE('',#213,#214,#132,.T.);
#270=EDGE_CURVE('',#214,#212,#102,.T.);
#271=EDGE_CURVE('',#213,#211,#103,.T.);
#272=EDGE_CURVE('',#215,#216,#133,.T.);
#273=EDGE_CURVE('',#216,#214,#104,.T.);
#274=EDGE_CURVE('',#215,#213,#105,.T.);
#275=EDGE_CURVE('',#217,#218,#134,.T.);
#276=EDGE_CURVE('',#219,#217,#106,.T.);
#277=EDGE_CURVE('',#220,#219,#120,.T.);
#278=EDGE_CURVE('',#220,#218,#107,.T.);
#279=EDGE_CURVE('',#218,#216,#108,.T.);
#280=EDGE_CURVE('',#217,#215,#109,.T.);
#281=EDGE_CURVE('',#205,#187,#110,.T.);
#282=EDGE_CURVE('',#201,#220,#111,.T.);
#283=EDGE_CURVE('',#197,#199,#112,.T.);
#284=EDGE_CURVE('',#190,#206,#113,.T.);
#285=EDGE_CURVE('',#200,#198,#114,.T.);
#286=EDGE_CURVE('',#219,#202,#115,.T.);
#287=EDGE_CURVE('',#221,#222,#135,.T.);
#288=EDGE_CURVE('',#222,#223,#136,.T.);
#289=EDGE_CURVE('',#223,#224,#137,.T.);
#290=EDGE_CURVE('',#224,#225,#138,.T.);
#291=EDGE_CURVE('',#225,#226,#139,.T.);
#292=EDGE_CURVE('',#226,#221,#140,.T.);
#293=EDGE_CURVE('',#227,#228,#141,.T.);
#294=EDGE_CURVE('',#228,#221,#142,.T.);
#295=EDGE_CURVE('',#227,#226,#143,.T.);
#296=EDGE_CURVE('',#229,#227,#144,.T.);
#297=EDGE_CURVE('',#229,#225,#145,.T.);
#298=EDGE_CURVE('',#230,#229,#146,.T.);
#299=EDGE_CURVE('',#230,#224,#147,.T.);
#300=EDGE_CURVE('',#231,#230,#148,.T.);
#301=EDGE_CURVE('',#231,#223,#149,.T.);
#302=EDGE_CURVE('',#232,#231,#150,.T.);
#303=EDGE_CURVE('',#232,#222,#151,.T.);
#304=EDGE_CURVE('',#228,#232,#152,.T.);
#305=ORIENTED_EDGE('',*,*,#233,.T.);
#306=ORIENTED_EDGE('',*,*,#234,.F.);
#307=ORIENTED_EDGE('',*,*,#235,.T.);
#308=ORIENTED_EDGE('',*,*,#236,.T.);
#309=ORIENTED_EDGE('',*,*,#237,.T.);
#310=ORIENTED_EDGE('',*,*,#238,.F.);
#311=ORIENTED_EDGE('',*,*,#233,.F.);
#312=ORIENTED_EDGE('',*,*,#239,.T.);
#313=ORIENTED_EDGE('',*,*,#240,.T.);
#314=ORIENTED_EDGE('',*,*,#241,.T.);
#315=ORIENTED_EDGE('',*,*,#236,.F.);
#316=ORIENTED_EDGE('',*,*,#242,.T.);
#317=ORIENTED_EDGE('',*,*,#243,.T.);
#318=ORIENTED_EDGE('',*,*,#244,.T.);
#319=ORIENTED_EDGE('',*,*,#240,.F.);
#320=ORIENTED_EDGE('',*,*,#245,.T.);
#321=ORIENTED_EDGE('',*,*,#246,.T.);
#322=ORIENTED_EDGE('',*,*,#247,.T.);
#323=ORIENTED_EDGE('',*,*,#243,.F.);
#324=ORIENTED_EDGE('',*,*,#248,.T.);
#325=ORIENTED_EDGE('',*,*,#249,.T.);
#326=ORIENTED_EDGE('',*,*,#250,.T.);
#327=ORIENTED_EDGE('',*,*,#246,.F.);
#328=ORIENTED_EDGE('',*,*,#251,.T.);
#329=ORIENTED_EDGE('',*,*,#252,.F.);
#330=ORIENTED_EDGE('',*,*,#253,.T.);
#331=ORIENTED_EDGE('',*,*,#254,.F.);
#332=ORIENTED_EDGE('',*,*,#255,.T.);
#333=ORIENTED_EDGE('',*,*,#256,.T.);
#334=ORIENTED_EDGE('',*,*,#257,.T.);
#335=ORIENTED_EDGE('',*,*,#258,.F.);
#336=ORIENTED_EDGE('',*,*,#259,.F.);
#337=ORIENTED_EDGE('',*,*,#260,.T.);
#338=ORIENTED_EDGE('',*,*,#261,.T.);
#339=ORIENTED_EDGE('',*,*,#256,.F.);
#340=ORIENTED_EDGE('',*,*,#262,.F.);
#341=ORIENTED_EDGE('',*,*,#263,.T.);
#342=ORIENTED_EDGE('',*,*,#264,.T.);
#343=ORIENTED_EDGE('',*,*,#260,.F.);
#344=ORIENTED_EDGE('',*,*,#265,.F.);
#345=ORIENTED_EDGE('',*,*,#266,.T.);
#346=ORIENTED_EDGE('',*,*,#267,.T.);
#347=ORIENTED_EDGE('',*,*,#263,.F.);
#348=ORIENTED_EDGE('',*,*,#268,.F.);
#349=ORIENTED_EDGE('',*,*,#269,.T.);
#350=ORIENTED_EDGE('',*,*,#270,.T.);
#351=ORIENTED_EDGE('',*,*,#266,.F.);
#352=ORIENTED_EDGE('',*,*,#271,.F.);
#353=ORIENTED_EDGE('',*,*,#272,.T.);
#354=ORIENTED_EDGE('',*,*,#273,.T.);
#355=ORIENTED_EDGE('',*,*,#269,.F.);
#356=ORIENTED_EDGE('',*,*,#274,.F.);
#357=ORIENTED_EDGE('',*,*,#275,.F.);
#358=ORIENTED_EDGE('',*,*,#276,.F.);
#359=ORIENTED_EDGE('',*,*,#277,.F.);
#360=ORIENTED_EDGE('',*,*,#278,.T.);
#361=ORIENTED_EDGE('',*,*,#275,.T.);
#362=ORIENTED_EDGE('',*,*,#279,.T.);
#363=ORIENTED_EDGE('',*,*,#272,.F.);
#364=ORIENTED_EDGE('',*,*,#280,.F.);
#365=ORIENTED_EDGE('',*,*,#281,.F.);
#366=ORIENTED_EDGE('',*,*,#257,.F.);
#367=ORIENTED_EDGE('',*,*,#261,.F.);
#368=ORIENTED_EDGE('',*,*,#264,.F.);
#369=ORIENTED_EDGE('',*,*,#267,.F.);
#370=ORIENTED_EDGE('',*,*,#270,.F.);
#371=ORIENTED_EDGE('',*,*,#273,.F.);
#372=ORIENTED_EDGE('',*,*,#279,.F.);
#373=ORIENTED_EDGE('',*,*,#278,.F.);
#374=ORIENTED_EDGE('',*,*,#282,.F.);
#375=ORIENTED_EDGE('',*,*,#253,.F.);
#376=ORIENTED_EDGE('',*,*,#283,.F.);
#377=ORIENTED_EDGE('',*,*,#251,.F.);
#378=ORIENTED_EDGE('',*,*,#248,.F.);
#379=ORIENTED_EDGE('',*,*,#245,.F.);
#380=ORIENTED_EDGE('',*,*,#242,.F.);
#381=ORIENTED_EDGE('',*,*,#239,.F.);
#382=ORIENTED_EDGE('',*,*,#235,.F.);
#383=ORIENTED_EDGE('',*,*,#284,.F.);
#384=ORIENTED_EDGE('',*,*,#237,.F.);
#385=ORIENTED_EDGE('',*,*,#241,.F.);
#386=ORIENTED_EDGE('',*,*,#244,.F.);
#387=ORIENTED_EDGE('',*,*,#247,.F.);
#388=ORIENTED_EDGE('',*,*,#250,.F.);
#389=ORIENTED_EDGE('',*,*,#285,.F.);
#390=ORIENTED_EDGE('',*,*,#255,.F.);
#391=ORIENTED_EDGE('',*,*,#286,.F.);
#392=ORIENTED_EDGE('',*,*,#276,.T.);
#393=ORIENTED_EDGE('',*,*,#280,.T.);
#394=ORIENTED_EDGE('',*,*,#274,.T.);
#395=ORIENTED_EDGE('',*,*,#271,.T.);
#396=ORIENTED_EDGE('',*,*,#268,.T.);
#397=ORIENTED_EDGE('',*,*,#265,.T.);
#398=ORIENTED_EDGE('',*,*,#262,.T.);
#399=ORIENTED_EDGE('',*,*,#259,.T.);
#400=ORIENTED_EDGE('',*,*,#287,.T.);
#401=ORIENTED_EDGE('',*,*,#288,.T.);
#402=ORIENTED_EDGE('',*,*,#289,.T.);
#403=ORIENTED_EDGE('',*,*,#290,.T.);
#404=ORIENTED_EDGE('',*,*,#291,.T.);
#405=ORIENTED_EDGE('',*,*,#292,.T.);
#406=ORIENTED_EDGE('',*,*,#282,.T.);
#407=ORIENTED_EDGE('',*,*,#277,.T.);
#408=ORIENTED_EDGE('',*,*,#286,.T.);
#409=ORIENTED_EDGE('',*,*,#254,.T.);
#410=ORIENTED_EDGE('',*,*,#252,.T.);
#411=ORIENTED_EDGE('',*,*,#285,.T.);
#412=ORIENTED_EDGE('',*,*,#249,.F.);
#413=ORIENTED_EDGE('',*,*,#283,.T.);
#414=ORIENTED_EDGE('',*,*,#293,.T.);
#415=ORIENTED_EDGE('',*,*,#294,.T.);
#416=ORIENTED_EDGE('',*,*,#292,.F.);
#417=ORIENTED_EDGE('',*,*,#295,.F.);
#418=ORIENTED_EDGE('',*,*,#296,.T.);
#419=ORIENTED_EDGE('',*,*,#295,.T.);
#420=ORIENTED_EDGE('',*,*,#291,.F.);
#421=ORIENTED_EDGE('',*,*,#297,.F.);
#422=ORIENTED_EDGE('',*,*,#298,.T.);
#423=ORIENTED_EDGE('',*,*,#297,.T.);
#424=ORIENTED_EDGE('',*,*,#290,.F.);
#425=ORIENTED_EDGE('',*,*,#299,.F.);
#426=ORIENTED_EDGE('',*,*,#300,.T.);
#427=ORIENTED_EDGE('',*,*,#299,.T.);
#428=ORIENTED_EDGE('',*,*,#289,.F.);
#429=ORIENTED_EDGE('',*,*,#301,.F.);
#430=ORIENTED_EDGE('',*,*,#302,.T.);
#431=ORIENTED_EDGE('',*,*,#301,.T.);
#432=ORIENTED_EDGE('',*,*,#288,.F.);
#433=ORIENTED_EDGE('',*,*,#303,.F.);
#434=ORIENTED_EDGE('',*,*,#304,.T.);
#435=ORIENTED_EDGE('',*,*,#303,.T.);
#436=ORIENTED_EDGE('',*,*,#287,.F.);
#437=ORIENTED_EDGE('',*,*,#294,.F.);
#438=ORIENTED_EDGE('',*,*,#304,.F.);
#439=ORIENTED_EDGE('',*,*,#293,.F.);
#440=ORIENTED_EDGE('',*,*,#296,.F.);
#441=ORIENTED_EDGE('',*,*,#298,.F.);
#442=ORIENTED_EDGE('',*,*,#300,.F.);
#443=ORIENTED_EDGE('',*,*,#302,.F.);
#444=ORIENTED_EDGE('',*,*,#281,.T.);
#445=ORIENTED_EDGE('',*,*,#234,.T.);
#446=ORIENTED_EDGE('',*,*,#238,.T.);
#447=ORIENTED_EDGE('',*,*,#284,.T.);
#448=ORIENTED_EDGE('',*,*,#258,.T.);
#449=CYLINDRICAL_SURFACE('',#505,4.263);
#450=CYLINDRICAL_SURFACE('',#507,4.263);
#451=CYLINDRICAL_SURFACE('',#509,4.263);
#452=CYLINDRICAL_SURFACE('',#510,4.263);
#453=CYLINDRICAL_SURFACE('',#511,4.263);
#454=CYLINDRICAL_SURFACE('',#512,4.263);
#455=CYLINDRICAL_SURFACE('',#513,4.263);
#456=CYLINDRICAL_SURFACE('',#515,5.09900000000002);
#457=CYLINDRICAL_SURFACE('',#517,5.09900000000002);
#458=CYLINDRICAL_SURFACE('',#518,5.09900000000002);
#459=CYLINDRICAL_SURFACE('',#519,5.09900000000002);
#460=CYLINDRICAL_SURFACE('',#520,5.09900000000002);
#461=CYLINDRICAL_SURFACE('',#521,5.09900000000002);
#462=CYLINDRICAL_SURFACE('',#522,5.09900000000002);
#463=CYLINDRICAL_SURFACE('',#524,5.09900000000002);
#464=CYLINDRICAL_SURFACE('',#526,4.263);
#465=ADVANCED_FACE('',(#27),#449,.F.);
#466=ADVANCED_FACE('',(#28),#450,.F.);
#467=ADVANCED_FACE('',(#29),#451,.F.);
#468=ADVANCED_FACE('',(#30),#452,.F.);
#469=ADVANCED_FACE('',(#31),#453,.F.);
#470=ADVANCED_FACE('',(#32),#454,.F.);
#471=ADVANCED_FACE('',(#33),#455,.F.);
#472=ADVANCED_FACE('',(#34),#456,.F.);
#473=ADVANCED_FACE('',(#35),#457,.F.);
#474=ADVANCED_FACE('',(#36),#458,.F.);
#475=ADVANCED_FACE('',(#37),#459,.F.);
#476=ADVANCED_FACE('',(#38),#460,.F.);
#477=ADVANCED_FACE('',(#39),#461,.F.);
#478=ADVANCED_FACE('',(#40),#462,.F.);
#479=ADVANCED_FACE('',(#41),#463,.F.);
#480=ADVANCED_FACE('',(#42),#25,.F.);
#481=ADVANCED_FACE('',(#43),#26,.F.);
#482=ADVANCED_FACE('',(#44,#15),#17,.T.);
#483=ADVANCED_FACE('',(#45),#464,.F.);
#484=ADVANCED_FACE('',(#46),#18,.T.);
#485=ADVANCED_FACE('',(#47),#19,.T.);
#486=ADVANCED_FACE('',(#48),#20,.T.);
#487=ADVANCED_FACE('',(#49),#21,.T.);
#488=ADVANCED_FACE('',(#50),#22,.T.);
#489=ADVANCED_FACE('',(#51),#23,.T.);
#490=ADVANCED_FACE('',(#52,#16),#24,.F.);
#491=CLOSED_SHELL('',(#465,#466,#467,#468,#469,#470,#471,#472,#473,#474,
#475,#476,#477,#478,#479,#480,#481,#482,#483,#484,#485,#486,#487,#488,#489,
#490));
#492=DERIVED_UNIT_ELEMENT(#494,1.);
#493=DERIVED_UNIT_ELEMENT(#2693,-3.);
#494=(
MASS_UNIT()
NAMED_UNIT(*)
SI_UNIT(.KILO.,.GRAM.)
);
#495=DERIVED_UNIT((#492,#493));
#496=MEASURE_REPRESENTATION_ITEM('density measure',
POSITIVE_RATIO_MEASURE(7850.),#495);
#497=PROPERTY_DEFINITION_REPRESENTATION(#502,#499);
#498=PROPERTY_DEFINITION_REPRESENTATION(#503,#500);
#499=REPRESENTATION('material name',(#501),#2690);
#500=REPRESENTATION('density',(#496),#2690);
#501=DESCRIPTIVE_REPRESENTATION_ITEM('Steel','Steel');
#502=PROPERTY_DEFINITION('material property','material name',#2700);
#503=PROPERTY_DEFINITION('material property','density of part',#2700);
#504=AXIS2_PLACEMENT_3D('',#626,#534,#535);
#505=AXIS2_PLACEMENT_3D('',#627,#536,#537);
#506=AXIS2_PLACEMENT_3D('',#632,#539,#540);
#507=AXIS2_PLACEMENT_3D('',#637,#541,#542);
#508=AXIS2_PLACEMENT_3D('',#673,#544,#545);
#509=AXIS2_PLACEMENT_3D('',#717,#546,#547);
#510=AXIS2_PLACEMENT_3D('',#804,#549,#550);
#511=AXIS2_PLACEMENT_3D('',#894,#552,#553);
#512=AXIS2_PLACEMENT_3D('',#981,#555,#556);
#513=AXIS2_PLACEMENT_3D('',#1068,#558,#559);
#514=AXIS2_PLACEMENT_3D('',#1099,#561,#562);
#515=AXIS2_PLACEMENT_3D('',#1137,#563,#564);
#516=AXIS2_PLACEMENT_3D('',#1151,#566,#567);
#517=AXIS2_PLACEMENT_3D('',#1161,#568,#569);
#518=AXIS2_PLACEMENT_3D('',#1199,#571,#572);
#519=AXIS2_PLACEMENT_3D('',#1236,#574,#575);
#520=AXIS2_PLACEMENT_3D('',#1273,#577,#578);
#521=AXIS2_PLACEMENT_3D('',#1311,#580,#581);
#522=AXIS2_PLACEMENT_3D('',#1347,#583,#584);
#523=AXIS2_PLACEMENT_3D('',#1359,#586,#587);
#524=AXIS2_PLACEMENT_3D('',#1367,#588,#589);
#525=AXIS2_PLACEMENT_3D('',#2649,#590,#591);
#526=AXIS2_PLACEMENT_3D('',#2662,#598,#599);
#527=AXIS2_PLACEMENT_3D('',#2663,#600,#601);
#528=AXIS2_PLACEMENT_3D('',#2669,#605,#606);
#529=AXIS2_PLACEMENT_3D('',#2673,#609,#610);
#530=AXIS2_PLACEMENT_3D('',#2677,#613,#614);
#531=AXIS2_PLACEMENT_3D('',#2681,#617,#618);
#532=AXIS2_PLACEMENT_3D('',#2685,#621,#622);
#533=AXIS2_PLACEMENT_3D('',#2687,#624,#625);
#534=DIRECTION('axis',(0.,0.,1.));
#535=DIRECTION('refdir',(1.,0.,0.));
#536=DIRECTION('center_axis',(0.,0.,-1.));
#537=DIRECTION('ref_axis',(0.986108403140128,-0.166103032050673,0.));
#538=DIRECTION('',(0.,0.,-1.));
#539=DIRECTION('center_axis',(0.,0.,-1.));
#540=DIRECTION('ref_axis',(-1.,0.,0.));
#541=DIRECTION('center_axis',(0.,0.,-1.));
#542=DIRECTION('ref_axis',(-1.,0.,0.));
#543=DIRECTION('',(0.,0.,-1.));
#544=DIRECTION('center_axis',(0.,0.,-1.));
#545=DIRECTION('ref_axis',(-1.,0.,0.));
#546=DIRECTION('center_axis',(0.,0.,-1.));
#547=DIRECTION('ref_axis',(-1.,0.,0.));
#548=DIRECTION('',(0.,0.,-1.));
#549=DIRECTION('center_axis',(0.,0.,-1.));
#550=DIRECTION('ref_axis',(-1.,0.,0.));
#551=DIRECTION('',(0.,0.,-1.));
#552=DIRECTION('center_axis',(0.,0.,-1.));
#553=DIRECTION('ref_axis',(-1.,0.,0.));
#554=DIRECTION('',(0.,0.,-1.));
#555=DIRECTION('center_axis',(0.,0.,-1.));
#556=DIRECTION('ref_axis',(-1.,0.,0.));
#557=DIRECTION('',(0.,0.,-1.));
#558=DIRECTION('center_axis',(0.,0.,-1.));
#559=DIRECTION('ref_axis',(-0.937046419580122,0.349204821776668,0.));
#560=DIRECTION('',(0.,0.,-1.));
#561=DIRECTION('center_axis',(0.,0.,-1.));
#562=DIRECTION('ref_axis',(-1.,0.,0.));
#563=DIRECTION('center_axis',(0.,0.,-1.));
#564=DIRECTION('ref_axis',(0.1302157893291,-0.991485677258829,0.));
#565=DIRECTION('',(-1.22464679914735E-16,2.23696869536859E-30,-1.));
#566=DIRECTION('center_axis',(0.,0.,1.));
#567=DIRECTION('ref_axis',(-1.,1.81437709149201E-14,0.));
#568=DIRECTION('center_axis',(0.,0.,-1.));
#569=DIRECTION('ref_axis',(-1.,1.81437709149201E-14,0.));
#570=DIRECTION('',(-1.22464679914735E-16,2.23696869536859E-30,-1.));
#571=DIRECTION('center_axis',(0.,0.,-1.));
#572=DIRECTION('ref_axis',(-1.,1.81437709149201E-14,0.));
#573=DIRECTION('',(-1.22464679914735E-16,2.23696869536859E-30,-1.));
#574=DIRECTION('center_axis',(0.,0.,-1.));
#575=DIRECTION('ref_axis',(-1.,1.81437709149201E-14,0.));
#576=DIRECTION('',(-1.22464679914735E-16,2.23696869536859E-30,-1.));
#577=DIRECTION('center_axis',(0.,0.,-1.));
#578=DIRECTION('ref_axis',(-1.,1.81437709149201E-14,0.));
#579=DIRECTION('',(-1.22464679914735E-16,2.23696869536859E-30,-1.));
#580=DIRECTION('center_axis',(0.,0.,-1.));
#581=DIRECTION('ref_axis',(-1.,1.81437709149201E-14,0.));
#582=DIRECTION('',(-1.22464679914735E-16,2.23696869536859E-30,-1.));
#583=DIRECTION('center_axis',(0.,0.,-1.));
#584=DIRECTION('ref_axis',(0.608513075347645,0.793543847012219,0.));
#585=DIRECTION('',(-1.22464679914735E-16,2.23696869536859E-30,-1.));
#586=DIRECTION('center_axis',(0.,0.,-1.));
#587=DIRECTION('ref_axis',(-1.,1.81437709149201E-14,0.));
#588=DIRECTION('center_axis',(0.,0.,-1.));
#589=DIRECTION('ref_axis',(-1.,1.81437709149201E-14,0.));
#590=DIRECTION('center_axis',(0.,0.,1.));
#591=DIRECTION('ref_axis',(1.,0.,0.));
#592=DIRECTION('',(0.866025403784438,-0.500000000000001,0.));
#593=DIRECTION('',(0.866025403784438,0.5,0.));
#594=DIRECTION('',(0.,1.,0.));
#595=DIRECTION('',(-0.866025403784439,0.5,0.));
#596=DIRECTION('',(-0.866025403784439,-0.5,0.));
#597=DIRECTION('',(0.,-1.,0.));
#598=DIRECTION('center_axis',(0.,0.,-1.));
#599=DIRECTION('ref_axis',(-1.,0.,0.));
#600=DIRECTION('center_axis',(-1.,0.,0.));
#601=DIRECTION('ref_axis',(0.,-1.,0.));
#602=DIRECTION('',(0.,-1.,0.));
#603=DIRECTION('',(0.,0.,1.));
#604=DIRECTION('',(0.,0.,1.));
#605=DIRECTION('center_axis',(-0.5,0.866025403784439,0.));
#606=DIRECTION('ref_axis',(-0.866025403784439,-0.5,0.));
#607=DIRECTION('',(-0.866025403784439,-0.5,0.));
#608=DIRECTION('',(0.,0.,1.));
#609=DIRECTION('center_axis',(0.5,0.866025403784439,0.));
#610=DIRECTION('ref_axis',(-0.866025403784439,0.5,0.));
#611=DIRECTION('',(-0.866025403784439,0.5,0.));
#612=DIRECTION('',(0.,0.,1.));
#613=DIRECTION('center_axis',(1.,0.,0.));
#614=DIRECTION('ref_axis',(0.,1.,0.));
#615=DIRECTION('',(0.,1.,0.));
#616=DIRECTION('',(0.,0.,1.));
#617=DIRECTION('center_axis',(0.5,-0.866025403784438,0.));
#618=DIRECTION('ref_axis',(0.866025403784438,0.5,0.));
#619=DIRECTION('',(0.866025403784438,0.5,0.));
#620=DIRECTION('',(0.,0.,1.));
#621=DIRECTION('center_axis',(-0.500000000000001,-0.866025403784438,0.));
#622=DIRECTION('ref_axis',(0.866025403784438,-0.500000000000001,0.));
#623=DIRECTION('',(0.866025403784438,-0.500000000000001,0.));
#624=DIRECTION('center_axis',(0.,0.,1.));
#625=DIRECTION('ref_axis',(1.,0.,0.));
#626=CARTESIAN_POINT('',(0.,0.,0.));
#627=CARTESIAN_POINT('Origin',(225.,0.,10.));
#628=CARTESIAN_POINT('',(229.26290610989,0.000108051266180173,0.0796816705890553));
#629=CARTESIAN_POINT('',(229.263,-5.22066930476517E-16,0.));
#630=CARTESIAN_POINT('',(229.263,-5.22066930476517E-16,10.));
#631=CARTESIAN_POINT('',(229.028064306979,-1.39673901990235,6.37148072818384E-15));
#632=CARTESIAN_POINT('Origin',(225.,0.,0.));
#633=CARTESIAN_POINT('Ctrl Pts',(229.028065144726,-1.39673940990055,4.70110061989715E-15));
#634=CARTESIAN_POINT('Ctrl Pts',(229.183197677596,-0.948665352739312,0.0265605568630215));
#635=CARTESIAN_POINT('Ctrl Pts',(229.262454659359,-0.474204848927789,0.0531211137260384));
#636=CARTESIAN_POINT('Ctrl Pts',(229.26290610989,0.000108051266180173,0.0796816705890553));
#637=CARTESIAN_POINT('Origin',(225.,0.,10.));
#638=CARTESIAN_POINT('',(229.262837022413,-0.000100082935668988,1.57968167058906));
#639=CARTESIAN_POINT('',(229.263134120987,0.000101731504986864,1.17031832941096));
#640=CARTESIAN_POINT('',(229.263,-5.22066930476517E-16,10.));
#641=CARTESIAN_POINT('',(225.804389495495,4.18642168677956,0.));
#642=CARTESIAN_POINT('Ctrl Pts',(229.263134120987,0.000101731504986864,
1.17031832941096));
#643=CARTESIAN_POINT('Ctrl Pts',(229.262545218598,-0.584516355507662,1.13757579318831));
#644=CARTESIAN_POINT('Ctrl Pts',(229.141330905362,-1.16937109175821,1.10483325696566));
#645=CARTESIAN_POINT('Ctrl Pts',(228.907555398901,-1.70510852749744,1.07209072074301));
#646=CARTESIAN_POINT('Ctrl Pts',(228.624054485265,-2.35480042550573,1.03238365701178));
#647=CARTESIAN_POINT('Ctrl Pts',(228.175014848552,-2.93225770184236,0.992676593280562));
#648=CARTESIAN_POINT('Ctrl Pts',(227.615186750803,-3.36707315622343,0.95296952954934));
#649=CARTESIAN_POINT('Ctrl Pts',(227.055358653054,-3.8018886106045,0.913262465818118));
#650=CARTESIAN_POINT('Ctrl Pts',(226.38474209427,-4.09406224303002,0.873555402086895));
#651=CARTESIAN_POINT('Ctrl Pts',(225.685101007374,-4.20797103936679,0.833848338355673));
#652=CARTESIAN_POINT('Ctrl Pts',(224.985459920477,-4.32187983570356,0.794141274624451));
#653=CARTESIAN_POINT('Ctrl Pts',(224.256794305468,-4.25752379595158,0.754434210893228));
#654=CARTESIAN_POINT('Ctrl Pts',(223.58795072435,-4.02274853458365,0.714727147162006));
#655=CARTESIAN_POINT('Ctrl Pts',(222.919107143232,-3.78797327321572,0.675020083430783));
#656=CARTESIAN_POINT('Ctrl Pts',(222.310085596006,-3.38277879023184,0.635313019699561));
#657=CARTESIAN_POINT('Ctrl Pts',(221.835134172383,-2.85657123057682,0.595605955968338));
#658=CARTESIAN_POINT('Ctrl Pts',(221.360182748761,-2.3303636709218,0.555898892237116));
#659=CARTESIAN_POINT('Ctrl Pts',(221.019301448742,-1.68314303459564,0.516191828505893));
#660=CARTESIAN_POINT('Ctrl Pts',(220.854068363074,-0.993817613173169,0.476484764774671));
#661=CARTESIAN_POINT('Ctrl Pts',(220.688835277405,-0.304492191750697,0.436777701043449));
#662=CARTESIAN_POINT('Ctrl Pts',(220.699250406086,0.426938014768088,0.397070637312226));
#663=CARTESIAN_POINT('Ctrl Pts',(220.884008827634,1.11127997574139,0.357363573581004));
#664=CARTESIAN_POINT('Ctrl Pts',(221.068767249182,1.79562193671469,0.317656509849781));
#665=CARTESIAN_POINT('Ctrl Pts',(221.427868963597,2.43287565214251,0.277949446118559));
#666=CARTESIAN_POINT('Ctrl Pts',(221.9176039391,2.94536096963703,0.238242382387337));
#667=CARTESIAN_POINT('Ctrl Pts',(222.407338914603,3.45784628713156,0.198535318656114));
#668=CARTESIAN_POINT('Ctrl Pts',(223.027707151192,3.84556320669277,0.158828254924892));
#669=CARTESIAN_POINT('Ctrl Pts',(223.702893610558,4.06115448875468,0.119121191193669));
#670=CARTESIAN_POINT('Ctrl Pts',(224.378080069924,4.27674577081658,0.0794141274624467));
#671=CARTESIAN_POINT('Ctrl Pts',(225.108084752065,4.32021141537916,0.0397070637312224));
#672=CARTESIAN_POINT('Ctrl Pts',(225.804389495495,4.18642168677956,0.));
#673=CARTESIAN_POINT('Origin',(225.,0.,0.));
#674=CARTESIAN_POINT('Ctrl Pts',(229.26290610989,0.000108051266180173,0.0796816705890553));
#675=CARTESIAN_POINT('Ctrl Pts',(229.263094547218,0.198088226312533,0.090768157367969));
#676=CARTESIAN_POINT('Ctrl Pts',(229.249552994082,0.396042684937339,0.101854644146883));
#677=CARTESIAN_POINT('Ctrl Pts',(229.222068374266,0.592041797998256,0.112941130925797));
#678=CARTESIAN_POINT('Ctrl Pts',(229.123630197014,1.29402696505542,0.152648194657018));
#679=CARTESIAN_POINT('Ctrl Pts',(228.846335010981,1.97092961140725,0.19235525838824));
#680=CARTESIAN_POINT('Ctrl Pts',(228.423984773774,2.54021990222605,0.232062322119462));
#681=CARTESIAN_POINT('Ctrl Pts',(228.001634536568,3.10951019304485,0.271769385850683));
#682=CARTESIAN_POINT('Ctrl Pts',(227.434229248188,3.57118812833063,0.311476449581905));
#683=CARTESIAN_POINT('Ctrl Pts',(226.790953675528,3.86896220506127,0.351183513313127));
#684=CARTESIAN_POINT('Ctrl Pts',(226.147678102867,4.16673628179191,0.390890577044348));
#685=CARTESIAN_POINT('Ctrl Pts',(225.428532245925,4.30060649996742,0.43059764077557));
#686=CARTESIAN_POINT('Ctrl Pts',(224.721196998815,4.25425107652904,0.470304704506792));
#687=CARTESIAN_POINT('Ctrl Pts',(224.013861751706,4.20789565309066,0.510011768238014));
#688=CARTESIAN_POINT('Ctrl Pts',(223.31833711443,3.98131458803838,0.549718831969237));
#689=CARTESIAN_POINT('Ctrl Pts',(222.719426247702,3.60213375669971,0.589425895700459));
#690=CARTESIAN_POINT('Ctrl Pts',(222.120515380974,3.22295292536105,0.62913295943168));
#691=CARTESIAN_POINT('Ctrl Pts',(221.618218284793,2.69117232773599,0.668840023162901));
#692=CARTESIAN_POINT('Ctrl Pts',(221.273777627593,2.07162986638291,0.708547086894122));
#693=CARTESIAN_POINT('Ctrl Pts',(220.929336970393,1.45208740502981,0.748254150625345));
#694=CARTESIAN_POINT('Ctrl Pts',(220.742752752174,0.744783079948715,0.787961214356565));
#695=CARTESIAN_POINT('Ctrl Pts',(220.736774567522,0.0359555308266997,0.827668278087787));
#696=CARTESIAN_POINT('Ctrl Pts',(220.73079638287,-0.672872018295296,0.867375341819009));
#697=CARTESIAN_POINT('Ctrl Pts',(220.905424231785,-1.38322279145818,0.90708240555023));
#698=CARTESIAN_POINT('Ctrl Pts',(221.239366393226,-2.00848664181374,0.946789469281451));
#699=CARTESIAN_POINT('Ctrl Pts',(221.573308554667,-2.63375049216929,0.986496533012672));
#700=CARTESIAN_POINT('Ctrl Pts',(222.066565028635,-3.17392741971751,1.02620359674389));
#701=CARTESIAN_POINT('Ctrl Pts',(222.658995130162,-3.56315589992207,1.06591066047511));
#702=CARTESIAN_POINT('Ctrl Pts',(223.25142523169,-3.95238438012663,1.10561772420634));
#703=CARTESIAN_POINT('Ctrl Pts',(223.943028960778,-4.19066441298752,1.14532478793756));
#704=CARTESIAN_POINT('Ctrl Pts',(224.64948192576,-4.24894349712859,1.18503185166878));
#705=CARTESIAN_POINT('Ctrl Pts',(225.355934890741,-4.30722258126965,1.2247389154));
#706=CARTESIAN_POINT('Ctrl Pts',(226.077237091615,-4.18550071669089,1.26444597913122));
#707=CARTESIAN_POINT('Ctrl Pts',(226.725443147199,-3.89861894795327,1.30415304286244));
#708=CARTESIAN_POINT('Ctrl Pts',(227.373649202782,-3.61173717921565,1.34386010659367));
#709=CARTESIAN_POINT('Ctrl Pts',(227.948759113073,-3.15969550631915,1.38356717032489));
#710=CARTESIAN_POINT('Ctrl Pts',(228.380652106859,-2.59760949615434,1.42327423405611));
#711=CARTESIAN_POINT('Ctrl Pts',(228.812545100645,-2.03552348598953,1.46298129778733));
#712=CARTESIAN_POINT('Ctrl Pts',(229.101221177924,-1.3633931385564,1.50268836151855));
#713=CARTESIAN_POINT('Ctrl Pts',(229.2114832624,-0.66316852212543,1.54239542524978));
#714=CARTESIAN_POINT('Ctrl Pts',(229.245996509726,-0.443990501999681,1.5548241736962));
#715=CARTESIAN_POINT('Ctrl Pts',(229.263029485982,-0.222059920654655,1.56725292214263));
#716=CARTESIAN_POINT('Ctrl Pts',(229.262837022413,-0.000100082935668988,
1.57968167058906));
#717=CARTESIAN_POINT('Origin',(225.,0.,10.));
#718=CARTESIAN_POINT('',(229.263291976901,6.60065329229423E-5,3.07968167058906));
#719=CARTESIAN_POINT('',(229.262685421629,-5.29295403095782E-5,2.67031832941096));
#720=CARTESIAN_POINT('',(229.263,-5.22066930476517E-16,10.));
#721=CARTESIAN_POINT('Ctrl Pts',(229.262685421629,-5.29295403095782E-5,
2.67031832941096));
#722=CARTESIAN_POINT('Ctrl Pts',(229.262814565221,-0.295655239468258,2.65376762169419));
#723=CARTESIAN_POINT('Ctrl Pts',(229.232508507435,-0.591231443091273,2.63721691397742));
#724=CARTESIAN_POINT('Ctrl Pts',(229.171499252779,-0.880328227863451,2.62066620626065));
#725=CARTESIAN_POINT('Ctrl Pts',(229.025130988394,-1.57390488052883,2.58095914252943));
#726=CARTESIAN_POINT('Ctrl Pts',(228.702042601125,-2.23018757646516,2.54125207879821));
#727=CARTESIAN_POINT('Ctrl Pts',(228.241626919065,-2.7691584863188,2.50154501506699));
#728=CARTESIAN_POINT('Ctrl Pts',(227.781211237006,-3.30812939617244,2.46183795133577));
#729=CARTESIAN_POINT('Ctrl Pts',(227.183468260156,-3.72978851994339,2.42213088760455));
#730=CARTESIAN_POINT('Ctrl Pts',(226.521278312596,-3.98272470807947,2.38242382387332));
#731=CARTESIAN_POINT('Ctrl Pts',(225.859088365036,-4.23566089621554,2.3427167601421));
#732=CARTESIAN_POINT('Ctrl Pts',(225.132451446767,-4.31987414871674,2.30300969641088));
#733=CARTESIAN_POINT('Ctrl Pts',(224.429963385775,-4.22509669274616,2.26330263267966));
#734=CARTESIAN_POINT('Ctrl Pts',(223.727475324783,-4.13031923677558,2.22359556894844));
#735=CARTESIAN_POINT('Ctrl Pts',(223.04913612107,-3.85655107233322,2.18388850521721));
#736=CARTESIAN_POINT('Ctrl Pts',(222.477652862898,-3.43717161706607,2.14418144148599));
#737=CARTESIAN_POINT('Ctrl Pts',(221.906169604725,-3.01779216179892,2.10447437775477));
#738=CARTESIAN_POINT('Ctrl Pts',(221.441542292094,-2.45280141570699,2.06476731402355));
#739=CARTESIAN_POINT('Ctrl Pts',(221.140421007057,-1.81108635925512,2.02506025029233));
#740=CARTESIAN_POINT('Ctrl Pts',(220.83929972202,-1.16937130280326,1.98535318656111));
#741=CARTESIAN_POINT('Ctrl Pts',(220.701684464578,-0.450931935991457,1.94564612282988));
#742=CARTESIAN_POINT('Ctrl Pts',(220.744354094238,0.256635406993696,1.90593905909866));
#743=CARTESIAN_POINT('Ctrl Pts',(220.787023723898,0.96420274997885,1.86623199536744));
#744=CARTESIAN_POINT('Ctrl Pts',(221.009978240659,1.66089806913736,1.82652493163622));
#745=CARTESIAN_POINT('Ctrl Pts',(221.386033721069,2.26177619041721,1.786817867905));
#746=CARTESIAN_POINT('Ctrl Pts',(221.76208920148,2.86265431169706,1.74711080417378));
#747=CARTESIAN_POINT('Ctrl Pts',(222.291245645538,3.36771523509824,1.70740374044255));
#748=CARTESIAN_POINT('Ctrl Pts',(222.908985207855,3.71537897749627,1.66769667671133));
#749=CARTESIAN_POINT('Ctrl Pts',(223.526724770171,4.06304271989429,1.62798961298011));
#750=CARTESIAN_POINT('Ctrl Pts',(224.233047450745,4.25330928128914,1.58828254924889));
#751=CARTESIAN_POINT('Ctrl Pts',(224.94183423726,4.26298024356457,1.54857548551767));
#752=CARTESIAN_POINT('Ctrl Pts',(225.650621023775,4.27265120584,1.50886842178645));
#753=CARTESIAN_POINT('Ctrl Pts',(226.361871916232,4.10172656899601,1.46916135805522));
#754=CARTESIAN_POINT('Ctrl Pts',(226.988867073399,3.77104647602413,1.429454294324));
#755=CARTESIAN_POINT('Ctrl Pts',(227.615862230566,3.44036638305225,1.38974723059278));
#756=CARTESIAN_POINT('Ctrl Pts',(228.158601652444,2.94993083395248,1.35004016686156));
#757=CARTESIAN_POINT('Ctrl Pts',(228.550911299938,2.35953658023893,1.31033310313034));
#758=CARTESIAN_POINT('Ctrl Pts',(228.943220947433,1.76914232652538,1.27062603939912));
#759=CARTESIAN_POINT('Ctrl Pts',(229.185100820543,1.07878936819801,1.23091897566789));
#760=CARTESIAN_POINT('Ctrl Pts',(229.247059661819,0.372649629194359,1.19121191193667));
#761=CARTESIAN_POINT('Ctrl Pts',(229.25792709985,0.248794345648966,1.1842473844281));
#762=CARTESIAN_POINT('Ctrl Pts',(229.263259383943,0.124453392027567,1.17728285691953));
#763=CARTESIAN_POINT('Ctrl Pts',(229.263134120987,0.000101731504986864,
1.17031832941096));
#764=CARTESIAN_POINT('Ctrl Pts',(229.262837022413,-0.000100082935668988,
1.57968167058906));
#765=CARTESIAN_POINT('Ctrl Pts',(229.262414608046,0.487051979072734,1.60695998587385));
#766=CARTESIAN_POINT('Ctrl Pts',(229.179016553295,0.974344970217879,1.63423830115865));
#767=CARTESIAN_POINT('Ctrl Pts',(229.015337016482,1.43298723094437,1.66151661644344));
#768=CARTESIAN_POINT('Ctrl Pts',(228.777080594417,2.10059948215439,1.70122368017466));
#769=CARTESIAN_POINT('Ctrl Pts',(228.368719658614,2.70750509914559,1.74093074390588));
#770=CARTESIAN_POINT('Ctrl Pts',(227.840043965971,3.17970659507043,1.78063780763711));
#771=CARTESIAN_POINT('Ctrl Pts',(227.311368273327,3.65190809099528,1.82034487136833));
#772=CARTESIAN_POINT('Ctrl Pts',(226.662377823843,3.98940546585376,1.86005193509955));
#773=CARTESIAN_POINT('Ctrl Pts',(225.972201333347,4.15104906342116,1.89975899883077));
#774=CARTESIAN_POINT('Ctrl Pts',(225.282024842852,4.31269266098856,1.93946606256199));
#775=CARTESIAN_POINT('Ctrl Pts',(224.550662311344,4.29848248126488,1.97917312629321));
#776=CARTESIAN_POINT('Ctrl Pts',(223.867285741462,4.11015111255464,2.01888019002444));
#777=CARTESIAN_POINT('Ctrl Pts',(223.183909171579,3.92181974384441,2.05858725375566));
#778=CARTESIAN_POINT('Ctrl Pts',(222.548518563322,3.55936718614762,2.09829431748688));
#779=CARTESIAN_POINT('Ctrl Pts',(222.038584460353,3.0669857777655,2.1380013812181));
#780=CARTESIAN_POINT('Ctrl Pts',(221.528650357384,2.57460436938337,2.17770844494932));
#781=CARTESIAN_POINT('Ctrl Pts',(221.144172759703,1.95229411031592,2.21741550868055));
#782=CARTESIAN_POINT('Ctrl Pts',(220.932029427465,1.27593071148271,2.25712257241177));
#783=CARTESIAN_POINT('Ctrl Pts',(220.719886095228,0.599567312649519,2.29682963614299));
#784=CARTESIAN_POINT('Ctrl Pts',(220.680077028434,-0.130849225949428,2.33653669987421));
#785=CARTESIAN_POINT('Ctrl Pts',(220.817455981616,-0.826262242736762,2.37624376360543));
#786=CARTESIAN_POINT('Ctrl Pts',(220.954834934797,-1.5216752595241,2.41595082733665));
#787=CARTESIAN_POINT('Ctrl Pts',(221.269401907955,-2.18208475449984,2.45565789106788));
#788=CARTESIAN_POINT('Ctrl Pts',(221.722803053675,-2.72696973479679,2.4953649547991));
#789=CARTESIAN_POINT('Ctrl Pts',(222.176204199395,-3.27185471509375,2.53507201853032));
#790=CARTESIAN_POINT('Ctrl Pts',(222.768439517678,-3.70121518071193,2.57477908226154));
#791=CARTESIAN_POINT('Ctrl Pts',(223.427300210493,-3.96270098942418,2.61448614599276));
#792=CARTESIAN_POINT('Ctrl Pts',(224.086160903308,-4.22418679813642,2.65419320972398));
#793=CARTESIAN_POINT('Ctrl Pts',(224.811646970654,-4.31779794994273,2.69390027345521));
#794=CARTESIAN_POINT('Ctrl Pts',(225.515302902884,-4.23212082504481,2.73360733718643));
#795=CARTESIAN_POINT('Ctrl Pts',(226.218958835115,-4.14644370014689,2.77331440091765));
#796=CARTESIAN_POINT('Ctrl Pts',(226.900784632229,-3.88147829854473,2.81302146464887));
#797=CARTESIAN_POINT('Ctrl Pts',(227.477648100393,-3.46953075359188,2.85272852838009));
#798=CARTESIAN_POINT('Ctrl Pts',(228.054511568556,-3.05758320863903,2.89243559211131));
#799=CARTESIAN_POINT('Ctrl Pts',(228.526412707768,-2.49865352033549,2.93214265584254));
#800=CARTESIAN_POINT('Ctrl Pts',(228.835814567767,-1.86088966927218,2.97184971957376));
#801=CARTESIAN_POINT('Ctrl Pts',(229.115894089111,-1.28356736701799,3.00779370324552));
#802=CARTESIAN_POINT('Ctrl Pts',(229.262815289695,-0.641645241413894,3.04373768691729));
#803=CARTESIAN_POINT('Ctrl Pts',(229.263291976901,6.60065329229423E-5,3.07968167058906));
#804=CARTESIAN_POINT('Origin',(225.,0.,10.));
#805=CARTESIAN_POINT('',(229.262645116487,-1.69108073183599E-6,4.57968167058906));
#806=CARTESIAN_POINT('',(229.263376550676,-6.82284057123527E-6,4.17031832941096));
#807=CARTESIAN_POINT('',(229.263,-5.22066930476517E-16,10.));
#808=CARTESIAN_POINT('Ctrl Pts',(229.263376120937,-6.81505400628223E-6,
4.17031832941096));
#809=CARTESIAN_POINT('Ctrl Pts',(229.263376719547,-0.00641355121949557,
4.16995945020007));
#810=CARTESIAN_POINT('Ctrl Pts',(229.263362580317,-0.0128202847310246,4.16960057098919));
#811=CARTESIAN_POINT('Ctrl Pts',(229.263333687276,-0.0192269517052305,4.1692416917783));
#812=CARTESIAN_POINT('Ctrl Pts',(229.260136907414,-0.728072507904097,4.12953462804708));
#813=CARTESIAN_POINT('Ctrl Pts',(229.076329558666,-1.4361035393812,4.08982756431586));
#814=CARTESIAN_POINT('Ctrl Pts',(228.734322509334,-2.05699275667496,4.05012050058464));
#815=CARTESIAN_POINT('Ctrl Pts',(228.392315460002,-2.67788197396872,4.01041343685342));
#816=CARTESIAN_POINT('Ctrl Pts',(227.892108710086,-3.21162937707915,3.97070637312219));
#817=CARTESIAN_POINT('Ctrl Pts',(227.294690395658,-3.59315735708909,3.93099930939097));
#818=CARTESIAN_POINT('Ctrl Pts',(226.69727208123,-3.97468533709903,3.89129224565975));
#819=CARTESIAN_POINT('Ctrl Pts',(226.00264220229,-4.20399389400849,3.85158518192853));
#820=CARTESIAN_POINT('Ctrl Pts',(225.295494101307,-4.2531243857689,3.81187811819731));
#821=CARTESIAN_POINT('Ctrl Pts',(224.588346000324,-4.30225487752932,3.77217105446608));
#822=CARTESIAN_POINT('Ctrl Pts',(223.868679677299,-4.17120730414069,3.73246399073486));
#823=CARTESIAN_POINT('Ctrl Pts',(223.224241064572,-3.87595975314187,3.69275692700364));
#824=CARTESIAN_POINT('Ctrl Pts',(222.579802451845,-3.58071220214304,3.65304986327242));
#825=CARTESIAN_POINT('Ctrl Pts',(222.010591549416,-3.12126467353402,3.6133427995412));
#826=CARTESIAN_POINT('Ctrl Pts',(221.586009883708,-2.55363570044587,3.57363573580997));
#827=CARTESIAN_POINT('Ctrl Pts',(221.161428218,-1.98600672735772,3.53392867207875));
#828=CARTESIAN_POINT('Ctrl Pts',(220.881475789013,-1.31019630979044,3.49422160834753));
#829=CARTESIAN_POINT('Ctrl Pts',(220.78028603624,-0.608603211279551,3.45451454461631));
#830=CARTESIAN_POINT('Ctrl Pts',(220.679096283467,0.09298988723134,3.41480748088509));
#831=CARTESIAN_POINT('Ctrl Pts',(220.756669206909,0.820365666685843,3.37510041715387));
#832=CARTESIAN_POINT('Ctrl Pts',(221.003546661485,1.48483821266963,3.33539335342264));
#833=CARTESIAN_POINT('Ctrl Pts',(221.250424116062,2.14931075865341,3.29568628969142));
#834=CARTESIAN_POINT('Ctrl Pts',(221.666606101774,2.75088007116647,3.2559792259602));
#835=CARTESIAN_POINT('Ctrl Pts',(222.201349273835,3.21619929694415,3.21627216222898));
#836=CARTESIAN_POINT('Ctrl Pts',(222.736092445896,3.68151852272182,3.17656509849776));
#837=CARTESIAN_POINT('Ctrl Pts',(223.389396804306,4.01058766176412,3.13685803476654));
#838=CARTESIAN_POINT('Ctrl Pts',(224.081607656055,4.1632846776688,3.09715097103531));
#839=CARTESIAN_POINT('Ctrl Pts',(224.773818507803,4.31598169357349,3.05744390730409));
#840=CARTESIAN_POINT('Ctrl Pts',(225.50493585289,4.29230658634057,3.01773684357287));
#841=CARTESIAN_POINT('Ctrl Pts',(226.185817583307,4.09514596368066,2.97802977984165));
#842=CARTESIAN_POINT('Ctrl Pts',(226.866699313725,3.89798534102075,2.93832271611043));
#843=CARTESIAN_POINT('Ctrl Pts',(227.497345429473,3.52733920293385,2.89861565237921));
#844=CARTESIAN_POINT('Ctrl Pts',(228.000863863171,3.02839889701437,2.85890858864798));
#845=CARTESIAN_POINT('Ctrl Pts',(228.504382296869,2.5294585910949,2.81920152491676));
#846=CARTESIAN_POINT('Ctrl Pts',(228.880773048518,1.90222411734283,2.77949446118554));
#847=CARTESIAN_POINT('Ctrl Pts',(229.084144353591,1.22317157576958,2.73978739745432));
#848=CARTESIAN_POINT('Ctrl Pts',(229.202746383076,0.827161875540239,2.71663104143987));
#849=CARTESIAN_POINT('Ctrl Pts',(229.262504734793,0.413528921128854,2.69347468542541));
#850=CARTESIAN_POINT('Ctrl Pts',(229.262685421629,-5.29295403095782E-5,
2.67031832941096));
#851=CARTESIAN_POINT('Ctrl Pts',(229.263291976901,6.60065329229423E-5,3.07968167058906));
#852=CARTESIAN_POINT('Ctrl Pts',(229.26334188267,0.0672486211014142,3.08344475064851));
#853=CARTESIAN_POINT('Ctrl Pts',(229.261786668074,0.134428924323346,3.08720783070797));
#854=CARTESIAN_POINT('Ctrl Pts',(229.258611087241,0.201532546081145,3.09097091076742));
#855=CARTESIAN_POINT('Ctrl Pts',(229.225103165929,0.909592896548091,3.13067797449864));
#856=CARTESIAN_POINT('Ctrl Pts',(229.011184742519,1.60911558365891,3.17038503822987));
#857=CARTESIAN_POINT('Ctrl Pts',(228.642938003862,2.21481070512051,3.21009210196109));
#858=CARTESIAN_POINT('Ctrl Pts',(228.274691265205,2.82050582658212,3.24979916569231));
#859=CARTESIAN_POINT('Ctrl Pts',(227.7521162113,3.33237338239451,3.28950622942353));
#860=CARTESIAN_POINT('Ctrl Pts',(227.138928252827,3.68800348274761,3.32921329315475));
#861=CARTESIAN_POINT('Ctrl Pts',(226.525740294353,4.04363358310071,3.36892035688597));
#862=CARTESIAN_POINT('Ctrl Pts',(225.821939431311,4.24302622799452,3.4086274206172));
#863=CARTESIAN_POINT('Ctrl Pts',(225.113337186255,4.2618702985557,3.44833448434842));
#864=CARTESIAN_POINT('Ctrl Pts',(224.404734941199,4.28071436911688,3.48804154807964));
#865=CARTESIAN_POINT('Ctrl Pts',(223.691331314129,4.11900986534543,3.52774861181086));
#866=CARTESIAN_POINT('Ctrl Pts',(223.060108652822,3.79647274725399,3.56745567554208));
#867=CARTESIAN_POINT('Ctrl Pts',(222.428885991515,3.47393562916255,3.60716273927331));
#868=CARTESIAN_POINT('Ctrl Pts',(221.879844295971,2.99056589675113,3.64686980300453));
#869=CARTESIAN_POINT('Ctrl Pts',(221.479925944802,2.40529881832257,3.68657686673575));
#870=CARTESIAN_POINT('Ctrl Pts',(221.080007593633,1.82003173989401,3.72628393046697));
#871=CARTESIAN_POINT('Ctrl Pts',(220.829212586839,1.13286731544831,3.76599099419819));
#872=CARTESIAN_POINT('Ctrl Pts',(220.758119320259,0.427588655526624,3.80569805792941));
#873=CARTESIAN_POINT('Ctrl Pts',(220.687026053678,-0.277690004395062,3.84540512166064));
#874=CARTESIAN_POINT('Ctrl Pts',(220.795634527311,-1.00108289979273,3.88511218539186));
#875=CARTESIAN_POINT('Ctrl Pts',(221.070702560061,-1.65438973279928,3.92481924912308));
#876=CARTESIAN_POINT('Ctrl Pts',(221.345770592811,-2.30769656580582,3.9645263128543));
#877=CARTESIAN_POINT('Ctrl Pts',(221.787298184678,-2.89091733642124,4.00423337658552));
#878=CARTESIAN_POINT('Ctrl Pts',(222.341451706154,-3.33294235305493,4.04394044031675));
#879=CARTESIAN_POINT('Ctrl Pts',(222.89560522763,-3.77496736968862,4.08364750404797));
#880=CARTESIAN_POINT('Ctrl Pts',(223.562384678714,-4.07579663234058,4.12335456777919));
#881=CARTESIAN_POINT('Ctrl Pts',(224.26049240419,-4.19875127570559,4.16306163151041));
#882=CARTESIAN_POINT('Ctrl Pts',(224.958600129666,-4.32170591907059,4.20276869524163));
#883=CARTESIAN_POINT('Ctrl Pts',(225.688036129533,-4.26678594314865,4.24247575897285));
#884=CARTESIAN_POINT('Ctrl Pts',(226.359863295239,-4.04068751300577,4.28218282270408));
#885=CARTESIAN_POINT('Ctrl Pts',(227.031690460945,-3.81458908286289,4.3218898864353));
#886=CARTESIAN_POINT('Ctrl Pts',(227.645908792491,-3.41731219849908,4.36159695016652));
#887=CARTESIAN_POINT('Ctrl Pts',(228.127629194141,-2.8972951840388,4.40130401389774));
#888=CARTESIAN_POINT('Ctrl Pts',(228.609349595791,-2.37727816957852,4.44101107762896));
#889=CARTESIAN_POINT('Ctrl Pts',(228.958572067545,-1.73452102502177,4.48071814136018));
#890=CARTESIAN_POINT('Ctrl Pts',(229.132717360663,-1.04739246530451,4.5204252050914));
#891=CARTESIAN_POINT('Ctrl Pts',(229.219345394262,-0.705582503673575,4.54017736025729));
#892=CARTESIAN_POINT('Ctrl Pts',(229.26264998415,-0.352792684347338,4.55992951542317));
#893=CARTESIAN_POINT('Ctrl Pts',(229.262645116487,-1.69108073183599E-6,
4.57968167058906));
#894=CARTESIAN_POINT('Origin',(225.,0.,10.));
#895=CARTESIAN_POINT('',(229.263300060522,-6.29591023423859E-5,6.07968167058906));
#896=CARTESIAN_POINT('',(229.262704443212,6.31766409264076E-5,5.67031832941096));
#897=CARTESIAN_POINT('',(229.263,-5.22066930476517E-16,10.));
#898=CARTESIAN_POINT('Ctrl Pts',(229.262704443212,6.31766409264076E-5,5.67031832941096));
#899=CARTESIAN_POINT('Ctrl Pts',(229.2624808372,-0.426332682730033,5.64644421497474));
#900=CARTESIAN_POINT('Ctrl Pts',(229.198901618765,-0.852793755470126,5.62257010053851));
#901=CARTESIAN_POINT('Ctrl Pts',(229.072945833778,-1.25995874529242,5.59869598610228));
#902=CARTESIAN_POINT('Ctrl Pts',(228.86345808942,-1.93714935871526,5.55898892237106));
#903=CARTESIAN_POINT('Ctrl Pts',(228.481425309171,-2.56096346388125,5.51928185863984));
#904=CARTESIAN_POINT('Ctrl Pts',(227.973427166717,-3.05534199214403,5.47957479490861));
#905=CARTESIAN_POINT('Ctrl Pts',(227.465429024263,-3.5497205204068,5.43986773117739));
#906=CARTESIAN_POINT('Ctrl Pts',(226.831465519602,-3.91466347176636,5.40016066744617));
#907=CARTESIAN_POINT('Ctrl Pts',(226.148833195602,-4.1056748645519,5.36045360371495));
#908=CARTESIAN_POINT('Ctrl Pts',(225.466200871601,-4.29668625733743,5.32074653998373));
#909=CARTESIAN_POINT('Ctrl Pts',(224.73489972826,-4.31376609154893,5.28103947625251));
#910=CARTESIAN_POINT('Ctrl Pts',(224.044094283345,-4.15483189378285,5.24133241252128));
#911=CARTESIAN_POINT('Ctrl Pts',(223.353288838429,-3.99589769601678,5.20162534879006));
#912=CARTESIAN_POINT('Ctrl Pts',(222.702979091939,-3.66094946627313,5.16191828505884));
#913=CARTESIAN_POINT('Ctrl Pts',(222.172454616265,-3.19082605411956,5.12221122132762));
#914=CARTESIAN_POINT('Ctrl Pts',(221.641930140591,-2.72070264196599,5.0825041575964));
#915=CARTESIAN_POINT('Ctrl Pts',(221.231190935732,-2.1154040474025,5.04279709386518));
#916=CARTESIAN_POINT('Ctrl Pts',(220.990316730762,-1.44873181959925,5.00309003013395));
#917=CARTESIAN_POINT('Ctrl Pts',(220.749442525791,-0.782059591795999,4.96338296640273));
#918=CARTESIAN_POINT('Ctrl Pts',(220.678433320708,-0.0540137307529928,4.92367590267151));
#919=CARTESIAN_POINT('Ctrl Pts',(220.785946973615,0.646638148844241,4.88396883894029));
#920=CARTESIAN_POINT('Ctrl Pts',(220.893460626521,1.34729002844147,4.84426177520907));
#921=CARTESIAN_POINT('Ctrl Pts',(221.179497137416,2.02054792659292,4.80455471147785));
#922=CARTESIAN_POINT('Ctrl Pts',(221.609181259912,2.58432429787739,4.76484764774662));
#923=CARTESIAN_POINT('Ctrl Pts',(222.038865382409,3.14810066916186,4.7251405840154));
#924=CARTESIAN_POINT('Ctrl Pts',(222.612197116507,3.60239551357935,4.68543352028418));
#925=CARTESIAN_POINT('Ctrl Pts',(223.259272499857,3.89181854342861,4.64572645655296));
#926=CARTESIAN_POINT('Ctrl Pts',(223.906347883207,4.18124157327786,4.60601939282174));
#927=CARTESIAN_POINT('Ctrl Pts',(224.627166915808,4.30579278855888,4.56631232909052));
#928=CARTESIAN_POINT('Ctrl Pts',(225.333843120218,4.25028617575483,4.5266052653593));
#929=CARTESIAN_POINT('Ctrl Pts',(226.040519324628,4.19477956295077,4.48689820162807));
#930=CARTESIAN_POINT('Ctrl Pts',(226.733052700847,3.95921512206164,4.44719113789685));
#931=CARTESIAN_POINT('Ctrl Pts',(227.327005524293,3.57231424914414,4.40748407416563));
#932=CARTESIAN_POINT('Ctrl Pts',(227.92095834774,3.18541337622664,4.36777701043441));
#933=CARTESIAN_POINT('Ctrl Pts',(228.416330618414,2.64717607128077,4.32806994670319));
#934=CARTESIAN_POINT('Ctrl Pts',(228.752723648263,2.02322737834752,4.28836288297197));
#935=CARTESIAN_POINT('Ctrl Pts',(229.086076300564,1.40491804006587,4.24901469845163));
#936=CARTESIAN_POINT('Ctrl Pts',(229.26331048822,0.702439660431724,4.2096665139313));
#937=CARTESIAN_POINT('Ctrl Pts',(229.263376120937,-6.81505400628223E-6,
4.17031832941096));
#938=CARTESIAN_POINT('Ctrl Pts',(229.262645116487,-1.69108073183599E-6,
4.57968167058906));
#939=CARTESIAN_POINT('Ctrl Pts',(229.262640198858,0.356410657555977,4.59963657915439));
#940=CARTESIAN_POINT('Ctrl Pts',(229.218432127945,0.712824204357453,4.61959148771973));
#941=CARTESIAN_POINT('Ctrl Pts',(229.130035325043,1.05791869885787,4.63954639628507));
#942=CARTESIAN_POINT('Ctrl Pts',(228.954139881826,1.74460132842521,4.67925346001629));
#943=CARTESIAN_POINT('Ctrl Pts',(228.603280880912,2.38646661268213,4.71896052374752));
#944=CARTESIAN_POINT('Ctrl Pts',(228.12023710626,2.905254577523,4.75866758747874));
#945=CARTESIAN_POINT('Ctrl Pts',(227.637193331608,3.42404254236387,4.79837465120996));
#946=CARTESIAN_POINT('Ctrl Pts',(227.021964783217,3.81975318778868,4.83808171494118));
#947=CARTESIAN_POINT('Ctrl Pts',(226.349563728378,4.04413915469604,4.8777887786724));
#948=CARTESIAN_POINT('Ctrl Pts',(225.677162673539,4.26852512160339,4.91749584240362));
#949=CARTESIAN_POINT('Ctrl Pts',(224.94758911225,4.3215864099933,4.95720290613485));
#950=CARTESIAN_POINT('Ctrl Pts',(224.249796925358,4.19685347686777,4.99690996986607));
#951=CARTESIAN_POINT('Ctrl Pts',(223.552004738466,4.07212054374224,5.03661703359729));
#952=CARTESIAN_POINT('Ctrl Pts',(222.88599392597,3.76959338910129,5.07632409732851));
#953=CARTESIAN_POINT('Ctrl Pts',(222.33296842617,3.32615789518399,5.11603116105973));
#954=CARTESIAN_POINT('Ctrl Pts',(221.779942926371,2.88272240126669,5.15573822479095));
#955=CARTESIAN_POINT('Ctrl Pts',(221.339902739268,2.29837856807303,5.19544528852218));
#956=CARTESIAN_POINT('Ctrl Pts',(221.066500141271,1.64437301755963,5.2351523522534));
#957=CARTESIAN_POINT('Ctrl Pts',(220.793097543274,0.990367467046215,5.27485941598462));
#958=CARTESIAN_POINT('Ctrl Pts',(220.686332534382,0.266700199213047,5.31456647971584));
#959=CARTESIAN_POINT('Ctrl Pts',(220.759222529676,-0.438395034978755,5.35427354344706));
#960=CARTESIAN_POINT('Ctrl Pts',(220.832112524971,-1.14349026917054,5.39398060717828));
#961=CARTESIAN_POINT('Ctrl Pts',(221.084657524452,-1.83001346972096,5.43368767090951));
#962=CARTESIAN_POINT('Ctrl Pts',(221.486065762924,-2.41425970786107,5.47339473464073));
#963=CARTESIAN_POINT('Ctrl Pts',(221.887474001396,-2.99850594600118,5.51310179837195));
#964=CARTESIAN_POINT('Ctrl Pts',(222.437745478858,-3.48047522173097,5.55280886210317));
#965=CARTESIAN_POINT('Ctrl Pts',(223.069787874488,-3.80140301862706,5.59251592583439));
#966=CARTESIAN_POINT('Ctrl Pts',(223.701830270118,-4.12233081552314,5.63222298956561));
#967=CARTESIAN_POINT('Ctrl Pts',(224.415643583915,-4.28221713358551,5.67193005329684));
#968=CARTESIAN_POINT('Ctrl Pts',(225.124195516696,-4.26156769665015,5.71163711702806));
#969=CARTESIAN_POINT('Ctrl Pts',(225.832747449477,-4.24091825971478,5.75134418075928));
#970=CARTESIAN_POINT('Ctrl Pts',(226.536038001244,-4.03973306778168,5.7910512444905));
#971=CARTESIAN_POINT('Ctrl Pts',(227.148317869579,-3.68254179755605,5.83075830822172));
#972=CARTESIAN_POINT('Ctrl Pts',(227.760597737914,-3.32535052733042,5.87046537195294));
#973=CARTESIAN_POINT('Ctrl Pts',(228.281866922818,-2.81215317881225,5.91017243568417));
#974=CARTESIAN_POINT('Ctrl Pts',(228.648569232808,-2.20552177792536,5.94987949941539));
#975=CARTESIAN_POINT('Ctrl Pts',(229.015271542798,-1.59889037703848,5.98958656314661));
#976=CARTESIAN_POINT('Ctrl Pts',(229.227406977874,-0.89882492378286,6.02929362687783));
#977=CARTESIAN_POINT('Ctrl Pts',(229.259110743564,-0.190681497678305,6.06900069060905));
#978=CARTESIAN_POINT('Ctrl Pts',(229.261953455958,-0.127185945951491,6.07256101726905));
#979=CARTESIAN_POINT('Ctrl Pts',(229.263345537486,-0.0636254491028334,6.07612134392906));
#980=CARTESIAN_POINT('Ctrl Pts',(229.263300060522,-6.29591023423859E-5,
6.07968167058906));
#981=CARTESIAN_POINT('Origin',(225.,0.,10.));
#982=CARTESIAN_POINT('',(229.262827437694,9.85434430242349E-5,7.57968167058906));
#983=CARTESIAN_POINT('',(229.263094030179,-0.000106138224095888,7.17031832941096));
#984=CARTESIAN_POINT('',(229.263,-5.22066930476517E-16,10.));
#985=CARTESIAN_POINT('Ctrl Pts',(229.263094030179,-0.000106138224095888,
7.17031832941096));
#986=CARTESIAN_POINT('Ctrl Pts',(229.263234931642,-0.137277102144289,7.16263604348062));
#987=CARTESIAN_POINT('Ctrl Pts',(229.2567449999,-0.274434789300595,7.15495375755027));
#988=CARTESIAN_POINT('Ctrl Pts',(229.243525827298,-0.410940820293701,7.14727147161993));
#989=CARTESIAN_POINT('Ctrl Pts',(229.175200522339,-1.11649301159257,7.10756440788871));
#990=CARTESIAN_POINT('Ctrl Pts',(228.927103782636,-1.80463623123301,7.06785734415748));
#991=CARTESIAN_POINT('Ctrl Pts',(228.529485015505,-2.39146802823219,7.02815028042626));
#992=CARTESIAN_POINT('Ctrl Pts',(228.131866248373,-2.97829982523136,6.98844321669504));
#993=CARTESIAN_POINT('Ctrl Pts',(227.584725453813,-3.46382019958928,6.94873615296382));
#994=CARTESIAN_POINT('Ctrl Pts',(226.954773241457,-3.78883166414313,6.9090290892326));
#995=CARTESIAN_POINT('Ctrl Pts',(226.3248210291,-4.11384312869699,6.86932202550138));
#996=CARTESIAN_POINT('Ctrl Pts',(225.612057398947,-4.2783456834468,6.82961496177015));
#997=CARTESIAN_POINT('Ctrl Pts',(224.903386666603,-4.26228221361976,6.78990789803893));
#998=CARTESIAN_POINT('Ctrl Pts',(224.194715934259,-4.24621874379271,6.75020083430771));
#999=CARTESIAN_POINT('Ctrl Pts',(223.490138099723,-4.04958924938882,6.71049377057649));
#1000=CARTESIAN_POINT('Ctrl Pts',(222.875559418465,-3.69636794979316,6.67078670684527));
#1001=CARTESIAN_POINT('Ctrl Pts',(222.260980737208,-3.3431466501975,6.63107964311404));
#1002=CARTESIAN_POINT('Ctrl Pts',(221.736401209228,-2.83333354541008,6.59137257938282));
#1003=CARTESIAN_POINT('Ctrl Pts',(221.365780642422,-2.22908803454151,6.5516655156516));
#1004=CARTESIAN_POINT('Ctrl Pts',(220.995160075616,-1.62484252367293,6.51195845192038));
#1005=CARTESIAN_POINT('Ctrl Pts',(220.778498469984,-0.926164606723223,6.47225138818916));
#1006=CARTESIAN_POINT('Ctrl Pts',(220.742212477216,-0.218241186660562,6.43254432445794));
#1007=CARTESIAN_POINT('Ctrl Pts',(220.705926484448,0.489682233402094,6.39283726072671));
#1008=CARTESIAN_POINT('Ctrl Pts',(220.850016104544,1.20685115657769,6.35313019699549));
#1009=CARTESIAN_POINT('Ctrl Pts',(221.15691308726,1.8458241481389,6.31342313326427));
#1010=CARTESIAN_POINT('Ctrl Pts',(221.463810069975,2.48479713970011,6.27371606953305));
#1011=CARTESIAN_POINT('Ctrl Pts',(221.933514415309,3.04557419964694,6.23400900580183));
#1012=CARTESIAN_POINT('Ctrl Pts',(222.508757018973,3.45978210501987,6.19430194207061));
#1013=CARTESIAN_POINT('Ctrl Pts',(223.083999622638,3.87399001039281,6.15459487833938));
#1014=CARTESIAN_POINT('Ctrl Pts',(223.764780484633,4.14162876119185,6.11488781460816));
#1015=CARTESIAN_POINT('Ctrl Pts',(224.468094815733,4.23006627367463,6.07518075087694));
#1016=CARTESIAN_POINT('Ctrl Pts',(225.171409146833,4.31850378615741,6.03547368714572));
#1017=CARTESIAN_POINT('Ctrl Pts',(225.897256947037,4.22774006032391,5.9957666234145));
#1018=CARTESIAN_POINT('Ctrl Pts',(226.557138602109,3.96884154112402,5.95605955968327));
#1019=CARTESIAN_POINT('Ctrl Pts',(227.217020257181,3.70994302192412,5.91635249595205));
#1020=CARTESIAN_POINT('Ctrl Pts',(227.810935767121,3.28290970935782,5.87664543222083));
#1021=CARTESIAN_POINT('Ctrl Pts',(228.266471475093,2.73980800552439,5.83693836848961));
#1022=CARTESIAN_POINT('Ctrl Pts',(228.722007183065,2.19670630169095,5.79723130475839));
#1023=CARTESIAN_POINT('Ctrl Pts',(229.039163089069,1.53753620659037,5.75752424102716));
#1024=CARTESIAN_POINT('Ctrl Pts',(229.179269687837,0.842667598200243,5.71781717729594));
#1025=CARTESIAN_POINT('Ctrl Pts',(229.235136338899,0.565592982011149,5.70198422800095));
#1026=CARTESIAN_POINT('Ctrl Pts',(229.262852735316,0.28284242020405,5.68615127870595));
#1027=CARTESIAN_POINT('Ctrl Pts',(229.262704443212,6.31766409264076E-5,
5.67031832941096));
#1028=CARTESIAN_POINT('Ctrl Pts',(229.263300060522,-6.29591023423859E-5,
6.07968167058906));
#1029=CARTESIAN_POINT('Ctrl Pts',(229.262838348996,0.645264515887842,6.11582840766028));
#1030=CARTESIAN_POINT('Ctrl Pts',(229.114198534018,1.29079743744617,6.1519751447315));
#1031=CARTESIAN_POINT('Ctrl Pts',(228.831060809418,1.87065679215656,6.18812188180272));
#1032=CARTESIAN_POINT('Ctrl Pts',(228.520035013278,2.50763025693337,6.22782894553394));
#1033=CARTESIAN_POINT('Ctrl Pts',(228.046711324696,3.06535578753349,6.26753600926516));
#1034=CARTESIAN_POINT('Ctrl Pts',(227.468800139481,3.47583222132458,6.30724307299638));
#1035=CARTESIAN_POINT('Ctrl Pts',(226.890888954266,3.88630865511567,6.3469501367276));
#1036=CARTESIAN_POINT('Ctrl Pts',(226.20839027242,4.14953599209773,6.38665720045882));
#1037=CARTESIAN_POINT('Ctrl Pts',(225.504518329823,4.23342001393339,6.42636426419004));
#1038=CARTESIAN_POINT('Ctrl Pts',(224.800646387227,4.31730403576904,6.46607132792127));
#1039=CARTESIAN_POINT('Ctrl Pts',(224.07540118388,4.22184474245829,6.50577839165249));
#1040=CARTESIAN_POINT('Ctrl Pts',(223.417208861882,3.95868109003429,6.54548545538371));
#1041=CARTESIAN_POINT('Ctrl Pts',(222.759016539884,3.6955174376103,6.58519251911493));
#1042=CARTESIAN_POINT('Ctrl Pts',(222.167877099235,3.26464942607306,6.62489958284616));
#1043=CARTESIAN_POINT('Ctrl Pts',(221.715865722147,2.71861100647555,6.66460664657738));
#1044=CARTESIAN_POINT('Ctrl Pts',(221.263854345058,2.17257258687804,6.7043137103086));
#1045=CARTESIAN_POINT('Ctrl Pts',(220.95097103153,1.51136375922027,6.74402077403982));
#1046=CARTESIAN_POINT('Ctrl Pts',(220.815364347337,0.815602975691948,6.78372783777104));
#1047=CARTESIAN_POINT('Ctrl Pts',(220.679757663143,0.119842192163623,6.82343490150226));
#1048=CARTESIAN_POINT('Ctrl Pts',(220.721427608284,-0.610470547235255,6.86314196523349));
#1049=CARTESIAN_POINT('Ctrl Pts',(220.935293539037,-1.28629123673623,6.90284902896471));
#1050=CARTESIAN_POINT('Ctrl Pts',(221.14915946979,-1.9621119262372,6.94255609269593));
#1051=CARTESIAN_POINT('Ctrl Pts',(221.535221386154,-2.58344056584027,6.98226315642715));
#1052=CARTESIAN_POINT('Ctrl Pts',(222.046408358576,-3.07452112941352,7.02197022015837));
#1053=CARTESIAN_POINT('Ctrl Pts',(222.557595330998,-3.56560169298678,7.06167728388959));
#1054=CARTESIAN_POINT('Ctrl Pts',(223.193907359478,-3.92643418053022,7.10138434762081));
#1055=CARTESIAN_POINT('Ctrl Pts',(223.877761555375,-4.11302378219471,7.14109141135204));
#1056=CARTESIAN_POINT('Ctrl Pts',(224.561615751271,-4.29961338385922,7.18079847508326));
#1057=CARTESIAN_POINT('Ctrl Pts',(225.293012114584,-4.31196009964477,7.22050553881448));
#1058=CARTESIAN_POINT('Ctrl Pts',(225.982774517769,-4.14855854565595,7.2602126025457));
#1059=CARTESIAN_POINT('Ctrl Pts',(226.672536920955,-3.98515699166714,7.29991966627693));
#1060=CARTESIAN_POINT('Ctrl Pts',(227.320665364013,-3.64600716790396,7.33962673000815));
#1061=CARTESIAN_POINT('Ctrl Pts',(227.848136231844,-3.17246020689518,7.37933379373937));
#1062=CARTESIAN_POINT('Ctrl Pts',(228.375607099675,-2.69891324588639,7.41904085747059));
#1063=CARTESIAN_POINT('Ctrl Pts',(228.78242039228,-2.09096914763201,7.45874792120181));
#1064=CARTESIAN_POINT('Ctrl Pts',(229.01897505079,-1.42275201657241,7.49845498493303));
#1065=CARTESIAN_POINT('Ctrl Pts',(229.1802775923,-0.967106280405215,7.52553054681838));
#1066=CARTESIAN_POINT('Ctrl Pts',(229.262415983406,-0.483435748551862,7.55260610870372));
#1067=CARTESIAN_POINT('Ctrl Pts',(229.262827437694,9.85434430242349E-5,
7.57968167058906));
#1068=CARTESIAN_POINT('Origin',(225.,0.,10.));
#1069=CARTESIAN_POINT('',(229.262915325819,-0.000108646427097181,9.07968167058906));
#1070=CARTESIAN_POINT('',(229.263047176344,0.000109459874376074,8.67031832941096));
#1071=CARTESIAN_POINT('',(229.263,-5.22066930476517E-16,10.));
#1072=CARTESIAN_POINT('',(221.776647216042,-2.78983258102541,10.));
#1073=CARTESIAN_POINT('Ctrl Pts',(229.262915325819,-0.000108646427097181,
9.07968167058906));
#1074=CARTESIAN_POINT('Ctrl Pts',(229.262417041504,0.514607806729346,9.10850500094082));
#1075=CARTESIAN_POINT('Ctrl Pts',(229.1690863584,1.0295000398411,9.13732833129258));
#1076=CARTESIAN_POINT('Ctrl Pts',(228.986760317113,1.51067064112931,9.16615166164434));
#1077=CARTESIAN_POINT('Ctrl Pts',(228.735587685329,2.17353199329688,9.20585872537557));
#1078=CARTESIAN_POINT('Ctrl Pts',(228.315520913124,2.77239690636165,9.24556578910679));
#1079=CARTESIAN_POINT('Ctrl Pts',(227.77777778254,3.23424480729732,9.28527285283801));
#1080=CARTESIAN_POINT('Ctrl Pts',(227.240034651956,3.696092708233,9.32497991656923));
#1081=CARTESIAN_POINT('Ctrl Pts',(226.584615162993,4.02092359703956,9.36468698030045));
#1082=CARTESIAN_POINT('Ctrl Pts',(225.891430337632,4.16913981544252,9.40439404403168));
#1083=CARTESIAN_POINT('Ctrl Pts',(225.19824551227,4.31735603384548,9.4441011077629));
#1084=CARTESIAN_POINT('Ctrl Pts',(224.467295350511,4.28895758184483,9.48380817149412));
#1085=CARTESIAN_POINT('Ctrl Pts',(223.787705480885,4.08739091988661,9.52351523522534));
#1086=CARTESIAN_POINT('Ctrl Pts',(223.108115611259,3.8858242579284,9.56322229895656));
#1087=CARTESIAN_POINT('Ctrl Pts',(222.479886033768,3.51108938601261,9.60292936268778));
#1088=CARTESIAN_POINT('Ctrl Pts',(221.979607720911,3.00891291848169,9.642636426419));
#1089=CARTESIAN_POINT('Ctrl Pts',(221.479329408055,2.50673645095077,9.68234349015023));
#1090=CARTESIAN_POINT('Ctrl Pts',(221.107002359833,1.87711838780471,9.72205055388145));
#1091=CARTESIAN_POINT('Ctrl Pts',(220.908044537311,1.19675279422228,9.76175761761267));
#1092=CARTESIAN_POINT('Ctrl Pts',(220.709086714789,0.51638720063984,9.80146468134389));
#1093=CARTESIAN_POINT('Ctrl Pts',(220.683498117967,-0.214725923378976,9.84117174507512));
#1094=CARTESIAN_POINT('Ctrl Pts',(220.834383824418,-0.907250185723842,9.88087880880634));
#1095=CARTESIAN_POINT('Ctrl Pts',(220.98526953087,-1.5997744480687,9.92058587253756));
#1096=CARTESIAN_POINT('Ctrl Pts',(221.312629540595,-2.25370984873961,9.96029293626878));
#1097=CARTESIAN_POINT('Ctrl Pts',(221.776647216042,-2.78983258102541,10.));
#1098=CARTESIAN_POINT('',(228.223644387158,-2.79003704405028,9.99999999999998));
#1099=CARTESIAN_POINT('Origin',(225.,0.,10.));
#1100=CARTESIAN_POINT('Ctrl Pts',(228.223644387158,-2.79003704405028,9.99999999999999));
#1101=CARTESIAN_POINT('Ctrl Pts',(227.783572643102,-3.29801448431592,9.96235295635806));
#1102=CARTESIAN_POINT('Ctrl Pts',(227.221373479961,-3.70048359735362,9.92470591271613));
#1103=CARTESIAN_POINT('Ctrl Pts',(226.598310951778,-3.95243937380454,9.8870588690742));
#1104=CARTESIAN_POINT('Ctrl Pts',(225.941154874653,-4.21818199540695,9.84735180534298));
#1105=CARTESIAN_POINT('Ctrl Pts',(225.216292393096,-4.31648864247705,9.80764474161176));
#1106=CARTESIAN_POINT('Ctrl Pts',(224.512097419661,-4.23536775280002,9.76793767788054));
#1107=CARTESIAN_POINT('Ctrl Pts',(223.807902446227,-4.15424686312298,9.72823061414932));
#1108=CARTESIAN_POINT('Ctrl Pts',(223.124374980914,-3.89369843669881,9.6885235504181));
#1109=CARTESIAN_POINT('Ctrl Pts',(222.544857278839,-3.48549248703638,9.64881648668688));
#1110=CARTESIAN_POINT('Ctrl Pts',(221.965339576766,-3.07728653737395,9.60910942295566));
#1111=CARTESIAN_POINT('Ctrl Pts',(221.489831637931,-2.52142306447326,9.56940235922444));
#1112=CARTESIAN_POINT('Ctrl Pts',(221.176308988284,-1.88567505892703,9.52969529549322));
#1113=CARTESIAN_POINT('Ctrl Pts',(220.862786338638,-1.2499270533808,9.48998823176199));
#1114=CARTESIAN_POINT('Ctrl Pts',(220.711248978179,-0.534294515189033,9.45028116803077));
#1115=CARTESIAN_POINT('Ctrl Pts',(220.740173777423,0.173967926536316,9.41057410429955));
#1116=CARTESIAN_POINT('Ctrl Pts',(220.769098576666,0.882230368261664,9.37086704056833));
#1117=CARTESIAN_POINT('Ctrl Pts',(220.978485535611,1.58312271352059,9.33115997683711));
#1118=CARTESIAN_POINT('Ctrl Pts',(221.342804717717,2.19118830419455,9.29145291310589));
#1119=CARTESIAN_POINT('Ctrl Pts',(221.707123899824,2.79925389486851,9.25174584937467));
#1120=CARTESIAN_POINT('Ctrl Pts',(222.226375305092,3.31449273095751,9.21203878564345));
#1121=CARTESIAN_POINT('Ctrl Pts',(222.837248877969,3.67408376573926,9.17233172191222));
#1122=CARTESIAN_POINT('Ctrl Pts',(223.448122450846,4.033674800521,9.132624658181));
#1123=CARTESIAN_POINT('Ctrl Pts',(224.150618191332,4.23761803399549,9.09291759444979));
#1124=CARTESIAN_POINT('Ctrl Pts',(224.859083651409,4.26104756400177,9.05321053071857));
#1125=CARTESIAN_POINT('Ctrl Pts',(225.567549111487,4.28447709400805,9.01350346698734));
#1126=CARTESIAN_POINT('Ctrl Pts',(226.281984291156,4.12739292054612,8.97379640325612));
#1127=CARTESIAN_POINT('Ctrl Pts',(226.915281094442,3.80894764236162,8.9340893395249));
#1128=CARTESIAN_POINT('Ctrl Pts',(227.548577897727,3.49050236417713,8.89438227579368));
#1129=CARTESIAN_POINT('Ctrl Pts',(228.10073632463,3.01069598127008,8.85467521206246));
#1130=CARTESIAN_POINT('Ctrl Pts',(228.504433974998,2.42802930836346,8.81496814833124));
#1131=CARTESIAN_POINT('Ctrl Pts',(228.908131625366,1.84536263545684,8.77526108460001));
#1132=CARTESIAN_POINT('Ctrl Pts',(229.1633684992,1.15983567255065,8.73555402086879));
#1133=CARTESIAN_POINT('Ctrl Pts',(229.239024627477,0.455031876282794,8.69584695713757));
#1134=CARTESIAN_POINT('Ctrl Pts',(229.255238343228,0.303986763696809,8.68733741456204));
#1135=CARTESIAN_POINT('Ctrl Pts',(229.263204286817,0.152056306030561,8.6788278719865));
#1136=CARTESIAN_POINT('Ctrl Pts',(229.263047176344,0.000109459874376074,
8.67031832941096));
#1137=CARTESIAN_POINT('Origin',(225.,0.,13.3123464956316));
#1138=CARTESIAN_POINT('',(230.099160422921,0.000121681666306744,0.687653504368406));
#1139=CARTESIAN_POINT('',(230.098887697474,0.000129240770914637,0.562346495631586));
#1140=CARTESIAN_POINT('',(230.099,-9.31395352980631E-14,13.3123464956316));
#1141=CARTESIAN_POINT('',(221.396781619843,-3.60785508368897,0.));
#1142=CARTESIAN_POINT('Ctrl Pts',(230.098887697474,0.000129240770914557,
0.562346495631586));
#1143=CARTESIAN_POINT('Ctrl Pts',(230.098305834052,-0.611200921834833,0.533725918679278));
#1144=CARTESIAN_POINT('Ctrl Pts',(229.835624280414,-2.07115593154175,0.465398277995747));
#1145=CARTESIAN_POINT('Ctrl Pts',(228.473500033438,-4.02352916266847,0.357363573580995));
#1146=CARTESIAN_POINT('Ctrl Pts',(226.124760212438,-5.19514862179884,0.23824238238733));
#1147=CARTESIAN_POINT('Ctrl Pts',(223.501420778954,-5.09976872083529,0.119121191193665));
#1148=CARTESIAN_POINT('Ctrl Pts',(221.996856527804,-4.20715879397665,0.0397070637312217));
#1149=CARTESIAN_POINT('Ctrl Pts',(221.396781619843,-3.60785508368897,0.));
#1150=CARTESIAN_POINT('',(220.073476059377,-1.31661865755213,3.40717345736808E-15));
#1151=CARTESIAN_POINT('Origin',(225.,0.,0.));
#1152=CARTESIAN_POINT('Ctrl Pts',(230.099160422921,0.000121681666306935,
0.687653504368406));
#1153=CARTESIAN_POINT('Ctrl Pts',(230.098456033223,-0.699143536648828,0.654910968145756));
#1154=CARTESIAN_POINT('Ctrl Pts',(229.777646504193,-2.24703806724942,0.582461368191885));
#1155=CARTESIAN_POINT('Ctrl Pts',(228.260555384744,-4.19799124413201,0.470304704506794));
#1156=CARTESIAN_POINT('Ctrl Pts',(225.854169858185,-5.24640317357447,0.351183513313129));
#1157=CARTESIAN_POINT('Ctrl Pts',(223.239485853307,-5.01547323219843,0.232062322119464));
#1158=CARTESIAN_POINT('Ctrl Pts',(221.091915355401,-3.58665068637307,0.115001151015088));
#1159=CARTESIAN_POINT('Ctrl Pts',(220.281400537365,-2.09315386032016,0.037647043641933));
#1160=CARTESIAN_POINT('Ctrl Pts',(220.073476059377,-1.31661865755213,1.41488383509358E-16));
#1161=CARTESIAN_POINT('Origin',(225.,0.,13.3123464956316));
#1162=CARTESIAN_POINT('',(230.098623730914,-6.33093424012854E-5,2.18765350436841));
#1163=CARTESIAN_POINT('',(230.098805061526,-0.000119709802751658,2.06234649563158));
#1164=CARTESIAN_POINT('',(230.099,-9.31395352980631E-14,13.3123464956316));
#1165=CARTESIAN_POINT('Ctrl Pts',(230.098805061526,-0.000119709802751805,
2.06234649563158));
#1166=CARTESIAN_POINT('Ctrl Pts',(230.099035268361,-0.265607209809568,2.04991774718516));
#1167=CARTESIAN_POINT('Ctrl Pts',(230.013574072498,-1.37912093721631,1.99778193500751));
#1168=CARTESIAN_POINT('Ctrl Pts',(229.214920982908,-3.23864107356841,1.90593905909864));
#1169=CARTESIAN_POINT('Ctrl Pts',(227.151243690454,-4.86071038398305,1.78681786790498));
#1170=CARTESIAN_POINT('Ctrl Pts',(224.562981957689,-5.29748715209503,1.66769667671131));
#1171=CARTESIAN_POINT('Ctrl Pts',(222.081287788358,-4.44246260068216,1.54857548551764));
#1172=CARTESIAN_POINT('Ctrl Pts',(220.311326661855,-2.50413596199928,1.42945429432398));
#1173=CARTESIAN_POINT('Ctrl Pts',(219.6847063933,0.044828564642234,1.31033310313032));
#1174=CARTESIAN_POINT('Ctrl Pts',(220.35422991807,2.58286146653429,1.19121191193665));
#1175=CARTESIAN_POINT('Ctrl Pts',(222.156631672768,4.4910594026991,1.07209072074299));
#1176=CARTESIAN_POINT('Ctrl Pts',(224.652395307863,5.30410433633845,0.952969529549321));
#1177=CARTESIAN_POINT('Ctrl Pts',(227.232919392697,4.82373541130191,0.833848338355656));
#1178=CARTESIAN_POINT('Ctrl Pts',(229.268950050998,3.16708812627576,0.714727147161991));
#1179=CARTESIAN_POINT('Ctrl Pts',(230.024904736747,1.32173431892964,0.624226532920634));
#1180=CARTESIAN_POINT('Ctrl Pts',(230.099113088498,0.23693452169076,0.573432982410499));
#1181=CARTESIAN_POINT('Ctrl Pts',(230.098887697474,0.000129240770914557,
0.562346495631586));
#1182=CARTESIAN_POINT('Ctrl Pts',(230.098623730914,-6.33093424012507E-5,
2.18765350436841));
#1183=CARTESIAN_POINT('Ctrl Pts',(230.098778200343,-0.353635014320683,2.17110279665164));
#1184=CARTESIAN_POINT('Ctrl Pts',(229.975562774735,-1.55536002871136,2.11484502520365));
#1185=CARTESIAN_POINT('Ctrl Pts',(229.041587505618,-3.45252449424708,2.01888019002444));
#1186=CARTESIAN_POINT('Ctrl Pts',(226.896695571095,-4.96557155414019,1.89975899883077));
#1187=CARTESIAN_POINT('Ctrl Pts',(224.289291175418,-5.26775549115892,1.78063780763711));
#1188=CARTESIAN_POINT('Ctrl Pts',(221.855194342388,-4.28538823535905,1.66151661644344));
#1189=CARTESIAN_POINT('Ctrl Pts',(220.187963753291,-2.25802172281662,1.54239542524978));
#1190=CARTESIAN_POINT('Ctrl Pts',(219.694156436122,0.319967250704417,1.42327423405611));
#1191=CARTESIAN_POINT('Ctrl Pts',(220.49418816094,2.81993166477146,1.30415304286245));
#1192=CARTESIAN_POINT('Ctrl Pts',(222.392969799404,4.6322509106706,1.18503185166878));
#1193=CARTESIAN_POINT('Ctrl Pts',(224.927480248556,5.31498785405721,1.06591066047512));
#1194=CARTESIAN_POINT('Ctrl Pts',(227.479674689539,4.70165588835171,0.946789469281453));
#1195=CARTESIAN_POINT('Ctrl Pts',(229.427196372969,2.94181713757075,0.827668278087788));
#1196=CARTESIAN_POINT('Ctrl Pts',(230.056569326474,1.14551439127252,0.741289623116772));
#1197=CARTESIAN_POINT('Ctrl Pts',(230.099310250698,0.148859452486104,0.694618031876978));
#1198=CARTESIAN_POINT('Ctrl Pts',(230.099160422921,0.000121681666306935,
0.687653504368406));
#1199=CARTESIAN_POINT('Origin',(225.,0.,13.3123464956316));
#1200=CARTESIAN_POINT('',(230.099450394533,-8.16084084890247E-6,3.68765350436841));
#1201=CARTESIAN_POINT('',(230.099349235332,7.89508119572019E-5,3.56234649563159));
#1202=CARTESIAN_POINT('',(230.099,-9.31395352980631E-14,13.3123464956316));
#1203=CARTESIAN_POINT('Ctrl Pts',(230.099349235332,7.89508119572371E-5,
3.56234649563159));
#1204=CARTESIAN_POINT('Ctrl Pts',(230.098779066891,-0.767475741489431,3.52640251195982));
#1205=CARTESIAN_POINT('Ctrl Pts',(229.728914366216,-2.38347352737493,3.45075146455683));
#1206=CARTESIAN_POINT('Ctrl Pts',(228.089075904111,-4.325732878609,3.33539335342262));
#1207=CARTESIAN_POINT('Ctrl Pts',(225.642468064922,-5.27651302130387,3.21627216222896));
#1208=CARTESIAN_POINT('Ctrl Pts',(223.039193288427,-4.94060643223956,3.09715097103529));
#1209=CARTESIAN_POINT('Ctrl Pts',(220.91406458475,-3.39992450811071,2.97802977984163));
#1210=CARTESIAN_POINT('Ctrl Pts',(219.785298225757,-1.03016517321888,2.85890858864796));
#1211=CARTESIAN_POINT('Ctrl Pts',(219.928145820115,1.59080170244332,2.7397873974543));
#1212=CARTESIAN_POINT('Ctrl Pts',(221.307773737481,3.82384886006822,2.62066620626063));
#1213=CARTESIAN_POINT('Ctrl Pts',(223.587757348671,5.12444392811602,2.50154501506697));
#1214=CARTESIAN_POINT('Ctrl Pts',(226.212118747797,5.17543457302175,2.3824238238733));
#1215=CARTESIAN_POINT('Ctrl Pts',(228.540902915228,3.96438663888847,2.26330263267964));
#1216=CARTESIAN_POINT('Ctrl Pts',(229.853343813132,2.01383828062903,2.1566101899324));
#1217=CARTESIAN_POINT('Ctrl Pts',(230.098299809155,0.582565808419368,2.08962481091638));
#1218=CARTESIAN_POINT('Ctrl Pts',(230.098805061526,-0.000119709802751805,
2.06234649563158));
#1219=CARTESIAN_POINT('Ctrl Pts',(230.09944988052,-8.15152729074218E-6,
3.68765350436841));
#1220=CARTESIAN_POINT('Ctrl Pts',(230.099450596521,-0.0076712872785635,
3.68729462515752));
#1221=CARTESIAN_POINT('Ctrl Pts',(230.097562507294,-0.863197668493468,3.64722868221542));
#1222=CARTESIAN_POINT('Ctrl Pts',(229.655869281813,-2.56461228637263,3.56745567554209));
#1223=CARTESIAN_POINT('Ctrl Pts',(227.860968354424,-4.47986774623196,3.44833448434842));
#1224=CARTESIAN_POINT('Ctrl Pts',(225.368415396848,-5.30269978823148,3.32921329315475));
#1225=CARTESIAN_POINT('Ctrl Pts',(222.786023714154,-4.83245941053366,3.21009210196109));
#1226=CARTESIAN_POINT('Ctrl Pts',(220.743513938304,-3.18381553412448,3.09097091076743));
#1227=CARTESIAN_POINT('Ctrl Pts',(219.73895557419,-0.758792790158561,2.97184971957376));
#1228=CARTESIAN_POINT('Ctrl Pts',(220.017311898347,1.85126287447096,2.85272852838009));
#1229=CARTESIAN_POINT('Ctrl Pts',(221.510705244684,4.00988491845697,2.73360733718643));
#1230=CARTESIAN_POINT('Ctrl Pts',(223.854969089536,5.19068966157919,2.61448614599276));
#1231=CARTESIAN_POINT('Ctrl Pts',(226.478450681793,5.10573584611074,2.4953649547991));
#1232=CARTESIAN_POINT('Ctrl Pts',(228.741409544706,3.77573960536118,2.37624376360543));
#1233=CARTESIAN_POINT('Ctrl Pts',(229.904365461994,1.837737570023,2.27367328012854));
#1234=CARTESIAN_POINT('Ctrl Pts',(230.0984076103,0.49462443557017,2.21080986038286));
#1235=CARTESIAN_POINT('Ctrl Pts',(230.098623730914,-6.33093424012507E-5,
2.18765350436841));
#1236=CARTESIAN_POINT('Origin',(225.,0.,13.3123464956316));
#1237=CARTESIAN_POINT('',(230.098646482745,7.55659610073012E-5,5.18765350436841));
#1238=CARTESIAN_POINT('',(230.098575521691,-2.02271182177117E-6,5.06234649563159));
#1239=CARTESIAN_POINT('',(230.099,-9.31395352980631E-14,13.3123464956316));
#1240=CARTESIAN_POINT('Ctrl Pts',(230.098575521691,-2.02271182168229E-6,
5.06234649563159));
#1241=CARTESIAN_POINT('Ctrl Pts',(230.098581343932,-0.421977456600275,5.0425943404657));
#1242=CARTESIAN_POINT('Ctrl Pts',(229.942659012339,-1.69223105637061,4.9831351215686));
#1243=CARTESIAN_POINT('Ctrl Pts',(228.899457707123,-3.6122824458775,4.88396883894027));
#1244=CARTESIAN_POINT('Ctrl Pts',(226.695446959373,-5.03783827513229,4.7648476477466));
#1245=CARTESIAN_POINT('Ctrl Pts',(224.077998568578,-5.23490861800773,4.64572645655294));
#1246=CARTESIAN_POINT('Ctrl Pts',(221.685381804973,-4.15543753407928,4.52660526535927));
#1247=CARTESIAN_POINT('Ctrl Pts',(220.101040361674,-2.06265589483365,4.40748407416561));
#1248=CARTESIAN_POINT('Ctrl Pts',(219.711318611458,0.533107914900843,4.28836288297194));
#1249=CARTESIAN_POINT('Ctrl Pts',(220.611250870181,2.99887244709552,4.16924169177828));
#1250=CARTESIAN_POINT('Ctrl Pts',(222.581387116188,4.73335680006233,4.05012050058461));
#1251=CARTESIAN_POINT('Ctrl Pts',(225.141306253719,5.31360399550965,3.93099930939094));
#1252=CARTESIAN_POINT('Ctrl Pts',(227.666767619414,4.59811976165071,3.81187811819728));
#1253=CARTESIAN_POINT('Ctrl Pts',(229.541933136556,2.7613761535667,3.69275692700362));
#1254=CARTESIAN_POINT('Ctrl Pts',(230.077920352671,1.00867429788874,3.60957971948172));
#1255=CARTESIAN_POINT('Ctrl Pts',(230.099408927922,0.0804364811156723,3.56610957569104));
#1256=CARTESIAN_POINT('Ctrl Pts',(230.099349235332,7.89508119572371E-5,
3.56234649563159));
#1257=CARTESIAN_POINT('Ctrl Pts',(230.098646482745,7.55659610071971E-5,
5.18765350436841));
#1258=CARTESIAN_POINT('Ctrl Pts',(230.098379026246,-0.509939092010477,5.16377938993218));
#1259=CARTESIAN_POINT('Ctrl Pts',(229.895850517846,-1.86841009996344,5.10019821176473));
#1260=CARTESIAN_POINT('Ctrl Pts',(228.7072020889,-3.80933165014591,4.99690996986607));
#1261=CARTESIAN_POINT('Ctrl Pts',(226.432339379355,-5.11886304281476,4.8777887786724));
#1262=CARTESIAN_POINT('Ctrl Pts',(223.808198260498,-5.18015092081928,4.75866758747874));
#1263=CARTESIAN_POINT('Ctrl Pts',(221.47468003576,-3.97825013020502,4.63954639628507));
#1264=CARTESIAN_POINT('Ctrl Pts',(220.000817118397,-1.80624623599018,4.52042520509141));
#1265=CARTESIAN_POINT('Ctrl Pts',(219.746013503536,0.806213894522345,4.40130401389774));
#1266=CARTESIAN_POINT('Ctrl Pts',(220.772403488796,3.22207738690399,4.28218282270408));
#1267=CARTESIAN_POINT('Ctrl Pts',(222.829700119455,4.85223179343797,4.16306163151041));
#1268=CARTESIAN_POINT('Ctrl Pts',(225.416228090767,5.29916117184608,4.04394044031674));
#1269=CARTESIAN_POINT('Ctrl Pts',(227.901258129711,4.45388102821929,3.92481924912308));
#1270=CARTESIAN_POINT('Ctrl Pts',(229.673456131286,2.52833304609221,3.8060569371403));
#1271=CARTESIAN_POINT('Ctrl Pts',(230.099371376831,0.84019231258293,3.72700168888874));
#1272=CARTESIAN_POINT('Ctrl Pts',(230.09944988052,-8.15152729074218E-6,
3.68765350436841));
#1273=CARTESIAN_POINT('Origin',(225.,0.,13.3123464956316));
#1274=CARTESIAN_POINT('',(230.099112470064,-0.000126952569762251,6.68765350436841));
#1275=CARTESIAN_POINT('',(230.0993589042,-7.53057618684974E-5,6.56234649563159));
#1276=CARTESIAN_POINT('',(230.099,-9.31395352980631E-14,13.3123464956316));
#1277=CARTESIAN_POINT('Ctrl Pts',(230.0993589042,-7.53057618686249E-5,6.56234649563159));
#1278=CARTESIAN_POINT('Ctrl Pts',(230.09941329947,-0.0761027832454492,6.55878616897158));
#1279=CARTESIAN_POINT('Ctrl Pts',(230.07917820642,-1.00000884931851,6.51551877858036));
#1280=CARTESIAN_POINT('Ctrl Pts',(229.548954026103,-2.74979492814207,6.43254432445791));
#1281=CARTESIAN_POINT('Ctrl Pts',(227.678474382312,-4.59131025544262,6.31342313326425));
#1282=CARTESIAN_POINT('Ctrl Pts',(225.154844175799,-5.31322671826239,6.19430194207059));
#1283=CARTESIAN_POINT('Ctrl Pts',(222.593454951978,-4.73950375147841,6.07518075087692));
#1284=CARTESIAN_POINT('Ctrl Pts',(220.618905857268,-3.01004468255075,5.95605955968326));
#1285=CARTESIAN_POINT('Ctrl Pts',(219.712694068138,-0.546581065656562,5.83693836848959));
#1286=CARTESIAN_POINT('Ctrl Pts',(220.095800880481,2.05016727965047,5.71781717729593));
#1287=CARTESIAN_POINT('Ctrl Pts',(221.674805042365,4.14697882465712,5.59869598610226));
#1288=CARTESIAN_POINT('Ctrl Pts',(224.06466368622,5.23254248511751,5.4795747949086));
#1289=CARTESIAN_POINT('Ctrl Pts',(226.682605691153,5.04214170432925,5.36045360371493));
#1290=CARTESIAN_POINT('Ctrl Pts',(228.890241418276,3.62220603858603,5.24133241252127));
#1291=CARTESIAN_POINT('Ctrl Pts',(229.940474285643,1.70089857264662,5.14196337649349));
#1292=CARTESIAN_POINT('Ctrl Pts',(230.098569639685,0.426304936166557,5.08230140419693));
#1293=CARTESIAN_POINT('Ctrl Pts',(230.098575521691,-2.02271182168229E-6,
5.06234649563159));
#1294=CARTESIAN_POINT('Ctrl Pts',(230.099112470064,-0.000126952569762234,
6.68765350436841));
#1295=CARTESIAN_POINT('Ctrl Pts',(230.099281003153,-0.164197969466078,6.67997121843807));
#1296=CARTESIAN_POINT('Ctrl Pts',(230.051395937204,-1.17619704068919,6.6325818687765));
#1297=CARTESIAN_POINT('Ctrl Pts',(229.400482503382,-2.98162852920571,6.54548545538371));
#1298=CARTESIAN_POINT('Ctrl Pts',(227.437167294753,-4.7238300695653,6.42636426419004));
#1299=CARTESIAN_POINT('Ctrl Pts',(224.879544669735,-5.3141175619434,6.30724307299638));
#1300=CARTESIAN_POINT('Ctrl Pts',(222.351295283179,-4.60854839096137,6.18812188180272));
#1301=CARTESIAN_POINT('Ctrl Pts',(220.46893707546,-2.77917680664673,6.06900069060905));
#1302=CARTESIAN_POINT('Ctrl Pts',(219.69148631746,-0.272098201068515,5.94987949941539));
#1303=CARTESIAN_POINT('Ctrl Pts',(220.208525707235,2.30133201657566,5.83075830822172));
#1304=CARTESIAN_POINT('Ctrl Pts',(221.893974304602,4.3135784829155,5.71163711702806));
#1305=CARTESIAN_POINT('Ctrl Pts',(224.336832584204,5.27395145288336,5.59251592583439));
#1306=CARTESIAN_POINT('Ctrl Pts',(226.941405373254,4.94826233393545,5.47339473464073));
#1307=CARTESIAN_POINT('Ctrl Pts',(229.072563139041,3.41593097519121,5.35427354344706));
#1308=CARTESIAN_POINT('Ctrl Pts',(229.982531652242,1.52467175526391,5.25902646668962));
#1309=CARTESIAN_POINT('Ctrl Pts',(230.098823855824,0.338309523955021,5.20348645366341));
#1310=CARTESIAN_POINT('Ctrl Pts',(230.098646482745,7.55659610071971E-5,
5.18765350436841));
#1311=CARTESIAN_POINT('Origin',(225.,0.,13.3123464956316));
#1312=CARTESIAN_POINT('',(230.09905642791,0.00013092561559673,8.18765350436841));
#1313=CARTESIAN_POINT('',(230.098793597185,0.000117868406300433,8.06234649563159));
#1314=CARTESIAN_POINT('',(230.099,-9.31395352980631E-14,13.3123464956316));
#1315=CARTESIAN_POINT('Ctrl Pts',(230.098793597185,0.000117868406300375,
8.06234649563159));
#1316=CARTESIAN_POINT('Ctrl Pts',(230.098301454231,-0.578240413292493,8.03527093374625));
#1317=CARTESIAN_POINT('Ctrl Pts',(229.855974411279,-2.00517912207972,7.96848830812968));
#1318=CARTESIAN_POINT('Ctrl Pts',(228.550992170362,-3.95535200510763,7.8619986187819));
#1319=CARTESIAN_POINT('Ctrl Pts',(226.22530115618,-5.1723294515316,7.74287742758823));
#1320=CARTESIAN_POINT('Ctrl Pts',(223.600818357776,-5.12802550797739,7.62375623639457));
#1321=CARTESIAN_POINT('Ctrl Pts',(221.317528397734,-3.83324376696119,7.5046350452009));
#1322=CARTESIAN_POINT('Ctrl Pts',(219.932215440984,-1.6037189722138,7.38551385400724));
#1323=CARTESIAN_POINT('Ctrl Pts',(219.782690423198,1.01687543890152,7.26639266281357));
#1324=CARTESIAN_POINT('Ctrl Pts',(220.905415275893,3.38950303371291,7.14727147161991));
#1325=CARTESIAN_POINT('Ctrl Pts',(223.026611622036,4.93559451212838,7.02815028042624));
#1326=CARTESIAN_POINT('Ctrl Pts',(225.629022101885,5.27813282077831,6.90902908923257));
#1327=CARTESIAN_POINT('Ctrl Pts',(228.078044465526,4.3335894067941,6.78990789803891));
#1328=CARTESIAN_POINT('Ctrl Pts',(229.72571710064,2.39210809740666,6.67434703350525));
#1329=CARTESIAN_POINT('Ctrl Pts',(230.09880664826,0.771804777506945,6.59849323270281));
#1330=CARTESIAN_POINT('Ctrl Pts',(230.0993589042,-7.53057618686249E-5,6.56234649563159));
#1331=CARTESIAN_POINT('Ctrl Pts',(230.09905642791,0.000130925615596782,
8.18765350436841));
#1332=CARTESIAN_POINT('Ctrl Pts',(230.098367476351,-0.666177403089684,8.15645598321273));
#1333=CARTESIAN_POINT('Ctrl Pts',(229.799996798886,-2.18113741135349,8.08555139832582));
#1334=CARTESIAN_POINT('Ctrl Pts',(228.341441525106,-4.13389930630258,7.9749397497077));
#1335=CARTESIAN_POINT('Ctrl Pts',(225.955860876469,-5.22883208152034,7.85581855851403));
#1336=CARTESIAN_POINT('Ctrl Pts',(223.337191915844,-5.04870520264746,7.73669736732037));
#1337=CARTESIAN_POINT('Ctrl Pts',(221.124001553215,-3.63744291903208,7.6175761761267));
#1338=CARTESIAN_POINT('Ctrl Pts',(219.855980045918,-1.33918395336554,7.49845498493303));
#1339=CARTESIAN_POINT('Ctrl Pts',(219.842336609272,1.28563731142733,7.37933379373937));
#1340=CARTESIAN_POINT('Ctrl Pts',(221.086398218488,3.5969537173247,7.2602126025457));
#1341=CARTESIAN_POINT('Ctrl Pts',(223.284798320846,5.03114680252317,7.14109141135204));
#1342=CARTESIAN_POINT('Ctrl Pts',(225.90145328847,5.2384861284021,7.02197022015837));
#1343=CARTESIAN_POINT('Ctrl Pts',(228.298287328738,4.16841164543912,6.90284902896471));
#1344=CARTESIAN_POINT('Ctrl Pts',(229.788123244191,2.21642718787666,6.79141012370139));
#1345=CARTESIAN_POINT('Ctrl Pts',(230.09840991424,0.683828045631281,6.71967828216929));
#1346=CARTESIAN_POINT('Ctrl Pts',(230.099112470064,-0.000126952569762234,
6.68765350436841));
#1347=CARTESIAN_POINT('Origin',(225.,0.,13.3123464956316));
#1348=CARTESIAN_POINT('',(230.098682891142,-0.000112840178815299,9.68765350436841));
#1349=CARTESIAN_POINT('',(230.098898720701,-0.000129952646439256,9.56234649563159));
#1350=CARTESIAN_POINT('',(230.099,-9.31395352980631E-14,13.3123464956316));
#1351=CARTESIAN_POINT('',(226.322884965569,4.9244061944433,10.));
#1352=CARTESIAN_POINT('Ctrl Pts',(226.322884965569,4.9244061944433,10.));
#1353=CARTESIAN_POINT('Ctrl Pts',(227.141934657241,4.70437793511953,9.96029293626878));
#1354=CARTESIAN_POINT('Ctrl Pts',(228.667239641924,3.84769196516833,9.88087880880634));
#1355=CARTESIAN_POINT('Ctrl Pts',(229.885874499765,1.90368434929022,9.77676331026247));
#1356=CARTESIAN_POINT('Ctrl Pts',(230.098364347256,0.527551452273413,9.71235487544983));
#1357=CARTESIAN_POINT('Ctrl Pts',(230.098682891142,-0.000112840178815576,
9.68765350436841));
#1358=CARTESIAN_POINT('',(223.676963233814,4.92480420594294,10.));
#1359=CARTESIAN_POINT('Origin',(225.,0.,10.));
#1360=CARTESIAN_POINT('Ctrl Pts',(223.676963233814,4.92480420594294,10.));
#1361=CARTESIAN_POINT('Ctrl Pts',(224.453424685579,5.13300392824669,9.96235295635807));
#1362=CARTESIAN_POINT('Ctrl Pts',(226.15208828377,5.1778259172504,9.88499884898491));
#1363=CARTESIAN_POINT('Ctrl Pts',(228.463270153541,4.0323865862668,9.76793767788054));
#1364=CARTESIAN_POINT('Ctrl Pts',(229.83288299552,2.07980873480032,9.65970022006633));
#1365=CARTESIAN_POINT('Ctrl Pts',(230.098302719828,0.615525500003034,9.59116982598335));
#1366=CARTESIAN_POINT('Ctrl Pts',(230.098898720701,-0.000129952646439474,
9.56234649563159));
#1367=CARTESIAN_POINT('Origin',(225.,0.,13.3123464956316));
#1368=CARTESIAN_POINT('Ctrl Pts',(230.098898720701,-0.000129952646439474,
9.56234649563159));
#1369=CARTESIAN_POINT('Ctrl Pts',(230.099123771538,-0.23260238794357,9.55146276225213));
#1370=CARTESIAN_POINT('Ctrl Pts',(230.026577917454,-1.31306336338399,9.50087196514145));
#1371=CARTESIAN_POINT('Ctrl Pts',(229.27700169852,-3.15620254003688,9.41057410429954));
#1372=CARTESIAN_POINT('Ctrl Pts',(227.245204102515,-4.81802984086922,9.29145291310588));
#1373=CARTESIAN_POINT('Ctrl Pts',(224.66590981247,-5.30497308873776,9.17233172191221));
#1374=CARTESIAN_POINT('Ctrl Pts',(222.16808390913,-4.49828921283185,9.05321053071855));
#1375=CARTESIAN_POINT('Ctrl Pts',(220.360825627629,-2.59468997677784,8.93408933952488));
#1376=CARTESIAN_POINT('Ctrl Pts',(219.684837940971,-0.0583710731107597,
8.81496814833122));
#1377=CARTESIAN_POINT('Ctrl Pts',(220.304961627683,2.49218168181083,8.69584695713755));
#1378=CARTESIAN_POINT('Ctrl Pts',(222.069978454217,4.43501168395488,8.57672576594389));
#1379=CARTESIAN_POINT('Ctrl Pts',(224.549486051462,5.29635648839977,8.45760457475022));
#1380=CARTESIAN_POINT('Ctrl Pts',(227.138852245433,4.86617570108178,8.33848338355656));
#1381=CARTESIAN_POINT('Ctrl Pts',(229.206655658743,3.24936963831864,8.21936219236289));
#1382=CARTESIAN_POINT('Ctrl Pts',(230.011817545799,1.38778981119266,8.12731656305457));
#1383=CARTESIAN_POINT('Ctrl Pts',(230.099023195546,0.269938075048541,8.07497799747747));
#1384=CARTESIAN_POINT('Ctrl Pts',(230.098793597185,0.000117868406300375,
8.06234649563159));
#1385=CARTESIAN_POINT('Ctrl Pts',(230.098682891142,-0.000112840178815576,
9.68765350436841));
#1386=CARTESIAN_POINT('Ctrl Pts',(230.098876401519,-0.320660560737105,9.67264781171861));
#1387=CARTESIAN_POINT('Ctrl Pts',(229.990357963541,-1.48928788357187,9.61793505533759));
#1388=CARTESIAN_POINT('Ctrl Pts',(229.107866324775,-3.37342515038628,9.52351523522534));
#1389=CARTESIAN_POINT('Ctrl Pts',(226.992733403545,-4.92780774130182,9.40439404403167));
#1390=CARTESIAN_POINT('Ctrl Pts',(224.391696251218,-5.28056326094323,9.28527285283801));
#1391=CARTESIAN_POINT('Ctrl Pts',(221.938982285256,-4.34563263016431,9.16615166164435));
#1392=CARTESIAN_POINT('Ctrl Pts',(220.232708548367,-2.35101767708858,9.04703047045068));
#1393=CARTESIAN_POINT('Ctrl Pts',(219.688944297152,0.216899502531308,8.92790927925702));
#1394=CARTESIAN_POINT('Ctrl Pts',(220.440291308876,2.73192418126127,8.80878808806335));
#1395=CARTESIAN_POINT('Ctrl Pts',(222.303530517505,4.58076501533433,8.68966689686968));
#1396=CARTESIAN_POINT('Ctrl Pts',(224.824308688327,5.31257820849861,8.57054570567602));
#1397=CARTESIAN_POINT('Ctrl Pts',(227.387929364704,4.74891022786357,8.45142451448236));
#1398=CARTESIAN_POINT('Ctrl Pts',(229.369249434216,3.02721230636948,8.33230332328869));
#1399=CARTESIAN_POINT('Ctrl Pts',(230.045256337408,1.21156179989116,8.24437965325071));
#1400=CARTESIAN_POINT('Ctrl Pts',(230.099244348693,0.181875464332567,8.19616304694395));
#1401=CARTESIAN_POINT('Ctrl Pts',(230.09905642791,0.000130925615596782,
8.18765350436841));
#1402=CARTESIAN_POINT('Ctrl Pts',(221.776647216042,-2.78983258102542,10.));
#1403=CARTESIAN_POINT('Ctrl Pts',(221.312629540595,-2.25370984873962,9.96029293626878));
#1404=CARTESIAN_POINT('Ctrl Pts',(220.657909521144,-0.945839047397791,9.88087880880634));
#1405=CARTESIAN_POINT('Ctrl Pts',(220.734675311611,1.24750032465865,9.76175761761267));
#1406=CARTESIAN_POINT('Ctrl Pts',(221.851656456277,3.13635451409683,9.642636426419));
#1407=CARTESIAN_POINT('Ctrl Pts',(223.736345188751,4.26055912984418,9.52351523522534));
#1408=CARTESIAN_POINT('Ctrl Pts',(225.92919567403,4.34575448584613,9.40439404403168));
#1409=CARTESIAN_POINT('Ctrl Pts',(227.895454140919,3.37126181942643,9.28527285283801));
#1410=CARTESIAN_POINT('Ctrl Pts',(229.155654457534,1.5746670802321,9.16615166164435));
#1411=CARTESIAN_POINT('Ctrl Pts',(229.402489931625,-0.605906293578973,9.04703047045068));
#1412=CARTESIAN_POINT('Ctrl Pts',(228.575771374934,-2.63873140383942,8.92790927925702));
#1413=CARTESIAN_POINT('Ctrl Pts',(226.877094545798,-4.02809594266042,8.80878808806335));
#1414=CARTESIAN_POINT('Ctrl Pts',(224.720685140333,-4.43520303535773,8.68966689686968));
#1415=CARTESIAN_POINT('Ctrl Pts',(222.632387076803,-3.76077797887863,8.57054570567602));
#1416=CARTESIAN_POINT('Ctrl Pts',(221.121435507077,-2.1692809121404,8.45142451448235));
#1417=CARTESIAN_POINT('Ctrl Pts',(220.556278513897,-0.0488009187431193,
8.33230332328869));
#1418=CARTESIAN_POINT('Ctrl Pts',(221.074730617536,2.0835792330966,8.21318213209502));
#1419=CARTESIAN_POINT('Ctrl Pts',(222.550366375824,3.7078750360266,8.09406094090136));
#1420=CARTESIAN_POINT('Ctrl Pts',(224.623349487622,4.42799915866801,7.97493974970769));
#1421=CARTESIAN_POINT('Ctrl Pts',(226.788179470932,4.06834811016113,7.85581855851403));
#1422=CARTESIAN_POINT('Ctrl Pts',(228.516958829814,2.71662341011029,7.73669736732036));
#1423=CARTESIAN_POINT('Ctrl Pts',(229.388121758131,0.702445442216838,7.6175761761267));
#1424=CARTESIAN_POINT('Ctrl Pts',(229.189233684884,-1.48302504937763,7.49845498493304));
#1425=CARTESIAN_POINT('Ctrl Pts',(227.968793807071,-3.30685734414078,7.37933379373937));
#1426=CARTESIAN_POINT('Ctrl Pts',(226.024408477897,-4.32430681543032,7.26021260254571));
#1427=CARTESIAN_POINT('Ctrl Pts',(223.830219387958,-4.28726666807367,7.14109141135203));
#1428=CARTESIAN_POINT('Ctrl Pts',(221.921283302518,-3.20476920544333,7.02197022015837));
#1429=CARTESIAN_POINT('Ctrl Pts',(220.763097553425,-1.34078328663413,6.90284902896471));
#1430=CARTESIAN_POINT('Ctrl Pts',(220.638087718002,0.8501549315625,6.78372783777104));
#1431=CARTESIAN_POINT('Ctrl Pts',(221.576737658587,2.83378141453582,6.66460664657738));
#1432=CARTESIAN_POINT('Ctrl Pts',(223.350155980533,4.12638544914754,6.54548545538371));
#1433=CARTESIAN_POINT('Ctrl Pts',(225.525891590573,4.4127633290798,6.42636426419004));
#1434=CARTESIAN_POINT('Ctrl Pts',(227.573387636113,3.6230813181336,6.30724307299638));
#1435=CARTESIAN_POINT('Ctrl Pts',(228.993358701861,1.94990472633326,6.18812188180272));
#1436=CARTESIAN_POINT('Ctrl Pts',(229.43954241295,-0.198759470527245,6.06900069060905));
#1437=CARTESIAN_POINT('Ctrl Pts',(228.803136107723,-2.29895583029411,5.94987949941539));
#1438=CARTESIAN_POINT('Ctrl Pts',(227.23932855301,-3.83854787584858,5.83075830822172));
#1439=CARTESIAN_POINT('Ctrl Pts',(225.129456897711,-4.44210345164788,5.71163711702806));
#1440=CARTESIAN_POINT('Ctrl Pts',(222.988016956321,-3.96244449746077,5.59251592583439));
#1441=CARTESIAN_POINT('Ctrl Pts',(221.337202523933,-2.51653667027139,5.47339473464073));
#1442=CARTESIAN_POINT('Ctrl Pts',(220.57956752549,-0.456967068620106,5.35427354344706));
#1443=CARTESIAN_POINT('Ctrl Pts',(220.899862552166,1.71403473487938,5.2351523522534));
#1444=CARTESIAN_POINT('Ctrl Pts',(222.219983113474,3.46706623446034,5.11603116105973));
#1445=CARTESIAN_POINT('Ctrl Pts',(224.218015550962,4.3746476983832,4.99690996986607));
#1446=CARTESIAN_POINT('Ctrl Pts',(226.406736234827,4.21546383321349,4.8777887786724));
#1447=CARTESIAN_POINT('Ctrl Pts',(228.252421879998,3.02833189693906,4.75866758747874));
#1448=CARTESIAN_POINT('Ctrl Pts',(229.304998882741,1.10273604416829,4.63954639628507));
#1449=CARTESIAN_POINT('Ctrl Pts',(229.307794539299,-1.09176388046502,4.5204252050914));
#1450=CARTESIAN_POINT('Ctrl Pts',(228.260127124037,-3.02003531413527,4.40130401389774));
#1451=CARTESIAN_POINT('Ctrl Pts',(226.417472129399,-4.2118659672267,4.28218282270407));
#1452=CARTESIAN_POINT('Ctrl Pts',(224.229164129799,-4.37662589499254,4.16306163151041));
#1453=CARTESIAN_POINT('Ctrl Pts',(222.228825776545,-3.47413810703666,4.04394044031675));
#1454=CARTESIAN_POINT('Ctrl Pts',(220.904243000945,-1.7244757951904,3.92481924912308));
#1455=CARTESIAN_POINT('Ctrl Pts',(220.578417580045,0.445702891002607,3.80569805792941));
#1456=CARTESIAN_POINT('Ctrl Pts',(221.330802600428,2.50719616433971,3.68657686673575));
#1457=CARTESIAN_POINT('Ctrl Pts',(222.977927687058,3.95730536157397,3.56745567554208));
#1458=CARTESIAN_POINT('Ctrl Pts',(225.118138568269,4.44241887288833,3.44833448434842));
#1459=CARTESIAN_POINT('Ctrl Pts',(227.229541157396,3.84424093820689,3.32921329315475));
#1460=CARTESIAN_POINT('Ctrl Pts',(228.79726631911,2.30863827076973,3.21009210196109));
#1461=CARTESIAN_POINT('Ctrl Pts',(229.439021589339,0.210070209437273,3.09097091076742));
#1462=CARTESIAN_POINT('Ctrl Pts',(228.99831384698,-1.93972383203195,2.97184971957376));
#1463=CARTESIAN_POINT('Ctrl Pts',(227.582610429344,-3.61651289694257,2.85272852838009));
#1464=CARTESIAN_POINT('Ctrl Pts',(225.537133038,-4.41140910174905,2.73360733718643));
#1465=CARTESIAN_POINT('Ctrl Pts',(223.360674835961,-4.13057564633011,2.61448614599276));
#1466=CARTESIAN_POINT('Ctrl Pts',(221.583968881112,-2.84249424947557,2.4953649547991));
#1467=CARTESIAN_POINT('Ctrl Pts',(220.64026796164,-0.861265764548362,2.37624376360543));
#1468=CARTESIAN_POINT('Ctrl Pts',(220.759695162022,1.32998385124845,2.25712257241177));
#1469=CARTESIAN_POINT('Ctrl Pts',(221.913127955066,3.19691462845083,2.1380013812181));
#1470=CARTESIAN_POINT('Ctrl Pts',(223.819299779836,4.2842723015412,2.01888019002444));
#1471=CARTESIAN_POINT('Ctrl Pts',(226.013387374359,4.32690284071224,1.89975899883077));
#1472=CARTESIAN_POINT('Ctrl Pts',(227.960358722811,3.31441071613679,1.78063780763711));
#1473=CARTESIAN_POINT('Ctrl Pts',(229.18544153022,1.49369386516318,1.66151661644344));
#1474=CARTESIAN_POINT('Ctrl Pts',(229.389897255204,-0.691262791123277,1.54239542524978));
#1475=CARTESIAN_POINT('Ctrl Pts',(228.523869023365,-2.70765383342266,1.42327423405611));
#1476=CARTESIAN_POINT('Ctrl Pts',(226.79853929249,-4.06377885211212,1.30415304286245));
#1477=CARTESIAN_POINT('Ctrl Pts',(224.634632689866,-4.42894444584842,1.18503185166878));
#1478=CARTESIAN_POINT('Ctrl Pts',(222.559821502602,-3.71410434726575,1.06591066047512));
#1479=CARTESIAN_POINT('Ctrl Pts',(221.0800520807,-2.09357356462109,0.946789469281452));
#1480=CARTESIAN_POINT('Ctrl Pts',(220.556168533955,0.0374787548675902,0.827668278087787));
#1481=CARTESIAN_POINT('Ctrl Pts',(221.115921188612,2.15939173011094,0.708547086894122));
#1482=CARTESIAN_POINT('Ctrl Pts',(222.622812477154,3.75473352298612,0.589425895700457));
#1483=CARTESIAN_POINT('Ctrl Pts',(224.709386388982,4.43447671814293,0.470304704506792));
#1484=CARTESIAN_POINT('Ctrl Pts',(226.866823959809,4.0328660636164,0.351183513313127));
#1485=CARTESIAN_POINT('Ctrl Pts',(228.569039824947,2.64783225775908,0.232062322119462));
#1486=CARTESIAN_POINT('Ctrl Pts',(229.400925383047,0.617124318703584,0.112941130925797));
#1487=CARTESIAN_POINT('Ctrl Pts',(229.159668888461,-1.56407874458388,-0.00618006026786854));
#1488=CARTESIAN_POINT('Ctrl Pts',(227.904006793989,-3.36385660334491,-0.125301251461534));
#1489=CARTESIAN_POINT('Ctrl Pts',(225.940351595533,-4.34338469792674,-0.244422442655199));
#1490=CARTESIAN_POINT('Ctrl Pts',(223.747118411586,-4.26364268619745,-0.363543633848864));
#1491=CARTESIAN_POINT('Ctrl Pts',(222.489233060998,-3.5173794741562,-0.442957761311307));
#1492=CARTESIAN_POINT('Ctrl Pts',(221.987542664325,-3.01633383443147,-0.482664825042529));
#1493=CARTESIAN_POINT('Ctrl Pts',(221.565940911609,-2.97220024368375,10.1608882750142));
#1494=CARTESIAN_POINT('Ctrl Pts',(221.071591014982,-2.40103187810442,10.121181211283));
#1495=CARTESIAN_POINT('Ctrl Pts',(220.374072814574,-1.00766729383024,10.0417670838205));
#1496=CARTESIAN_POINT('Ctrl Pts',(220.455856683142,1.32904776944829,9.92264589262684));
#1497=CARTESIAN_POINT('Ctrl Pts',(221.645853406582,3.34137385679641,9.80352470143318));
#1498=CARTESIAN_POINT('Ctrl Pts',(223.653741746558,4.53906624005997,9.68440351023952));
#1499=CARTESIAN_POINT('Ctrl Pts',(225.989935965178,4.62983070370267,9.56528231904585));
#1500=CARTESIAN_POINT('Ctrl Pts',(228.084726145127,3.59163674170655,9.44616112785219));
#1501=CARTESIAN_POINT('Ctrl Pts',(229.427304088193,1.67760098273222,9.32703993665852));
#1502=CARTESIAN_POINT('Ctrl Pts',(229.690274870466,-0.645513585895184,9.20791874546486));
#1503=CARTESIAN_POINT('Ctrl Pts',(228.80951481613,-2.81122178257191,9.08879755427119));
#1504=CARTESIAN_POINT('Ctrl Pts',(226.99979773137,-4.29140724206335,8.96967636307752));
#1505=CARTESIAN_POINT('Ctrl Pts',(224.702426697712,-4.72512638648441,8.85055517188386));
#1506=CARTESIAN_POINT('Ctrl Pts',(222.477619354246,-4.00661505686303,8.7314339806902));
#1507=CARTESIAN_POINT('Ctrl Pts',(220.867898880594,-2.31108393368622,8.61231278949653));
#1508=CARTESIAN_POINT('Ctrl Pts',(220.265798322922,-0.051990970198999,8.49319159830287));
#1509=CARTESIAN_POINT('Ctrl Pts',(220.818140954251,2.21978004933467,8.3740704071092));
#1510=CARTESIAN_POINT('Ctrl Pts',(222.390237068622,3.95025391866936,8.25494921591553));
#1511=CARTESIAN_POINT('Ctrl Pts',(224.598728342235,4.71745160191193,8.13582802472187));
#1512=CARTESIAN_POINT('Ctrl Pts',(226.905070395765,4.33429064046802,8.01670683352821));
#1513=CARTESIAN_POINT('Ctrl Pts',(228.746857772791,2.89420548617974,7.89758564233454));
#1514=CARTESIAN_POINT('Ctrl Pts',(229.674967468491,0.748363370881572,7.77846445114087));
#1515=CARTESIAN_POINT('Ctrl Pts',(229.463078345183,-1.57996843363595,7.65934325994721));
#1516=CARTESIAN_POINT('Ctrl Pts',(228.162859928168,-3.52302223112973,7.54022206875354));
#1517=CARTESIAN_POINT('Ctrl Pts',(226.091372703991,-4.60698102746408,7.42110087755988));
#1518=CARTESIAN_POINT('Ctrl Pts',(223.753752377898,-4.56751961470824,7.30197968636622));
#1519=CARTESIAN_POINT('Ctrl Pts',(221.72003166759,-3.41426072594928,7.18285849517255));
#1520=CARTESIAN_POINT('Ctrl Pts',(220.486136849279,-1.42842851516069,7.06373730397888));
#1521=CARTESIAN_POINT('Ctrl Pts',(220.3529552864,0.905728434008842,6.94461611278522));
#1522=CARTESIAN_POINT('Ctrl Pts',(221.352963531022,3.01902195426152,6.82549492159156));
#1523=CARTESIAN_POINT('Ctrl Pts',(223.242307861034,4.39612180347449,6.70637373039789));
#1524=CARTESIAN_POINT('Ctrl Pts',(225.560268427677,4.70121982631263,6.58725253920422));
#1525=CARTESIAN_POINT('Ctrl Pts',(227.741606579251,3.8599173476871,6.46813134801056));
#1526=CARTESIAN_POINT('Ctrl Pts',(229.254399273818,2.07736741702171,6.34901015681689));
#1527=CARTESIAN_POINT('Ctrl Pts',(229.729749423445,-0.211752113999039,6.22988896562323));
#1528=CARTESIAN_POINT('Ctrl Pts',(229.051742080516,-2.44923552957676,6.11076777442956));
#1529=CARTESIAN_POINT('Ctrl Pts',(227.385710496111,-4.08946866904659,5.9916465832359));
#1530=CARTESIAN_POINT('Ctrl Pts',(225.13791932374,-4.73247787385272,5.87252539204223));
#1531=CARTESIAN_POINT('Ctrl Pts',(222.856496288207,-4.22146424879998,5.75340420084857));
#1532=CARTESIAN_POINT('Ctrl Pts',(221.097770301711,-2.68103934103118,5.6342830096549));
#1533=CARTESIAN_POINT('Ctrl Pts',(220.290609706373,-0.486838400965591,5.51516181846124));
#1534=CARTESIAN_POINT('Ctrl Pts',(220.631841994938,1.82607891646974,5.39604062726757));
#1535=CARTESIAN_POINT('Ctrl Pts',(222.038257089771,3.69370376452593,5.27691943607391));
#1536=CARTESIAN_POINT('Ctrl Pts',(224.166898262714,4.66061262729464,5.15779824488024));
#1537=CARTESIAN_POINT('Ctrl Pts',(226.498692720269,4.49102312358541,5.03867705368658));
#1538=CARTESIAN_POINT('Ctrl Pts',(228.465028392757,3.22628994415471,4.91955586249291));
#1539=CARTESIAN_POINT('Ctrl Pts',(229.586410960774,1.17482043958034,4.80043467129925));
#1540=CARTESIAN_POINT('Ctrl Pts',(229.589389365701,-1.16313104006067,4.68131348010558));
#1541=CARTESIAN_POINT('Ctrl Pts',(228.473237318399,-3.21745102471601,4.56219228891192));
#1542=CARTESIAN_POINT('Ctrl Pts',(226.510130406058,-4.48719006986189,4.44307109771825));
#1543=CARTESIAN_POINT('Ctrl Pts',(224.178775609392,-4.6627201359976,4.32394990652459));
#1544=CARTESIAN_POINT('Ctrl Pts',(222.047677786021,-3.70123791605087,4.20482871533092));
#1545=CARTESIAN_POINT('Ctrl Pts',(220.636508787855,-1.83720249507149,4.08570752413725));
#1546=CARTESIAN_POINT('Ctrl Pts',(220.289384590516,0.474837898968687,3.96658633294359));
#1547=CARTESIAN_POINT('Ctrl Pts',(221.090952023679,2.67108825859165,3.84746514174993));
#1548=CARTESIAN_POINT('Ctrl Pts',(222.845747496768,4.21598917440342,3.72834395055626));
#1549=CARTESIAN_POINT('Ctrl Pts',(225.125861130085,4.7328139137621,3.60922275936259));
#1550=CARTESIAN_POINT('Ctrl Pts',(227.375283311402,4.09553387935483,3.49010156816893));
#1551=CARTESIAN_POINT('Ctrl Pts',(229.045488591592,2.45955089836872,3.37098037697526));
#1552=CARTESIAN_POINT('Ctrl Pts',(229.729194554284,0.22380222093853,3.2518591857816));
#1553=CARTESIAN_POINT('Ctrl Pts',(229.259678330214,-2.06652101113733,3.13273799458793));
#1554=CARTESIAN_POINT('Ctrl Pts',(227.751432254266,-3.85291955749804,3.01361680339427));
#1555=CARTESIAN_POINT('Ctrl Pts',(225.572244713641,-4.69977707493399,2.8944956122006));
#1556=CARTESIAN_POINT('Ctrl Pts',(223.253514320116,-4.40058590829992,2.77537442100694));
#1557=CARTESIAN_POINT('Ctrl Pts',(221.360667448991,-3.02830433568729,2.65625322981327));
#1558=CARTESIAN_POINT('Ctrl Pts',(220.355278049679,-0.917565567438535,2.53713203861961));
#1559=CARTESIAN_POINT('Ctrl Pts',(220.482512048053,1.41692313498007,2.41801084742594));
#1560=CARTESIAN_POINT('Ctrl Pts',(221.711343215871,3.40589270565663,2.29888965623228));
#1561=CARTESIAN_POINT('Ctrl Pts',(223.742118969448,4.56432951039947,2.17976846503861));
#1562=CARTESIAN_POINT('Ctrl Pts',(226.079631165505,4.60974675148208,2.06064727384495));
#1563=CARTESIAN_POINT('Ctrl Pts',(228.153873453617,3.53106935705402,1.94152608265128));
#1564=CARTESIAN_POINT('Ctrl Pts',(229.459038302388,1.59133465578609,1.82240489145762));
#1565=CARTESIAN_POINT('Ctrl Pts',(229.676859027458,-0.73644972468955,1.70328370026395));
#1566=CARTESIAN_POINT('Ctrl Pts',(228.754219676546,-2.88464958013791,1.58416250907029));
#1567=CARTESIAN_POINT('Ctrl Pts',(226.916107425145,-4.3294226960691,1.46504131787662));
#1568=CARTESIAN_POINT('Ctrl Pts',(224.610749112474,-4.71845868126395,1.34592012668296));
#1569=CARTESIAN_POINT('Ctrl Pts',(222.400310264521,-3.95689043173788,1.22679893548929));
#1570=CARTESIAN_POINT('Ctrl Pts',(220.823810274418,-2.23042769708049,1.10767774429563));
#1571=CARTESIAN_POINT('Ctrl Pts',(220.265681153737,0.0399286914591378,0.988556553101964));
#1572=CARTESIAN_POINT('Ctrl Pts',(220.862024098432,2.30054830891872,0.869435361908299));
#1573=CARTESIAN_POINT('Ctrl Pts',(222.467418875692,4.00017548289045,0.750314170714634));
#1574=CARTESIAN_POINT('Ctrl Pts',(224.690389361943,4.72435259087477,0.631192979520968));
#1575=CARTESIAN_POINT('Ctrl Pts',(226.988855770772,4.29648917951157,0.512071788327303));
#1576=CARTESIAN_POINT('Ctrl Pts',(228.802343233631,2.82091754726464,0.392950597133638));
#1577=CARTESIAN_POINT('Ctrl Pts',(229.688608049419,0.65746491847184,0.273829405939973));
#1578=CARTESIAN_POINT('Ctrl Pts',(229.431580937156,-1.66632050159945,0.154708214746308));
#1579=CARTESIAN_POINT('Ctrl Pts',(228.093837873805,-3.58374745645276,0.0355870235526427));
#1580=CARTESIAN_POINT('Ctrl Pts',(226.001821134501,-4.62730600588411,-0.0835341676410225));
#1581=CARTESIAN_POINT('Ctrl Pts',(223.665219200709,-4.54235136441007,-0.202655358834688));
#1582=CARTESIAN_POINT('Ctrl Pts',(222.325107549933,-3.74730591409635,-0.282069486297131));
#1583=CARTESIAN_POINT('Ctrl Pts',(221.790622316164,-3.21350758418397,-0.321776550028353));
#1584=CARTESIAN_POINT('Ctrl Pts',(221.355234607177,-3.15456790634207,10.3217765500284));
#1585=CARTESIAN_POINT('Ctrl Pts',(220.830552489369,-2.54835390746921,10.2820694862971));
#1586=CARTESIAN_POINT('Ctrl Pts',(220.090236108004,-1.06949554026269,10.2026553588347));
#1587=CARTESIAN_POINT('Ctrl Pts',(220.177038054672,1.41059521423793,10.083534167641));
#1588=CARTESIAN_POINT('Ctrl Pts',(221.440050356886,3.54639319949599,9.96441297644736));
#1589=CARTESIAN_POINT('Ctrl Pts',(223.571138304365,4.81757335027577,9.8452917852537));
#1590=CARTESIAN_POINT('Ctrl Pts',(226.050676256326,4.91390692155922,9.72617059406003));
#1591=CARTESIAN_POINT('Ctrl Pts',(228.273998149334,3.81201166398668,9.60704940286637));
#1592=CARTESIAN_POINT('Ctrl Pts',(229.698953718851,1.78053488523234,9.4879282116727));
#1593=CARTESIAN_POINT('Ctrl Pts',(229.978059809307,-0.685120878211396,9.36880702047903));
#1594=CARTESIAN_POINT('Ctrl Pts',(229.043258257325,-2.98371216130439,9.24968582928537));
#1595=CARTESIAN_POINT('Ctrl Pts',(227.122500916943,-4.55471854146628,9.1305646380917));
#1596=CARTESIAN_POINT('Ctrl Pts',(224.684168255091,-5.01504973761109,9.01144344689804));
#1597=CARTESIAN_POINT('Ctrl Pts',(222.322851631688,-4.25245213484744,8.89232225570437));
#1598=CARTESIAN_POINT('Ctrl Pts',(220.614362254112,-2.45288695523202,8.77320106451071));
#1599=CARTESIAN_POINT('Ctrl Pts',(219.975318131946,-0.0551810216548791,
8.65407987331704));
#1600=CARTESIAN_POINT('Ctrl Pts',(220.561551290967,2.35598086557275,8.53495868212338));
#1601=CARTESIAN_POINT('Ctrl Pts',(222.23010776142,4.19263280131212,8.41583749092971));
#1602=CARTESIAN_POINT('Ctrl Pts',(224.574107196849,5.00690404515585,8.29671629973604));
#1603=CARTESIAN_POINT('Ctrl Pts',(227.021961320599,4.6002331707749,8.17759510854238));
#1604=CARTESIAN_POINT('Ctrl Pts',(228.976756715767,3.07178756224919,8.05847391734871));
#1605=CARTESIAN_POINT('Ctrl Pts',(229.961813178852,0.794281299546307,7.93935272615505));
#1606=CARTESIAN_POINT('Ctrl Pts',(229.736923005482,-1.67691181789427,7.82023153496139));
#1607=CARTESIAN_POINT('Ctrl Pts',(228.356926049265,-3.73918711811868,7.70111034376772));
#1608=CARTESIAN_POINT('Ctrl Pts',(226.158336930086,-4.88965523949784,7.58198915257406));
#1609=CARTESIAN_POINT('Ctrl Pts',(223.677285367837,-4.84777256134282,7.46286796138039));
#1610=CARTESIAN_POINT('Ctrl Pts',(221.518780032662,-3.62375224645524,7.34374677018673));
#1611=CARTESIAN_POINT('Ctrl Pts',(220.209176145131,-1.51607374368725,7.22462557899306));
#1612=CARTESIAN_POINT('Ctrl Pts',(220.067822854799,0.961301936455183,7.1055043877994));
#1613=CARTESIAN_POINT('Ctrl Pts',(221.129189403458,3.20426249398721,6.98638319660573));
#1614=CARTESIAN_POINT('Ctrl Pts',(223.134459741535,4.66585815780144,6.86726200541206));
#1615=CARTESIAN_POINT('Ctrl Pts',(225.594645264781,4.98967632354547,6.7481408142184));
#1616=CARTESIAN_POINT('Ctrl Pts',(227.909825522389,4.0967533772406,6.62901962302473));
#1617=CARTESIAN_POINT('Ctrl Pts',(229.515439845775,2.20483010771016,6.50989843183107));
#1618=CARTESIAN_POINT('Ctrl Pts',(230.019956433941,-0.224744757470834,6.39077724063741));
#1619=CARTESIAN_POINT('Ctrl Pts',(229.30034805331,-2.59951522885942,6.27165604944374));
#1620=CARTESIAN_POINT('Ctrl Pts',(227.532092439212,-4.34038946224461,6.15253485825007));
#1621=CARTESIAN_POINT('Ctrl Pts',(225.146381749769,-5.02285229605755,6.03341366705641));
#1622=CARTESIAN_POINT('Ctrl Pts',(222.724975620093,-4.4804840001392,5.91429247586274));
#1623=CARTESIAN_POINT('Ctrl Pts',(220.858338079489,-2.84554201179096,5.79517128466908));
#1624=CARTESIAN_POINT('Ctrl Pts',(220.001651887255,-0.516709733311077,5.67605009347541));
#1625=CARTESIAN_POINT('Ctrl Pts',(220.36382143771,1.93812309806011,5.55692890228175));
#1626=CARTESIAN_POINT('Ctrl Pts',(221.856531066068,3.92034129459153,5.43780771108809));
#1627=CARTESIAN_POINT('Ctrl Pts',(224.115780974467,4.94657755620607,5.31868651989442));
#1628=CARTESIAN_POINT('Ctrl Pts',(226.590649205711,4.76658241395733,5.19956532870076));
#1629=CARTESIAN_POINT('Ctrl Pts',(228.677634905516,3.42424799137037,5.08044413750709));
#1630=CARTESIAN_POINT('Ctrl Pts',(229.867823038808,1.24690483499239,4.96132294631342));
#1631=CARTESIAN_POINT('Ctrl Pts',(229.870984192103,-1.23449819965632,4.84220175511976));
#1632=CARTESIAN_POINT('Ctrl Pts',(228.686347512761,-3.41486673529676,4.72308056392609));
#1633=CARTESIAN_POINT('Ctrl Pts',(226.602788682715,-4.76251417249709,4.60395937273243));
#1634=CARTESIAN_POINT('Ctrl Pts',(224.128387088985,-4.94881437700267,4.48483818153876));
#1635=CARTESIAN_POINT('Ctrl Pts',(221.866529795497,-3.92833772506507,4.3657169903451));
#1636=CARTESIAN_POINT('Ctrl Pts',(220.368774574764,-1.94992919495257,4.24659579915143));
#1637=CARTESIAN_POINT('Ctrl Pts',(220.000351600987,0.503972906934765,4.12747460795777));
#1638=CARTESIAN_POINT('Ctrl Pts',(220.85110144693,2.83498035284358,4.0083534167641));
#1639=CARTESIAN_POINT('Ctrl Pts',(222.713567306478,4.47467298723287,3.88923222557044));
#1640=CARTESIAN_POINT('Ctrl Pts',(225.133583691902,5.02320895463588,3.77011103437677));
#1641=CARTESIAN_POINT('Ctrl Pts',(227.521025465408,4.34682682050277,3.6509898431831));
#1642=CARTESIAN_POINT('Ctrl Pts',(229.293710864074,2.61046352596771,3.53186865198944));
#1643=CARTESIAN_POINT('Ctrl Pts',(230.019367519229,0.237534232439783,3.41274746079578));
#1644=CARTESIAN_POINT('Ctrl Pts',(229.521042813448,-2.19331819024271,3.29362626960211));
#1645=CARTESIAN_POINT('Ctrl Pts',(227.920254079189,-4.08932621805352,3.17450507840844));
#1646=CARTESIAN_POINT('Ctrl Pts',(225.607356389282,-4.98814504811893,3.05538388721478));
#1647=CARTESIAN_POINT('Ctrl Pts',(223.146353804272,-4.67059617026974,2.93626269602111));
#1648=CARTESIAN_POINT('Ctrl Pts',(221.137366016871,-3.214114421899,2.81714150482745));
#1649=CARTESIAN_POINT('Ctrl Pts',(220.070288137718,-0.973865370328711,2.69802031363378));
#1650=CARTESIAN_POINT('Ctrl Pts',(220.205328934084,1.5038624187117,2.57889912244012));
#1651=CARTESIAN_POINT('Ctrl Pts',(221.509558476676,3.61487078286242,2.45977793124645));
#1652=CARTESIAN_POINT('Ctrl Pts',(223.664938159059,4.84438671925774,2.34065674005279));
#1653=CARTESIAN_POINT('Ctrl Pts',(226.145874956651,4.89259066225192,2.22153554885912));
#1654=CARTESIAN_POINT('Ctrl Pts',(228.347388184422,3.74772799797124,2.10241435766546));
#1655=CARTESIAN_POINT('Ctrl Pts',(229.732635074557,1.68897544640901,1.98329316647179));
#1656=CARTESIAN_POINT('Ctrl Pts',(229.963820799711,-0.781636658255823,1.86417197527813));
#1657=CARTESIAN_POINT('Ctrl Pts',(228.984570329727,-3.06164532685316,1.74505078408446));
#1658=CARTESIAN_POINT('Ctrl Pts',(227.0336755578,-4.59506654002607,1.6259295928908));
#1659=CARTESIAN_POINT('Ctrl Pts',(224.586865535082,-5.00797291667949,1.50680840169713));
#1660=CARTESIAN_POINT('Ctrl Pts',(222.240799026439,-4.19967651621002,1.38768721050347));
#1661=CARTESIAN_POINT('Ctrl Pts',(220.567568468137,-2.36728182953988,1.26856601930981));
#1662=CARTESIAN_POINT('Ctrl Pts',(219.975193773518,0.0423786280506859,1.14944482811614));
#1663=CARTESIAN_POINT('Ctrl Pts',(220.608127008251,2.4417048877265,1.03032363692247));
#1664=CARTESIAN_POINT('Ctrl Pts',(222.31202527423,4.24561744279477,0.91120244572881));
#1665=CARTESIAN_POINT('Ctrl Pts',(224.671392334903,5.01422846360661,0.792081254535145));
#1666=CARTESIAN_POINT('Ctrl Pts',(227.110887581734,4.56011229540674,0.67296006334148));
#1667=CARTESIAN_POINT('Ctrl Pts',(229.035646642315,2.9940028367702,0.553838872147815));
#1668=CARTESIAN_POINT('Ctrl Pts',(229.976290715791,0.697805518240092,0.434717680954149));
#1669=CARTESIAN_POINT('Ctrl Pts',(229.70349298585,-1.76856225861502,0.315596489760484));
#1670=CARTESIAN_POINT('Ctrl Pts',(228.283668953622,-3.80363830956062,0.196475298566819));
#1671=CARTESIAN_POINT('Ctrl Pts',(226.06329067347,-4.91122731384147,0.0773541073731539));
#1672=CARTESIAN_POINT('Ctrl Pts',(223.583319989831,-4.82106004262267,-0.0417670838205112));
#1673=CARTESIAN_POINT('Ctrl Pts',(222.160982038869,-3.9772323540365,-0.121181211282955));
#1674=CARTESIAN_POINT('Ctrl Pts',(221.593701968004,-3.41068133393647,-0.160888275014176));
#1675=CARTESIAN_POINT('Ctrl Pts',(221.144528302744,-3.33693556900039,10.4826648250425));
#1676=CARTESIAN_POINT('Ctrl Pts',(220.589513963756,-2.695675936834,10.4429577613113));
#1677=CARTESIAN_POINT('Ctrl Pts',(219.806399401435,-1.13132378669513,10.3635436338489));
#1678=CARTESIAN_POINT('Ctrl Pts',(219.898219426203,1.49214265902756,10.2444224426552));
#1679=CARTESIAN_POINT('Ctrl Pts',(221.234247307191,3.75141254219557,10.1253012514615));
#1680=CARTESIAN_POINT('Ctrl Pts',(223.488534862172,5.09608046049156,10.0061800602679));
#1681=CARTESIAN_POINT('Ctrl Pts',(226.111416547474,5.19798313941577,9.8870588690742));
#1682=CARTESIAN_POINT('Ctrl Pts',(228.463270153541,4.0323865862668,9.76793767788054));
#1683=CARTESIAN_POINT('Ctrl Pts',(229.970603349511,1.88346878773246,9.64881648668687));
#1684=CARTESIAN_POINT('Ctrl Pts',(230.265844748149,-0.724728170527607,9.52969529549321));
#1685=CARTESIAN_POINT('Ctrl Pts',(229.27700169852,-3.15620254003688,9.41057410429954));
#1686=CARTESIAN_POINT('Ctrl Pts',(227.245204102515,-4.81802984086922,9.29145291310588));
#1687=CARTESIAN_POINT('Ctrl Pts',(224.66590981247,-5.30497308873776,9.17233172191221));
#1688=CARTESIAN_POINT('Ctrl Pts',(222.16808390913,-4.49828921283185,9.05321053071855));
#1689=CARTESIAN_POINT('Ctrl Pts',(220.360825627629,-2.59468997677784,8.93408933952488));
#1690=CARTESIAN_POINT('Ctrl Pts',(219.684837940971,-0.0583710731107597,
8.81496814833122));
#1691=CARTESIAN_POINT('Ctrl Pts',(220.304961627683,2.49218168181083,8.69584695713755));
#1692=CARTESIAN_POINT('Ctrl Pts',(222.069978454217,4.43501168395488,8.57672576594389));
#1693=CARTESIAN_POINT('Ctrl Pts',(224.549486051462,5.29635648839977,8.45760457475022));
#1694=CARTESIAN_POINT('Ctrl Pts',(227.138852245433,4.86617570108178,8.33848338355656));
#1695=CARTESIAN_POINT('Ctrl Pts',(229.206655658743,3.24936963831864,8.21936219236289));
#1696=CARTESIAN_POINT('Ctrl Pts',(230.248658889212,0.840199228211041,8.10024100116923));
#1697=CARTESIAN_POINT('Ctrl Pts',(230.010767665781,-1.7738552021526,7.98111980997556));
#1698=CARTESIAN_POINT('Ctrl Pts',(228.550992170362,-3.95535200510763,7.8619986187819));
#1699=CARTESIAN_POINT('Ctrl Pts',(226.22530115618,-5.1723294515316,7.74287742758823));
#1700=CARTESIAN_POINT('Ctrl Pts',(223.600818357776,-5.12802550797739,7.62375623639457));
#1701=CARTESIAN_POINT('Ctrl Pts',(221.317528397734,-3.83324376696119,7.5046350452009));
#1702=CARTESIAN_POINT('Ctrl Pts',(219.932215440984,-1.6037189722138,7.38551385400724));
#1703=CARTESIAN_POINT('Ctrl Pts',(219.782690423198,1.01687543890152,7.26639266281357));
#1704=CARTESIAN_POINT('Ctrl Pts',(220.905415275893,3.38950303371291,7.14727147161991));
#1705=CARTESIAN_POINT('Ctrl Pts',(223.026611622036,4.93559451212838,7.02815028042624));
#1706=CARTESIAN_POINT('Ctrl Pts',(225.629022101885,5.27813282077831,6.90902908923257));
#1707=CARTESIAN_POINT('Ctrl Pts',(228.078044465526,4.3335894067941,6.78990789803891));
#1708=CARTESIAN_POINT('Ctrl Pts',(229.776480417732,2.33229279839861,6.67078670684524));
#1709=CARTESIAN_POINT('Ctrl Pts',(230.310163444436,-0.237737400942628,6.55166551565158));
#1710=CARTESIAN_POINT('Ctrl Pts',(229.548954026103,-2.74979492814207,6.43254432445791));
#1711=CARTESIAN_POINT('Ctrl Pts',(227.678474382312,-4.59131025544262,6.31342313326425));
#1712=CARTESIAN_POINT('Ctrl Pts',(225.154844175799,-5.31322671826239,6.19430194207059));
#1713=CARTESIAN_POINT('Ctrl Pts',(222.593454951978,-4.73950375147841,6.07518075087692));
#1714=CARTESIAN_POINT('Ctrl Pts',(220.618905857268,-3.01004468255075,5.95605955968326));
#1715=CARTESIAN_POINT('Ctrl Pts',(219.712694068138,-0.546581065656562,5.83693836848959));
#1716=CARTESIAN_POINT('Ctrl Pts',(220.095800880481,2.05016727965047,5.71781717729593));
#1717=CARTESIAN_POINT('Ctrl Pts',(221.674805042365,4.14697882465712,5.59869598610226));
#1718=CARTESIAN_POINT('Ctrl Pts',(224.06466368622,5.23254248511751,5.4795747949086));
#1719=CARTESIAN_POINT('Ctrl Pts',(226.682605691153,5.04214170432925,5.36045360371493));
#1720=CARTESIAN_POINT('Ctrl Pts',(228.890241418276,3.62220603858603,5.24133241252127));
#1721=CARTESIAN_POINT('Ctrl Pts',(230.149235116841,1.31898923040444,5.1222112213276));
#1722=CARTESIAN_POINT('Ctrl Pts',(230.152579018505,-1.30586535925197,5.00309003013393));
#1723=CARTESIAN_POINT('Ctrl Pts',(228.899457707123,-3.6122824458775,4.88396883894027));
#1724=CARTESIAN_POINT('Ctrl Pts',(226.695446959373,-5.03783827513229,4.7648476477466));
#1725=CARTESIAN_POINT('Ctrl Pts',(224.077998568578,-5.23490861800773,4.64572645655294));
#1726=CARTESIAN_POINT('Ctrl Pts',(221.685381804973,-4.15543753407928,4.52660526535927));
#1727=CARTESIAN_POINT('Ctrl Pts',(220.101040361674,-2.06265589483365,4.40748407416561));
#1728=CARTESIAN_POINT('Ctrl Pts',(219.711318611458,0.533107914900843,4.28836288297194));
#1729=CARTESIAN_POINT('Ctrl Pts',(220.611250870181,2.99887244709552,4.16924169177828));
#1730=CARTESIAN_POINT('Ctrl Pts',(222.581387116188,4.73335680006233,4.05012050058461));
#1731=CARTESIAN_POINT('Ctrl Pts',(225.141306253719,5.31360399550965,3.93099930939094));
#1732=CARTESIAN_POINT('Ctrl Pts',(227.666767619414,4.59811976165071,3.81187811819728));
#1733=CARTESIAN_POINT('Ctrl Pts',(229.541933136556,2.7613761535667,3.69275692700362));
#1734=CARTESIAN_POINT('Ctrl Pts',(230.309540484175,0.251266243941041,3.57363573580995));
#1735=CARTESIAN_POINT('Ctrl Pts',(229.782407296681,-2.3201153693481,3.45451454461629));
#1736=CARTESIAN_POINT('Ctrl Pts',(228.089075904111,-4.325732878609,3.33539335342262));
#1737=CARTESIAN_POINT('Ctrl Pts',(225.642468064922,-5.27651302130387,3.21627216222896));
#1738=CARTESIAN_POINT('Ctrl Pts',(223.039193288427,-4.94060643223956,3.09715097103529));
#1739=CARTESIAN_POINT('Ctrl Pts',(220.91406458475,-3.39992450811071,2.97802977984163));
#1740=CARTESIAN_POINT('Ctrl Pts',(219.785298225757,-1.03016517321888,2.85890858864796));
#1741=CARTESIAN_POINT('Ctrl Pts',(219.928145820115,1.59080170244332,2.7397873974543));
#1742=CARTESIAN_POINT('Ctrl Pts',(221.307773737481,3.82384886006822,2.62066620626063));
#1743=CARTESIAN_POINT('Ctrl Pts',(223.587757348671,5.12444392811602,2.50154501506697));
#1744=CARTESIAN_POINT('Ctrl Pts',(226.212118747797,5.17543457302175,2.3824238238733));
#1745=CARTESIAN_POINT('Ctrl Pts',(228.540902915228,3.96438663888847,2.26330263267964));
#1746=CARTESIAN_POINT('Ctrl Pts',(230.006231846725,1.78661623703192,2.14418144148597));
#1747=CARTESIAN_POINT('Ctrl Pts',(230.250782571965,-0.826823591822095,2.0250602502923));
#1748=CARTESIAN_POINT('Ctrl Pts',(229.214920982908,-3.23864107356841,1.90593905909864));
#1749=CARTESIAN_POINT('Ctrl Pts',(227.151243690454,-4.86071038398305,1.78681786790498));
#1750=CARTESIAN_POINT('Ctrl Pts',(224.562981957689,-5.29748715209503,1.66769667671131));
#1751=CARTESIAN_POINT('Ctrl Pts',(222.081287788358,-4.44246260068216,1.54857548551764));
#1752=CARTESIAN_POINT('Ctrl Pts',(220.311326661855,-2.50413596199928,1.42945429432398));
#1753=CARTESIAN_POINT('Ctrl Pts',(219.6847063933,0.044828564642234,1.31033310313032));
#1754=CARTESIAN_POINT('Ctrl Pts',(220.35422991807,2.58286146653429,1.19121191193665));
#1755=CARTESIAN_POINT('Ctrl Pts',(222.156631672768,4.4910594026991,1.07209072074299));
#1756=CARTESIAN_POINT('Ctrl Pts',(224.652395307863,5.30410433633845,0.952969529549321));
#1757=CARTESIAN_POINT('Ctrl Pts',(227.232919392697,4.82373541130191,0.833848338355656));
#1758=CARTESIAN_POINT('Ctrl Pts',(229.268950050998,3.16708812627576,0.714727147161991));
#1759=CARTESIAN_POINT('Ctrl Pts',(230.263973382163,0.738146118008346,0.595605955968326));
#1760=CARTESIAN_POINT('Ctrl Pts',(229.975405034545,-1.87080401563059,0.476484764774661));
#1761=CARTESIAN_POINT('Ctrl Pts',(228.473500033438,-4.02352916266847,0.357363573580995));
#1762=CARTESIAN_POINT('Ctrl Pts',(226.124760212438,-5.19514862179884,0.23824238238733));
#1763=CARTESIAN_POINT('Ctrl Pts',(223.501420778954,-5.09976872083529,0.119121191193665));
#1764=CARTESIAN_POINT('Ctrl Pts',(221.996856527804,-4.20715879397665,0.0397070637312217));
#1765=CARTESIAN_POINT('Ctrl Pts',(221.396781619843,-3.60785508368897,0.));
#1766=CARTESIAN_POINT('Ctrl Pts',(221.396781619843,-3.60785508368897,0.));
#1767=CARTESIAN_POINT('Ctrl Pts',(221.508896518788,-3.70302622683558,-1.559246306841E-16));
#1768=CARTESIAN_POINT('Ctrl Pts',(221.624963318513,-3.79301901606192,1.85555139010417E-15));
#1769=CARTESIAN_POINT('Ctrl Pts',(221.744580007187,-3.87769228371972,1.4432899320127E-15));
#1770=CARTESIAN_POINT('Ctrl Pts',(221.865150694628,-3.9630408600988,1.02774049690324E-15));
#1771=CARTESIAN_POINT('Ctrl Pts',(221.989328847619,-4.04298505987716,4.80046987905071E-16));
#1772=CARTESIAN_POINT('Ctrl Pts',(222.116729897525,-4.11733502269487,1.66533453693773E-16));
#1773=CARTESIAN_POINT('Ctrl Pts',(222.243126018936,-4.19109851941814,-1.44507112798497E-16));
#1774=CARTESIAN_POINT('Ctrl Pts',(222.372695142491,-4.25935589316952,4.31027138816266E-16));
#1775=CARTESIAN_POINT('Ctrl Pts',(222.505077202482,-4.32187346544406,4.44089209850063E-16));
#1776=CARTESIAN_POINT('Ctrl Pts',(222.635715829278,-4.38356769949036,4.56979257210663E-16));
#1777=CARTESIAN_POINT('Ctrl Pts',(222.769094473838,-4.43967246936063,-1.27632725809768E-15));
#1778=CARTESIAN_POINT('Ctrl Pts',(222.904871638304,-4.48991342997843,-2.16493489801906E-15));
#1779=CARTESIAN_POINT('Ctrl Pts',(222.954728922219,-4.50836187709054,-2.49123102864467E-15));
#1780=CARTESIAN_POINT('Ctrl Pts',(223.0049096052,-4.52601917538811,1.33209256040866E-16));
#1781=CARTESIAN_POINT('Ctrl Pts',(223.055396659085,-4.54286996178466,1.11022302462516E-16));
#1782=CARTESIAN_POINT('Ctrl Pts',(223.078241272114,-4.55049468267528,1.00983048242146E-16));
#1783=CARTESIAN_POINT('Ctrl Pts',(223.101151917734,-4.55795523387852,-6.71125902311929E-16));
#1784=CARTESIAN_POINT('Ctrl Pts',(223.124102376159,-4.56524254246187,-6.10622663543836E-16));
#1785=CARTESIAN_POINT('Ctrl Pts',(223.261313985351,-4.60881044506733,-2.48898004321339E-16));
#1786=CARTESIAN_POINT('Ctrl Pts',(223.40011753046,-4.64624880572912,3.03403441110674E-15));
#1787=CARTESIAN_POINT('Ctrl Pts',(223.540159210449,-4.67737465840198,2.16493489801906E-15));
#1788=CARTESIAN_POINT('Ctrl Pts',(223.566951362818,-4.68332951832275,1.99866263836283E-15));
#1789=CARTESIAN_POINT('Ctrl Pts',(223.593788865003,-4.68905318034386,2.01447749152961E-15));
#1790=CARTESIAN_POINT('Ctrl Pts',(223.620669277142,-4.69454414811841,1.99840144432528E-15));
#1791=CARTESIAN_POINT('Ctrl Pts',(223.761713566384,-4.7233558212067,1.97518343282128E-15));
#1792=CARTESIAN_POINT('Ctrl Pts',(223.903939335558,-4.74576514523402,3.67433843329791E-15));
#1793=CARTESIAN_POINT('Ctrl Pts',(224.046912104668,-4.76178940950425,3.77475828372553E-15));
#1794=CARTESIAN_POINT('Ctrl Pts',(224.189519878801,-4.77777276545339,3.87492177246225E-15));
#1795=CARTESIAN_POINT('Ctrl Pts',(224.332871649595,-4.78740348576178,2.05244857130087E-15));
#1796=CARTESIAN_POINT('Ctrl Pts',(224.47652819818,-4.79064777026374,1.88737914186277E-15));
#1797=CARTESIAN_POINT('Ctrl Pts',(224.604510609202,-4.793538076043,1.74032017536412E-15));
#1798=CARTESIAN_POINT('Ctrl Pts',(224.732735184858,-4.79135880260069,3.40748200582836E-16));
#1799=CARTESIAN_POINT('Ctrl Pts',(224.860878199833,-4.78405308060367,3.88578058618805E-16));
#1800=CARTESIAN_POINT('Ctrl Pts',(224.886451553843,-4.78259508607343,3.98123408336087E-16));
#1801=CARTESIAN_POINT('Ctrl Pts',(224.912021606782,-4.78093281945427,2.19574776927516E-15));
#1802=CARTESIAN_POINT('Ctrl Pts',(224.937585700994,-4.77906568388482,2.27595720048157E-15));
#1803=CARTESIAN_POINT('Ctrl Pts',(224.955111535145,-4.77778564211779,2.33094593495495E-15));
#1804=CARTESIAN_POINT('Ctrl Pts',(224.972630848303,-4.77640955264396,1.44898890814374E-15));
#1805=CARTESIAN_POINT('Ctrl Pts',(224.990134570936,-4.77493811381095,1.49880108324396E-15));
#1806=CARTESIAN_POINT('Ctrl Pts',(225.130401071118,-4.76314670351104,1.89797214041602E-15));
#1807=CARTESIAN_POINT('Ctrl Pts',(225.269825533968,-4.74522514650132,3.1373858443813E-16));
#1808=CARTESIAN_POINT('Ctrl Pts',(225.408002149042,-4.72119715589374,1.11022302462516E-16));
#1809=CARTESIAN_POINT('Ctrl Pts',(225.54496037286,-4.69738103538897,-8.99065008926017E-17));
#1810=CARTESIAN_POINT('Ctrl Pts',(225.680693389948,-4.66756548713609,1.21537814332396E-16));
#1811=CARTESIAN_POINT('Ctrl Pts',(225.814791676417,-4.63172485308191,1.66533453693773E-16));
#1812=CARTESIAN_POINT('Ctrl Pts',(225.874084476995,-4.61587758445865,1.86428692789071E-16));
#1813=CARTESIAN_POINT('Ctrl Pts',(225.933057425081,-4.59885175852048,2.09615208073094E-16));
#1814=CARTESIAN_POINT('Ctrl Pts',(225.991673653681,-4.58064223332371,-2.77555756156289E-17));
#1815=CARTESIAN_POINT('Ctrl Pts',(226.125242093293,-4.53914830024916,-5.40895344925268E-16));
#1816=CARTESIAN_POINT('Ctrl Pts',(226.256960646536,-4.49151056390718,-7.11911116431605E-16));
#1817=CARTESIAN_POINT('Ctrl Pts',(226.386430427059,-4.43790871988836,-8.60422844084496E-16));
#1818=CARTESIAN_POINT('Ctrl Pts',(226.45870924509,-4.40798453283631,-9.43332169296297E-16));
#1819=CARTESIAN_POINT('Ctrl Pts',(226.530286611938,-4.37620084558107,-2.34526025150331E-15));
#1820=CARTESIAN_POINT('Ctrl Pts',(226.60108789319,-4.34258409478872,-2.35922392732846E-15));
#1821=CARTESIAN_POINT('Ctrl Pts',(226.628379953854,-4.3296257077975,-2.3646065627973E-15));
#1822=CARTESIAN_POINT('Ctrl Pts',(226.655556651994,-4.31639491197272,-1.81067386347293E-15));
#1823=CARTESIAN_POINT('Ctrl Pts',(226.68261354139,-4.30289310071571,-1.83186799063151E-15));
#1824=CARTESIAN_POINT('Ctrl Pts',(226.69713274811,-4.29564778933241,-1.84324113515545E-15));
#1825=CARTESIAN_POINT('Ctrl Pts',(226.711616035324,-4.28832510611041,-4.01598409995915E-15));
#1826=CARTESIAN_POINT('Ctrl Pts',(226.726054347831,-4.28092970623238,-3.96904731303493E-15));
#1827=CARTESIAN_POINT('Ctrl Pts',(226.848176765511,-4.21837779011465,-3.57204566242213E-15));
#1828=CARTESIAN_POINT('Ctrl Pts',(226.967253070296,-4.15054332473615,8.48183815674396E-16));
#1829=CARTESIAN_POINT('Ctrl Pts',(227.08294541939,-4.07765580473842,3.88578058618805E-16));
#1830=CARTESIAN_POINT('Ctrl Pts',(227.198263288495,-4.00500421147127,-6.95400187404991E-17));
#1831=CARTESIAN_POINT('Ctrl Pts',(227.310219683716,-3.92733169321478,2.86272454973412E-15));
#1832=CARTESIAN_POINT('Ctrl Pts',(227.418447434547,-3.84482561094868,2.22044604925031E-15));
#1833=CARTESIAN_POINT('Ctrl Pts',(227.52471144501,-3.7638165617738,1.58982138255172E-15));
#1834=CARTESIAN_POINT('Ctrl Pts',(227.627381347766,-3.67814721199652,-2.93117081936063E-15));
#1835=CARTESIAN_POINT('Ctrl Pts',(227.726070400107,-3.58796447679856,-2.63677968348475E-15));
#1836=CARTESIAN_POINT('Ctrl Pts',(227.795338960308,-3.52466638978749,-2.43015038029211E-15));
#1837=CARTESIAN_POINT('Ctrl Pts',(227.862645573294,-3.45914417029266,-2.24941731374846E-15));
#1838=CARTESIAN_POINT('Ctrl Pts',(227.927842825953,-3.39144152419018,-2.4980018054066E-15));
#1839=CARTESIAN_POINT('Ctrl Pts',(227.959778271674,-3.35827886638591,-2.61976547207077E-15));
#1840=CARTESIAN_POINT('Ctrl Pts',(227.991207424634,-3.32459296692315,-1.3800483088741E-15));
#1841=CARTESIAN_POINT('Ctrl Pts',(228.022118916765,-3.2903967525475,-1.33226762955019E-15));
#1842=CARTESIAN_POINT('Ctrl Pts',(228.037486049977,-3.27339667440721,-1.30851426102876E-15));
#1843=CARTESIAN_POINT('Ctrl Pts',(228.052725237324,-3.25627047394549,-8.72852550445575E-16));
#1844=CARTESIAN_POINT('Ctrl Pts',(228.067835019651,-3.23901972777236,-8.46545056276682E-16));
#1845=CARTESIAN_POINT('Ctrl Pts',(228.079750483399,-3.22541591560685,-8.25799158932458E-16));
#1846=CARTESIAN_POINT('Ctrl Pts',(228.091584884561,-3.21173525745256,-4.71290793948308E-15));
#1847=CARTESIAN_POINT('Ctrl Pts',(228.103330901029,-3.1979864791429,-4.64905891561784E-15));
#1848=CARTESIAN_POINT('Ctrl Pts',(228.190591187814,-3.09584782289818,-4.17472924404618E-15));
#1849=CARTESIAN_POINT('Ctrl Pts',(228.273078276447,-2.98983725809763,-4.31393693424083E-15));
#1850=CARTESIAN_POINT('Ctrl Pts',(228.350578116716,-2.88032090058471,-4.24660306919122E-15));
#1851=CARTESIAN_POINT('Ctrl Pts',(228.424202508571,-2.7762810058951,-4.18263629392682E-15));
#1852=CARTESIAN_POINT('Ctrl Pts',(228.493325884372,-2.66907639104538,-4.49521619210416E-15));
#1853=CARTESIAN_POINT('Ctrl Pts',(228.557723936438,-2.55900563761217,-4.13558076672871E-15));
#1854=CARTESIAN_POINT('Ctrl Pts',(228.583190840723,-2.51547697094713,-3.99335905874695E-15));
#1855=CARTESIAN_POINT('Ctrl Pts',(228.607918296612,-2.471499957478,-2.51752787421116E-17));
#1856=CARTESIAN_POINT('Ctrl Pts',(228.63189057804,-2.42709274006186,3.67761376907083E-16));
#1857=CARTESIAN_POINT('Ctrl Pts',(228.643732124575,-2.4051569834219,5.61859619372201E-16));
#1858=CARTESIAN_POINT('Ctrl Pts',(228.65538938838,-2.38311625333397,-4.58491175791793E-15));
#1859=CARTESIAN_POINT('Ctrl Pts',(228.666860375018,-2.36097273008513,-4.65599780952175E-15));
#1860=CARTESIAN_POINT('Ctrl Pts',(228.677449377169,-2.3405317843581,-4.72161817654523E-15));
#1861=CARTESIAN_POINT('Ctrl Pts',(228.687875414382,-2.32001138304851,-2.07291258645097E-15));
#1862=CARTESIAN_POINT('Ctrl Pts',(228.698136167237,-2.29941570846257,-2.16493489801906E-15));
#1863=CARTESIAN_POINT('Ctrl Pts',(228.756751966074,-2.18176041206987,-2.69062354672557E-15));
#1864=CARTESIAN_POINT('Ctrl Pts',(228.809990815105,-2.06162478935174,-5.07890750215036E-15));
#1865=CARTESIAN_POINT('Ctrl Pts',(228.85761655776,-1.93934552926899,-2.93515212135276E-15));
#1866=CARTESIAN_POINT('Ctrl Pts',(228.904467872585,-1.81905461533692,-8.26255699928263E-16));
#1867=CARTESIAN_POINT('Ctrl Pts',(228.945887283894,-1.69668850876374,2.18998871936399E-16));
#1868=CARTESIAN_POINT('Ctrl Pts',(228.981599867796,-1.57256245571325,1.15532583500055E-15));
#1869=CARTESIAN_POINT('Ctrl Pts',(228.988132103276,-1.5498583968307,1.32659062575388E-15));
#1870=CARTESIAN_POINT('Ctrl Pts',(228.994473267642,-1.52709545798976,4.77689885029083E-17));
#1871=CARTESIAN_POINT('Ctrl Pts',(229.000621487407,-1.50427557689875,2.16840434497101E-17));
#1872=CARTESIAN_POINT('Ctrl Pts',(229.010242386687,-1.46856641458116,-1.13281229341173E-17));
#1873=CARTESIAN_POINT('Ctrl Pts',(229.019390839855,-1.43271781414113,1.3355660878957E-15));
#1874=CARTESIAN_POINT('Ctrl Pts',(229.028065144726,-1.39673940990061,1.33226762955019E-15));
#1875=CARTESIAN_POINT('Ctrl Pts',(221.776647216042,-2.78983258102542,10.));
#1876=CARTESIAN_POINT('Ctrl Pts',(221.683698299967,-2.70136975549504,10.));
#1877=CARTESIAN_POINT('Ctrl Pts',(221.595043218819,-2.60880831930936,10.));
#1878=CARTESIAN_POINT('Ctrl Pts',(221.510798117288,-2.51256807683658,10.));
#1879=CARTESIAN_POINT('Ctrl Pts',(221.424991618941,-2.41454411987333,10.));
#1880=CARTESIAN_POINT('Ctrl Pts',(221.343759563331,-2.31270331234579,10.));
#1881=CARTESIAN_POINT('Ctrl Pts',(221.267247681376,-2.20744025116982,10.));
#1882=CARTESIAN_POINT('Ctrl Pts',(221.189626564609,-2.10065113353316,10.));
#1883=CARTESIAN_POINT('Ctrl Pts',(221.116862902715,-1.99033930228912,10.));
#1884=CARTESIAN_POINT('Ctrl Pts',(221.049140645075,-1.87687393387559,10.));
#1885=CARTESIAN_POINT('Ctrl Pts',(220.981571628149,-1.76366531286958,10.));
#1886=CARTESIAN_POINT('Ctrl Pts',(220.919020719756,-1.64731676373412,10.));
#1887=CARTESIAN_POINT('Ctrl Pts',(220.861710029832,-1.52816153084867,10.));
#1888=CARTESIAN_POINT('Ctrl Pts',(220.850583996761,-1.5050292833835,10.));
#1889=CARTESIAN_POINT('Ctrl Pts',(220.839655592711,-1.48179117189889,10.));
#1890=CARTESIAN_POINT('Ctrl Pts',(220.828926640955,-1.45844952043001,10.));
#1891=CARTESIAN_POINT('Ctrl Pts',(220.818268122462,-1.43526110188653,10.));
#1892=CARTESIAN_POINT('Ctrl Pts',(220.807804237173,-1.41196523795802,10.));
#1893=CARTESIAN_POINT('Ctrl Pts',(220.797549759862,-1.388594298851,10.));
#1894=CARTESIAN_POINT('Ctrl Pts',(220.743106689605,-1.26451331050663,10.));
#1895=CARTESIAN_POINT('Ctrl Pts',(220.694500248222,-1.13818808805393,10.));
#1896=CARTESIAN_POINT('Ctrl Pts',(220.651885461016,-1.01002949284036,10.));
#1897=CARTESIAN_POINT('Ctrl Pts',(220.645374543657,-0.990448730457533,10.));
#1898=CARTESIAN_POINT('Ctrl Pts',(220.639003556847,-0.970825096406714,10.));
#1899=CARTESIAN_POINT('Ctrl Pts',(220.632773126307,-0.951159978560099,10.));
#1900=CARTESIAN_POINT('Ctrl Pts',(220.592414959271,-0.82377743160691,10.));
#1901=CARTESIAN_POINT('Ctrl Pts',(220.557950784279,-0.69465666300059,10.));
#1902=CARTESIAN_POINT('Ctrl Pts',(220.529317278689,-0.56421788089905,10.));
#1903=CARTESIAN_POINT('Ctrl Pts',(220.500335944649,-0.432194580289812,10.));
#1904=CARTESIAN_POINT('Ctrl Pts',(220.477327567569,-0.298820348308722,10.));
#1905=CARTESIAN_POINT('Ctrl Pts',(220.46027404786,-0.164506758424342,10.));
#1906=CARTESIAN_POINT('Ctrl Pts',(220.444708234271,-0.0419103479195885,
10.));
#1907=CARTESIAN_POINT('Ctrl Pts',(220.434104093884,0.081469395478017,10.));
#1908=CARTESIAN_POINT('Ctrl Pts',(220.42848416726,0.205328976715696,10.));
#1909=CARTESIAN_POINT('Ctrl Pts',(220.427575706088,0.225350878758844,10.));
#1910=CARTESIAN_POINT('Ctrl Pts',(220.426797561377,0.245385328752594,10.));
#1911=CARTESIAN_POINT('Ctrl Pts',(220.426149916093,0.265431052646829,10.));
#1912=CARTESIAN_POINT('Ctrl Pts',(220.425565663042,0.283514679014701,10.));
#1913=CARTESIAN_POINT('Ctrl Pts',(220.425087907409,0.301598697875772,10.));
#1914=CARTESIAN_POINT('Ctrl Pts',(220.424716514603,0.319679476017918,10.));
#1915=CARTESIAN_POINT('Ctrl Pts',(220.421872788293,0.458122611210287,10.));
#1916=CARTESIAN_POINT('Ctrl Pts',(220.425259481991,0.596423770667748,10.));
#1917=CARTESIAN_POINT('Ctrl Pts',(220.434804257994,0.734142303189559,10.));
#1918=CARTESIAN_POINT('Ctrl Pts',(220.444454643676,0.873384644125606,10.));
#1919=CARTESIAN_POINT('Ctrl Pts',(220.46039993569,1.01203217046528,10.));
#1920=CARTESIAN_POINT('Ctrl Pts',(220.482615100146,1.14964757125474,10.));
#1921=CARTESIAN_POINT('Ctrl Pts',(220.491410833124,1.20413415052264,10.));
#1922=CARTESIAN_POINT('Ctrl Pts',(220.501190013651,1.25845906388849,10.));
#1923=CARTESIAN_POINT('Ctrl Pts',(220.511953316853,1.31259552007103,10.));
#1924=CARTESIAN_POINT('Ctrl Pts',(220.538993588087,1.4486006507775,10.));
#1925=CARTESIAN_POINT('Ctrl Pts',(220.572241410851,1.58341672738686,10.));
#1926=CARTESIAN_POINT('Ctrl Pts',(220.61148395595,1.71669559321231,10.));
#1927=CARTESIAN_POINT('Ctrl Pts',(220.634741641033,1.79568531932859,10.));
#1928=CARTESIAN_POINT('Ctrl Pts',(220.660105993615,1.87413504782301,10.));
#1929=CARTESIAN_POINT('Ctrl Pts',(220.687541161975,1.9519707407,10.));
#1930=CARTESIAN_POINT('Ctrl Pts',(220.697721848231,1.98085413438999,10.));
#1931=CARTESIAN_POINT('Ctrl Pts',(220.708187749465,2.00965295721908,10.));
#1932=CARTESIAN_POINT('Ctrl Pts',(220.718937244921,2.03836335649922,10.));
#1933=CARTESIAN_POINT('Ctrl Pts',(220.725495495349,2.05587952636485,10.));
#1934=CARTESIAN_POINT('Ctrl Pts',(220.732155970218,2.07335384597582,10.));
#1935=CARTESIAN_POINT('Ctrl Pts',(220.738917226525,2.09078360879717,10.));
#1936=CARTESIAN_POINT('Ctrl Pts',(220.790223668206,2.22304587916743,10.));
#1937=CARTESIAN_POINT('Ctrl Pts',(220.847342289094,2.35277798003388,10.));
#1938=CARTESIAN_POINT('Ctrl Pts',(220.909983535248,2.47962839857172,10.));
#1939=CARTESIAN_POINT('Ctrl Pts',(220.973243626388,2.60773199692741,10.));
#1940=CARTESIAN_POINT('Ctrl Pts',(221.042136190823,2.73289743237354,10.));
#1941=CARTESIAN_POINT('Ctrl Pts',(221.116416614024,2.85475959303384,10.));
#1942=CARTESIAN_POINT('Ctrl Pts',(221.190735920106,2.97668554374276,10.));
#1943=CARTESIAN_POINT('Ctrl Pts',(221.270449002191,3.09530551896661,10.));
#1944=CARTESIAN_POINT('Ctrl Pts',(221.355360625509,3.21023950588794,10.));
#1945=CARTESIAN_POINT('Ctrl Pts',(221.414734682063,3.29060656016066,10.));
#1946=CARTESIAN_POINT('Ctrl Pts',(221.476651575076,3.3691710891777,10.));
#1947=CARTESIAN_POINT('Ctrl Pts',(221.541057909583,3.44579596901794,10.));
#1948=CARTESIAN_POINT('Ctrl Pts',(221.574522377895,3.48560899180473,10.));
#1949=CARTESIAN_POINT('Ctrl Pts',(221.60865909069,3.52489825722788,10.));
#1950=CARTESIAN_POINT('Ctrl Pts',(221.643452353083,3.56365293443616,10.));
#1951=CARTESIAN_POINT('Ctrl Pts',(221.658337855121,3.58023323725589,10.));
#1952=CARTESIAN_POINT('Ctrl Pts',(221.6733435381,3.5967156837211,10.));
#1953=CARTESIAN_POINT('Ctrl Pts',(221.68846821091,3.61309939133552,10.));
#1954=CARTESIAN_POINT('Ctrl Pts',(221.702504820559,3.62830446130688,10.));
#1955=CARTESIAN_POINT('Ctrl Pts',(221.716641311427,3.64342160521003,10.));
#1956=CARTESIAN_POINT('Ctrl Pts',(221.730869851587,3.6584432185952,10.));
#1957=CARTESIAN_POINT('Ctrl Pts',(221.830075042298,3.76317792812499,10.));
#1958=CARTESIAN_POINT('Ctrl Pts',(221.933845109212,3.86337272776987,10.));
#1959=CARTESIAN_POINT('Ctrl Pts',(222.041772190956,3.95884801932198,10.));
#1960=CARTESIAN_POINT('Ctrl Pts',(222.15270381229,4.05698120997453,10.));
#1961=CARTESIAN_POINT('Ctrl Pts',(222.268027505631,4.1501291260588,10.));
#1962=CARTESIAN_POINT('Ctrl Pts',(222.387347708112,4.23806682209478,10.));
#1963=CARTESIAN_POINT('Ctrl Pts',(222.4334997742,4.27208039460458,10.));
#1964=CARTESIAN_POINT('Ctrl Pts',(222.480250208933,4.30531411265934,10.));
#1965=CARTESIAN_POINT('Ctrl Pts',(222.527577743158,4.3377534732639,10.));
#1966=CARTESIAN_POINT('Ctrl Pts',(222.548902522068,4.35236995823885,10.));
#1967=CARTESIAN_POINT('Ctrl Pts',(222.570344475562,4.36682515974774,10.));
#1968=CARTESIAN_POINT('Ctrl Pts',(222.591901710884,4.38111768972349,10.));
#1969=CARTESIAN_POINT('Ctrl Pts',(222.613663731806,4.39554599333963,10.));
#1970=CARTESIAN_POINT('Ctrl Pts',(222.635536887827,4.40980426900663,10.));
#1971=CARTESIAN_POINT('Ctrl Pts',(222.657513200906,4.42388771278853,10.));
#1972=CARTESIAN_POINT('Ctrl Pts',(222.782543321585,4.50401283065407,10.));
#1973=CARTESIAN_POINT('Ctrl Pts',(222.910966794524,4.57851988276853,10.));
#1974=CARTESIAN_POINT('Ctrl Pts',(223.042383004816,4.64719894768708,10.));
#1975=CARTESIAN_POINT('Ctrl Pts',(223.174054649298,4.71601150436619,10.));
#1976=CARTESIAN_POINT('Ctrl Pts',(223.308731279549,4.77897393223644,10.));
#1977=CARTESIAN_POINT('Ctrl Pts',(223.446045779688,4.83583752030494,10.));
#1978=CARTESIAN_POINT('Ctrl Pts',(223.481526657023,4.85053057887499,10.));
#1979=CARTESIAN_POINT('Ctrl Pts',(223.51718381378,4.86481622338096,10.));
#1980=CARTESIAN_POINT('Ctrl Pts',(223.55301122773,4.87868968777754,10.));
#1981=CARTESIAN_POINT('Ctrl Pts',(223.594108211457,4.89460368986968,10.));
#1982=CARTESIAN_POINT('Ctrl Pts',(223.635429216665,4.90997535467245,10.));
#1983=CARTESIAN_POINT('Ctrl Pts',(223.676963233814,4.92480420594294,10.));
#1984=CARTESIAN_POINT('Ctrl Pts',(229.262827437694,9.85434430242349E-5,
7.57968167058906));
#1985=CARTESIAN_POINT('Ctrl Pts',(229.26301939255,0.225680724442415,7.59231317243494));
#1986=CARTESIAN_POINT('Ctrl Pts',(229.245423629018,0.451233253085681,7.60494467428082));
#1987=CARTESIAN_POINT('Ctrl Pts',(229.209779924537,0.673896688266675,7.6175761761267));
#1988=CARTESIAN_POINT('Ctrl Pts',(229.097734115359,1.37383809818132,7.65728323985792));
#1989=CARTESIAN_POINT('Ctrl Pts',(228.807346472586,2.04523075414581,7.69699030358914));
#1990=CARTESIAN_POINT('Ctrl Pts',(228.374022758053,2.60621453213652,7.73669736732036));
#1991=CARTESIAN_POINT('Ctrl Pts',(227.94069904352,3.16719831012724,7.77640443105158));
#1992=CARTESIAN_POINT('Ctrl Pts',(227.364439257226,3.61777321014418,7.81611149478281));
#1993=CARTESIAN_POINT('Ctrl Pts',(226.715504366861,3.90300250157047,7.85581855851403));
#1994=CARTESIAN_POINT('Ctrl Pts',(226.066569476495,4.18823179299676,7.89552562224525));
#1995=CARTESIAN_POINT('Ctrl Pts',(225.344959482058,4.30811547583238,7.93523268597647));
#1996=CARTESIAN_POINT('Ctrl Pts',(224.638657299541,4.2480366301433,7.97493974970769));
#1997=CARTESIAN_POINT('Ctrl Pts',(223.932355117023,4.18795778445421,8.01464681343891));
#1998=CARTESIAN_POINT('Ctrl Pts',(223.241360746424,3.9479164102404,8.05435387717014));
#1999=CARTESIAN_POINT('Ctrl Pts',(222.649924268076,3.5571797559785,8.09406094090136));
#2000=CARTESIAN_POINT('Ctrl Pts',(222.058487789728,3.1664431017166,8.13376800463258));
#2001=CARTESIAN_POINT('Ctrl Pts',(221.566609203632,2.6250111674066,8.1734750683638));
#2002=CARTESIAN_POINT('Ctrl Pts',(221.234261226644,1.99889850827831,8.21318213209502));
#2003=CARTESIAN_POINT('Ctrl Pts',(220.901913249656,1.37278584915003,8.25288919582625));
#2004=CARTESIAN_POINT('Ctrl Pts',(220.729095881776,0.661992465203451,8.29259625955747));
#2005=CARTESIAN_POINT('Ctrl Pts',(220.736880030033,-0.0468175590027137,
8.33230332328869));
#2006=CARTESIAN_POINT('Ctrl Pts',(220.74466417829,-0.755627583208881,8.37201038701991));
#2007=CARTESIAN_POINT('Ctrl Pts',(220.933049842683,-1.46245424767464,8.41171745075113));
#2008=CARTESIAN_POINT('Ctrl Pts',(221.279067936501,-2.08111709103056,8.45142451448235));
#2009=CARTESIAN_POINT('Ctrl Pts',(221.625086030319,-2.69977993438648,8.49113157821358));
#2010=CARTESIAN_POINT('Ctrl Pts',(222.128736553561,-3.23027895663255,8.5308386419448));
#2011=CARTESIAN_POINT('Ctrl Pts',(222.728611492437,-3.60793264383544,8.57054570567602));
#2012=CARTESIAN_POINT('Ctrl Pts',(223.328486431313,-3.98558633103833,8.61025276940724));
#2013=CARTESIAN_POINT('Ctrl Pts',(224.024585785823,-4.21039468319803,8.64995983313846));
#2014=CARTESIAN_POINT('Ctrl Pts',(224.732037030656,-4.25494767716166,8.68966689686968));
#2015=CARTESIAN_POINT('Ctrl Pts',(225.439488275488,-4.29950067112529,8.7293739606009));
#2016=CARTESIAN_POINT('Ctrl Pts',(226.158291410643,-4.16379830689286,8.76908102433213));
#2017=CARTESIAN_POINT('Ctrl Pts',(226.800805783076,-3.86438636830647,8.80878808806335));
#2018=CARTESIAN_POINT('Ctrl Pts',(227.44332015551,-3.56497442972008,8.84849515179457));
#2019=CARTESIAN_POINT('Ctrl Pts',(228.009545765222,-3.10185291677975,8.88820221552579));
#2020=CARTESIAN_POINT('Ctrl Pts',(228.430444996193,-2.53148797526618,8.92790927925702));
#2021=CARTESIAN_POINT('Ctrl Pts',(228.851344227165,-1.9611230337526,8.96761634298824));
#2022=CARTESIAN_POINT('Ctrl Pts',(229.126917079395,-1.28351466366579,9.00732340671946));
#2023=CARTESIAN_POINT('Ctrl Pts',(229.223564259828,-0.581281582987201,9.04703047045068));
#2024=CARTESIAN_POINT('Ctrl Pts',(229.250055318216,-0.38879901434204,9.05791420383014));
#2025=CARTESIAN_POINT('Ctrl Pts',(229.263103478734,-0.194466361993221,9.0687979372096));
#2026=CARTESIAN_POINT('Ctrl Pts',(229.262915325819,-0.000108646427097181,
9.07968167058906));
#2027=CARTESIAN_POINT('Ctrl Pts',(226.322884965569,4.9244061944433,10.));
#2028=CARTESIAN_POINT('Ctrl Pts',(227.141934657241,4.70437793511953,9.96029293626878));
#2029=CARTESIAN_POINT('Ctrl Pts',(228.667239641924,3.84769196516833,9.88087880880634));
#2030=CARTESIAN_POINT('Ctrl Pts',(230.061510792006,1.62350338487356,9.76175761761266));
#2031=CARTESIAN_POINT('Ctrl Pts',(230.221228488602,-0.996374703472746,9.64263642641901));
#2032=CARTESIAN_POINT('Ctrl Pts',(229.107866324775,-3.37342515038628,9.52351523522534));
#2033=CARTESIAN_POINT('Ctrl Pts',(226.992733403545,-4.92780774130182,9.40439404403167));
#2034=CARTESIAN_POINT('Ctrl Pts',(224.391696251218,-5.28056326094323,9.28527285283801));
#2035=CARTESIAN_POINT('Ctrl Pts',(221.938982285256,-4.34563263016431,9.16615166164435));
#2036=CARTESIAN_POINT('Ctrl Pts',(220.232708548367,-2.35101767708858,9.04703047045068));
#2037=CARTESIAN_POINT('Ctrl Pts',(219.688944297152,0.216899502531308,8.92790927925702));
#2038=CARTESIAN_POINT('Ctrl Pts',(220.440291308876,2.73192418126127,8.80878808806335));
#2039=CARTESIAN_POINT('Ctrl Pts',(222.303530517505,4.58076501533433,8.68966689686968));
#2040=CARTESIAN_POINT('Ctrl Pts',(224.824308688327,5.31257820849861,8.57054570567602));
#2041=CARTESIAN_POINT('Ctrl Pts',(227.387929364704,4.74891022786357,8.45142451448236));
#2042=CARTESIAN_POINT('Ctrl Pts',(229.369249434216,3.02721230636948,8.33230332328869));
#2043=CARTESIAN_POINT('Ctrl Pts',(230.285120524772,0.567323507031938,8.21318213209502));
#2044=CARTESIAN_POINT('Ctrl Pts',(229.912205941016,-2.030908111885,8.09406094090136));
#2045=CARTESIAN_POINT('Ctrl Pts',(228.341441525106,-4.13389930630258,7.9749397497077));
#2046=CARTESIAN_POINT('Ctrl Pts',(225.955860876469,-5.22883208152034,7.85581855851403));
#2047=CARTESIAN_POINT('Ctrl Pts',(223.337191915844,-5.04870520264746,7.73669736732037));
#2048=CARTESIAN_POINT('Ctrl Pts',(221.124001553215,-3.63744291903208,7.6175761761267));
#2049=CARTESIAN_POINT('Ctrl Pts',(219.855980045918,-1.33918395336554,7.49845498493303));
#2050=CARTESIAN_POINT('Ctrl Pts',(219.842336609272,1.28563731142733,7.37933379373937));
#2051=CARTESIAN_POINT('Ctrl Pts',(221.086398218488,3.5969537173247,7.2602126025457));
#2052=CARTESIAN_POINT('Ctrl Pts',(223.284798320846,5.03114680252317,7.14109141135204));
#2053=CARTESIAN_POINT('Ctrl Pts',(225.90145328847,5.2384861284021,7.02197022015837));
#2054=CARTESIAN_POINT('Ctrl Pts',(228.298287328738,4.16841164543912,6.90284902896471));
#2055=CARTESIAN_POINT('Ctrl Pts',(229.890828358395,2.08186284789908,6.78372783777104));
#2056=CARTESIAN_POINT('Ctrl Pts',(230.290732521499,-0.512351768511353,6.66460664657738));
#2057=CARTESIAN_POINT('Ctrl Pts',(229.400482503382,-2.98162852920571,6.54548545538371));
#2058=CARTESIAN_POINT('Ctrl Pts',(227.437167294753,-4.7238300695653,6.42636426419004));
#2059=CARTESIAN_POINT('Ctrl Pts',(224.879544669735,-5.3141175619434,6.30724307299638));
#2060=CARTESIAN_POINT('Ctrl Pts',(222.351295283179,-4.60854839096137,6.18812188180272));
#2061=CARTESIAN_POINT('Ctrl Pts',(220.46893707546,-2.77917680664673,6.06900069060905));
#2062=CARTESIAN_POINT('Ctrl Pts',(219.69148631746,-0.272098201068515,5.94987949941539));
#2063=CARTESIAN_POINT('Ctrl Pts',(220.208525707235,2.30133201657566,5.83075830822172));
#2064=CARTESIAN_POINT('Ctrl Pts',(221.893974304602,4.3135784829155,5.71163711702806));
#2065=CARTESIAN_POINT('Ctrl Pts',(224.336832584204,5.27395145288336,5.59251592583439));
#2066=CARTESIAN_POINT('Ctrl Pts',(226.941405373254,4.94826233393545,5.47339473464073));
#2067=CARTESIAN_POINT('Ctrl Pts',(229.072563139041,3.41593097519121,5.35427354344706));
#2068=CARTESIAN_POINT('Ctrl Pts',(230.210619412592,1.05061900128701,5.2351523522534));
#2069=CARTESIAN_POINT('Ctrl Pts',(230.078057223654,-1.57088821436729,5.11603116105973));
#2070=CARTESIAN_POINT('Ctrl Pts',(228.7072020889,-3.80933165014591,4.99690996986607));
#2071=CARTESIAN_POINT('Ctrl Pts',(226.432339379355,-5.11886304281476,4.8777887786724));
#2072=CARTESIAN_POINT('Ctrl Pts',(223.808198260498,-5.18015092081928,4.75866758747874));
#2073=CARTESIAN_POINT('Ctrl Pts',(221.47468003576,-3.97825013020502,4.63954639628507));
#2074=CARTESIAN_POINT('Ctrl Pts',(220.000817118397,-1.80624623599018,4.52042520509141));
#2075=CARTESIAN_POINT('Ctrl Pts',(219.746013503536,0.806213894522345,4.40130401389774));
#2076=CARTESIAN_POINT('Ctrl Pts',(220.772403488796,3.22207738690399,4.28218282270408));
#2077=CARTESIAN_POINT('Ctrl Pts',(222.829700119455,4.85223179343797,4.16306163151041));
#2078=CARTESIAN_POINT('Ctrl Pts',(225.416228090767,5.29916117184608,4.04394044031674));
#2079=CARTESIAN_POINT('Ctrl Pts',(227.901258129711,4.45388102821929,3.92481924912308));
#2080=CARTESIAN_POINT('Ctrl Pts',(229.678811407802,2.52251437240011,3.80569805792942));
#2081=CARTESIAN_POINT('Ctrl Pts',(230.315428515639,-0.0239717307767576,
3.68657686673575));
#2082=CARTESIAN_POINT('Ctrl Pts',(229.655869281813,-2.56461228637263,3.56745567554209));
#2083=CARTESIAN_POINT('Ctrl Pts',(227.860968354424,-4.47986774623196,3.44833448434842));
#2084=CARTESIAN_POINT('Ctrl Pts',(225.368415396848,-5.30269978823148,3.32921329315475));
#2085=CARTESIAN_POINT('Ctrl Pts',(222.786023714154,-4.83245941053366,3.21009210196109));
#2086=CARTESIAN_POINT('Ctrl Pts',(220.743513938304,-3.18381553412448,3.09097091076743));
#2087=CARTESIAN_POINT('Ctrl Pts',(219.73895557419,-0.758792790158561,2.97184971957376));
#2088=CARTESIAN_POINT('Ctrl Pts',(220.017311898347,1.85126287447096,2.85272852838009));
#2089=CARTESIAN_POINT('Ctrl Pts',(221.510705244684,4.00988491845697,2.73360733718643));
#2090=CARTESIAN_POINT('Ctrl Pts',(223.854969089536,5.19068966157919,2.61448614599276));
#2091=CARTESIAN_POINT('Ctrl Pts',(226.478450681793,5.10573584611074,2.4953649547991));
#2092=CARTESIAN_POINT('Ctrl Pts',(228.741409544706,3.77573960536118,2.37624376360543));
#2093=CARTESIAN_POINT('Ctrl Pts',(230.092019286194,1.52502279912493,2.25712257241177));
#2094=CARTESIAN_POINT('Ctrl Pts',(230.200931408985,-1.09757342698504,2.1380013812181));
#2095=CARTESIAN_POINT('Ctrl Pts',(229.041587505618,-3.45252449424708,2.01888019002444));
#2096=CARTESIAN_POINT('Ctrl Pts',(226.896695571095,-4.96557155414019,1.89975899883077));
#2097=CARTESIAN_POINT('Ctrl Pts',(224.289291175418,-5.26775549115892,1.78063780763711));
#2098=CARTESIAN_POINT('Ctrl Pts',(221.855194342388,-4.28538823535905,1.66151661644344));
#2099=CARTESIAN_POINT('Ctrl Pts',(220.187963753291,-2.25802172281662,1.54239542524978));
#2100=CARTESIAN_POINT('Ctrl Pts',(219.694156436122,0.319967250704417,1.42327423405611));
#2101=CARTESIAN_POINT('Ctrl Pts',(220.49418816094,2.81993166477146,1.30415304286245));
#2102=CARTESIAN_POINT('Ctrl Pts',(222.392969799404,4.6322509106706,1.18503185166878));
#2103=CARTESIAN_POINT('Ctrl Pts',(224.927480248556,5.31498785405721,1.06591066047512));
#2104=CARTESIAN_POINT('Ctrl Pts',(227.479674689539,4.70165588835171,0.946789469281453));
#2105=CARTESIAN_POINT('Ctrl Pts',(229.427196372969,2.94181713757075,0.827668278087788));
#2106=CARTESIAN_POINT('Ctrl Pts',(230.295138296257,0.464611131581221,0.708547086894122));
#2107=CARTESIAN_POINT('Ctrl Pts',(229.871852434427,-2.12589085564473,0.589425895700457));
#2108=CARTESIAN_POINT('Ctrl Pts',(228.260555384744,-4.19799124413201,0.470304704506794));
#2109=CARTESIAN_POINT('Ctrl Pts',(225.854169858185,-5.24640317357447,0.351183513313129));
#2110=CARTESIAN_POINT('Ctrl Pts',(223.239485853307,-5.01547323219843,0.232062322119464));
#2111=CARTESIAN_POINT('Ctrl Pts',(221.054122820719,-3.56150654061867,0.112941130925799));
#2112=CARTESIAN_POINT('Ctrl Pts',(219.830932286733,-1.23907302575091,-0.0061800602678663));
#2113=CARTESIAN_POINT('Ctrl Pts',(219.868305081345,1.38553121284114,-0.125301251461532));
#2114=CARTESIAN_POINT('Ctrl Pts',(221.156876257844,3.6722002451891,-0.244422442655197));
#2115=CARTESIAN_POINT('Ctrl Pts',(223.382954821089,5.06345187984264,-0.363543633848863));
#2116=CARTESIAN_POINT('Ctrl Pts',(225.129280823547,5.16743091884081,-0.442957761311307));
#2117=CARTESIAN_POINT('Ctrl Pts',(225.962135124918,5.00740421789561,-0.482664825042529));
#2118=CARTESIAN_POINT('Ctrl Pts',(226.250587663404,4.65528129553799,10.1608882750142));
#2119=CARTESIAN_POINT('Ctrl Pts',(227.024875274783,4.44727785315836,10.121181211283));
#2120=CARTESIAN_POINT('Ctrl Pts',(228.466820452498,3.63741083273186,10.0417670838205));
#2121=CARTESIAN_POINT('Ctrl Pts',(229.784892956998,1.53477691368612,9.92264589262685));
#2122=CARTESIAN_POINT('Ctrl Pts',(229.935881883616,-0.941921591614003,9.80352470143318));
#2123=CARTESIAN_POINT('Ctrl Pts',(228.883366341281,-3.18906328690175,9.68440351023952));
#2124=CARTESIAN_POINT('Ctrl Pts',(226.883828054433,-4.65849694364683,9.56528231904585));
#2125=CARTESIAN_POINT('Ctrl Pts',(224.424940804658,-4.99197393714454,9.44616112785219));
#2126=CARTESIAN_POINT('Ctrl Pts',(222.106270695371,-4.10813842353442,9.32703993665852));
#2127=CARTESIAN_POINT('Ctrl Pts',(220.493246931943,-2.22253164858324,9.20791874546486));
#2128=CARTESIAN_POINT('Ctrl Pts',(219.979200070675,0.205045676021786,9.08879755427118));
#2129=CARTESIAN_POINT('Ctrl Pts',(220.689485037436,2.58262114043402,8.96967636307753));
#2130=CARTESIAN_POINT('Ctrl Pts',(222.450895915124,4.33042053257173,8.85055517188386));
#2131=CARTESIAN_POINT('Ctrl Pts',(224.833910436157,5.02223922815574,8.73143398069019));
#2132=CARTESIAN_POINT('Ctrl Pts',(227.257426066745,4.48937640093712,8.61231278949653));
#2133=CARTESIAN_POINT('Ctrl Pts',(229.130464539988,2.86177140370067,8.49319159830286));
#2134=CARTESIAN_POINT('Ctrl Pts',(229.996282140859,0.536318574569446,8.3740704071092));
#2135=CARTESIAN_POINT('Ctrl Pts',(229.643747801074,-1.91991646767137,8.25494921591554));
#2136=CARTESIAN_POINT('Ctrl Pts',(228.158827606365,-3.90797658811803,8.13582802472187));
#2137=CARTESIAN_POINT('Ctrl Pts',(225.903621895444,-4.94306993076196,8.01670683352821));
#2138=CARTESIAN_POINT('Ctrl Pts',(223.428066437538,-4.77278720896155,7.89758564233454));
#2139=CARTESIAN_POINT('Ctrl Pts',(221.335829669938,-3.43865215742452,7.77846445114088));
#2140=CARTESIAN_POINT('Ctrl Pts',(220.137107108846,-1.26599589132634,7.65934325994721));
#2141=CARTESIAN_POINT('Ctrl Pts',(220.124209302914,1.21537563970391,7.54022206875354));
#2142=CARTESIAN_POINT('Ctrl Pts',(221.300281404037,3.40037574074868,7.42110087755988));
#2143=CARTESIAN_POINT('Ctrl Pts',(223.378536217412,4.75618839715549,7.30197968636621));
#2144=CARTESIAN_POINT('Ctrl Pts',(225.85218774953,4.95219637202214,7.18285849517255));
#2145=CARTESIAN_POINT('Ctrl Pts',(228.118031840287,3.94060278516671,7.06373730397888));
#2146=CARTESIAN_POINT('Ctrl Pts',(229.623538529826,1.9680864642393,6.94461611278522));
#2147=CARTESIAN_POINT('Ctrl Pts',(230.001587435013,-0.484351109658278,6.82549492159155));
#2148=CARTESIAN_POINT('Ctrl Pts',(229.159990683232,-2.8186788364283,6.70637373039789));
#2149=CARTESIAN_POINT('Ctrl Pts',(227.30397308292,-4.46566690435928,6.58725253920422));
#2150=CARTESIAN_POINT('Ctrl Pts',(224.886127702755,-5.02369445402781,6.46813134801056));
#2151=CARTESIAN_POINT('Ctrl Pts',(222.496050277181,-4.35668551230256,6.34901015681689));
#2152=CARTESIAN_POINT('Ctrl Pts',(220.716565277389,-2.62729135130538,6.22988896562323));
#2153=CARTESIAN_POINT('Ctrl Pts',(219.981603166424,-0.257227697303511,6.11076777442956));
#2154=CARTESIAN_POINT('Ctrl Pts',(220.470385713037,2.17556137096821,5.9916465832359));
#2155=CARTESIAN_POINT('Ctrl Pts',(222.063722456615,4.0778360751416,5.87252539204223));
#2156=CARTESIAN_POINT('Ctrl Pts',(224.373075505012,4.98572347258589,5.75340420084857));
#2157=CARTESIAN_POINT('Ctrl Pts',(226.835305164583,4.67783366745379,5.6342830096549));
#2158=CARTESIAN_POINT('Ctrl Pts',(228.849992518381,3.22924611572466,5.51516181846123));
#2159=CARTESIAN_POINT('Ctrl Pts',(229.925852606752,0.993201371354609,5.39604062726757));
#2160=CARTESIAN_POINT('Ctrl Pts',(229.800535105659,-1.48503722742796,5.27691943607391));
#2161=CARTESIAN_POINT('Ctrl Pts',(228.504598902241,-3.60114695644636,5.15779824488024));
#2162=CARTESIAN_POINT('Ctrl Pts',(226.354060257884,-4.83911083625182,5.03867705368658));
#2163=CARTESIAN_POINT('Ctrl Pts',(223.873331701972,-4.89704925579967,4.91955586249291));
#2164=CARTESIAN_POINT('Ctrl Pts',(221.66734313899,-3.76083383231319,4.80043467129925));
#2165=CARTESIAN_POINT('Ctrl Pts',(220.274028655889,-1.70753264160646,4.68131348010558));
#2166=CARTESIAN_POINT('Ctrl Pts',(220.033150374233,0.762153306444897,4.56219228891192));
#2167=CARTESIAN_POINT('Ctrl Pts',(221.003446875301,3.04598686618413,4.44307109771825));
#2168=CARTESIAN_POINT('Ctrl Pts',(222.948309696505,4.5870513149576,4.32394990652459));
#2169=CARTESIAN_POINT('Ctrl Pts',(225.393480709981,5.00955544917737,4.20482871533092));
#2170=CARTESIAN_POINT('Ctrl Pts',(227.742700778829,4.21047091253704,4.08570752413726));
#2171=CARTESIAN_POINT('Ctrl Pts',(229.423108568231,2.38465583704504,3.96658633294359));
#2172=CARTESIAN_POINT('Ctrl Pts',(230.02493376248,-0.0226616459935085,3.84746514174993));
#2173=CARTESIAN_POINT('Ctrl Pts',(229.401420257848,-2.42445304786786,3.72834395055626));
#2174=CARTESIAN_POINT('Ctrl Pts',(227.704612889673,-4.23503742421784,3.6092227593626));
#2175=CARTESIAN_POINT('Ctrl Pts',(225.348281039015,-5.01290067579365,3.49010156816893));
#2176=CARTESIAN_POINT('Ctrl Pts',(222.90702026086,-4.56835951727313,3.37098037697527));
#2177=CARTESIAN_POINT('Ctrl Pts',(220.976136174532,-3.00981607105799,3.2518591857816));
#2178=CARTESIAN_POINT('Ctrl Pts',(220.026478169469,-0.717323824180097,3.13273799458794));
#2179=CARTESIAN_POINT('Ctrl Pts',(220.289621975681,1.75008906502743,3.01361680339427));
#2180=CARTESIAN_POINT('Ctrl Pts',(221.701399525618,3.79073974019783,2.89449561220061));
#2181=CARTESIAN_POINT('Ctrl Pts',(223.917546447263,4.90701204132161,2.77537442100694));
#2182=CARTESIAN_POINT('Ctrl Pts',(226.397651520521,4.82670105710972,2.65625322981328));
#2183=CARTESIAN_POINT('Ctrl Pts',(228.536936878211,3.56939075852311,2.53713203861961));
#2184=CARTESIAN_POINT('Ctrl Pts',(229.813734124185,1.4416784139469,2.41801084742595));
#2185=CARTESIAN_POINT('Ctrl Pts',(229.916694064544,-1.03758967952087,2.29888965623228));
#2186=CARTESIAN_POINT('Ctrl Pts',(228.820709741697,-3.26383975363189,2.17976846503861));
#2187=CARTESIAN_POINT('Ctrl Pts',(226.793038808499,-4.69419691733159,2.06064727384495));
#2188=CARTESIAN_POINT('Ctrl Pts',(224.328132293111,-4.97986612784527,1.94152608265128));
#2189=CARTESIAN_POINT('Ctrl Pts',(222.027061867378,-4.05118645953633,1.82240489145762));
#2190=CARTESIAN_POINT('Ctrl Pts',(220.450947495348,-2.1346180384161,1.70328370026395));
#2191=CARTESIAN_POINT('Ctrl Pts',(219.984127359793,0.302480644076393,1.58416250907029));
#2192=CARTESIAN_POINT('Ctrl Pts',(220.740436359767,2.66581890594627,1.46504131787662));
#2193=CARTESIAN_POINT('Ctrl Pts',(222.535447229468,4.37909265994689,1.34592012668296));
#2194=CARTESIAN_POINT('Ctrl Pts',(224.93144354281,5.02451718359948,1.22679893548929));
#2195=CARTESIAN_POINT('Ctrl Pts',(227.344157395922,4.44470456961849,1.10767774429563));
#2196=CARTESIAN_POINT('Ctrl Pts',(229.185244606753,2.78104318666474,0.988556553101964));
#2197=CARTESIAN_POINT('Ctrl Pts',(230.005752428723,0.439219557677718,0.869435361908299));
#2198=CARTESIAN_POINT('Ctrl Pts',(229.605599663611,-2.00970828681954,0.750314170714634));
#2199=CARTESIAN_POINT('Ctrl Pts',(228.082361993776,-3.96856582214768,0.63119297952097));
#2200=CARTESIAN_POINT('Ctrl Pts',(225.807488417286,-4.95968074086816,0.512071788327305));
#2201=CARTESIAN_POINT('Ctrl Pts',(223.335700132357,-4.7413714068655,0.39295059713364));
#2202=CARTESIAN_POINT('Ctrl Pts',(221.26976989674,-3.36686579616177,0.273829405939975));
#2203=CARTESIAN_POINT('Ctrl Pts',(220.11342824073,-1.17135614992377,0.15470821474631));
#2204=CARTESIAN_POINT('Ctrl Pts',(220.148758565819,1.30981021565639,0.0355870235526448));
#2205=CARTESIAN_POINT('Ctrl Pts',(221.366907731233,3.47150995264951,-0.0835341676410203));
#2206=CARTESIAN_POINT('Ctrl Pts',(223.47132834332,4.78672796197976,-0.202655358834686));
#2207=CARTESIAN_POINT('Ctrl Pts',(225.122215466386,4.88502441768693,-0.282069486297131));
#2208=CARTESIAN_POINT('Ctrl Pts',(225.909553248444,4.73374337419026,-0.321776550028353));
#2209=CARTESIAN_POINT('Ctrl Pts',(226.178290361239,4.38615639663267,10.3217765500284));
#2210=CARTESIAN_POINT('Ctrl Pts',(226.907815892326,4.1901777711972,10.2820694862971));
#2211=CARTESIAN_POINT('Ctrl Pts',(228.266401263072,3.42712970029538,10.2026553588347));
#2212=CARTESIAN_POINT('Ctrl Pts',(229.50827512199,1.44605044249867,10.083534167641));
#2213=CARTESIAN_POINT('Ctrl Pts',(229.65053527863,-0.887468479755256,9.96441297644736));
#2214=CARTESIAN_POINT('Ctrl Pts',(228.658866357787,-3.00470142341721,9.84529178525369));
#2215=CARTESIAN_POINT('Ctrl Pts',(226.774922705321,-4.38918614599184,9.72617059406003));
#2216=CARTESIAN_POINT('Ctrl Pts',(224.458185358099,-4.70338461334585,9.60704940286636));
#2217=CARTESIAN_POINT('Ctrl Pts',(222.273559105486,-3.87064421690454,9.4879282116727));
#2218=CARTESIAN_POINT('Ctrl Pts',(220.753785315519,-2.09404562007791,9.36880702047903));
#2219=CARTESIAN_POINT('Ctrl Pts',(220.269455844198,0.193191849512262,9.24968582928537));
#2220=CARTESIAN_POINT('Ctrl Pts',(220.938678765996,2.43331809960677,9.1305646380917));
#2221=CARTESIAN_POINT('Ctrl Pts',(222.598261312742,4.08007604980913,9.01144344689804));
#2222=CARTESIAN_POINT('Ctrl Pts',(224.843512183988,4.73190024781288,8.89232225570437));
#2223=CARTESIAN_POINT('Ctrl Pts',(227.126922768785,4.22984257401066,8.77320106451071));
#2224=CARTESIAN_POINT('Ctrl Pts',(228.89167964576,2.69633050103185,8.65407987331704));
#2225=CARTESIAN_POINT('Ctrl Pts',(229.707443756947,0.505313642106961,8.53495868212338));
#2226=CARTESIAN_POINT('Ctrl Pts',(229.375289661132,-1.80892482345775,8.41583749092971));
#2227=CARTESIAN_POINT('Ctrl Pts',(227.976213687623,-3.68205386993349,8.29671629973604));
#2228=CARTESIAN_POINT('Ctrl Pts',(225.85138291442,-4.65730778000357,8.17759510854239));
#2229=CARTESIAN_POINT('Ctrl Pts',(223.518940959232,-4.49686921527565,8.05847391734871));
#2230=CARTESIAN_POINT('Ctrl Pts',(221.547657786661,-3.23986139581696,7.93935272615505));
#2231=CARTESIAN_POINT('Ctrl Pts',(220.418234171774,-1.19280782928714,7.82023153496138));
#2232=CARTESIAN_POINT('Ctrl Pts',(220.406081996557,1.14511396798048,7.70111034376772));
#2233=CARTESIAN_POINT('Ctrl Pts',(221.514164589587,3.20379776417265,7.58198915257405));
#2234=CARTESIAN_POINT('Ctrl Pts',(223.472274113978,4.48122999178781,7.46286796138039));
#2235=CARTESIAN_POINT('Ctrl Pts',(225.80292221059,4.66590661564219,7.34374677018672));
#2236=CARTESIAN_POINT('Ctrl Pts',(227.937776351837,3.71279392489429,7.22462557899306));
#2237=CARTESIAN_POINT('Ctrl Pts',(229.356248701257,1.85431008057952,7.1055043877994));
#2238=CARTESIAN_POINT('Ctrl Pts',(229.712442348528,-0.456350450805203,6.98638319660573));
#2239=CARTESIAN_POINT('Ctrl Pts',(228.919498863083,-2.6557291436509,6.86726200541207));
#2240=CARTESIAN_POINT('Ctrl Pts',(227.170778871087,-4.20750373915325,6.7481408142184));
#2241=CARTESIAN_POINT('Ctrl Pts',(224.892710735774,-4.73327134611223,6.62901962302474));
#2242=CARTESIAN_POINT('Ctrl Pts',(222.640805271184,-4.10482263364376,6.50989843183107));
#2243=CARTESIAN_POINT('Ctrl Pts',(220.964193479319,-2.47540589596403,6.3907772406374));
#2244=CARTESIAN_POINT('Ctrl Pts',(220.271720015388,-0.242357193538505,6.27165604944374));
#2245=CARTESIAN_POINT('Ctrl Pts',(220.732245718839,2.04979072536075,6.15253485825007));
#2246=CARTESIAN_POINT('Ctrl Pts',(222.233470608629,3.8420936673677,6.03341366705641));
#2247=CARTESIAN_POINT('Ctrl Pts',(224.40931842582,4.69749549228841,5.91429247586274));
#2248=CARTESIAN_POINT('Ctrl Pts',(226.729204955912,4.40740500097212,5.79517128466908));
#2249=CARTESIAN_POINT('Ctrl Pts',(228.627421897721,3.0425612562581,5.67605009347542));
#2250=CARTESIAN_POINT('Ctrl Pts',(229.641085800913,0.93578374142221,5.55692890228175));
#2251=CARTESIAN_POINT('Ctrl Pts',(229.523012987664,-1.39918624048862,5.43780771108808));
#2252=CARTESIAN_POINT('Ctrl Pts',(228.301995715582,-3.39296226274681,5.31868651989442));
#2253=CARTESIAN_POINT('Ctrl Pts',(226.275781136413,-4.5593586296889,5.19956532870075));
#2254=CARTESIAN_POINT('Ctrl Pts',(223.938465143446,-4.61394759078007,5.08044413750709));
#2255=CARTESIAN_POINT('Ctrl Pts',(221.860006242219,-3.54341753442135,4.96132294631342));
#2256=CARTESIAN_POINT('Ctrl Pts',(220.547240193381,-1.60881904722274,4.84220175511976));
#2257=CARTESIAN_POINT('Ctrl Pts',(220.320287244929,0.718092718367455,4.72308056392609));
#2258=CARTESIAN_POINT('Ctrl Pts',(221.234490261806,2.86989634546427,4.60395937273243));
#2259=CARTESIAN_POINT('Ctrl Pts',(223.066919273555,4.32187083647724,4.48483818153876));
#2260=CARTESIAN_POINT('Ctrl Pts',(225.370733329195,4.71994972650866,4.3657169903451));
#2261=CARTESIAN_POINT('Ctrl Pts',(227.584143427947,3.96706079685479,4.24659579915143));
#2262=CARTESIAN_POINT('Ctrl Pts',(229.16740572866,2.24679730168997,4.12747460795777));
#2263=CARTESIAN_POINT('Ctrl Pts',(229.734439009321,-0.0213515612102575,
4.0083534167641));
#2264=CARTESIAN_POINT('Ctrl Pts',(229.146971233883,-2.28429380936309,3.88923222557044));
#2265=CARTESIAN_POINT('Ctrl Pts',(227.548257424922,-3.99020710220372,3.77011103437677));
#2266=CARTESIAN_POINT('Ctrl Pts',(225.328146681182,-4.72310156335582,3.65098984318311));
#2267=CARTESIAN_POINT('Ctrl Pts',(223.028016807567,-4.30425962401261,3.53186865198944));
#2268=CARTESIAN_POINT('Ctrl Pts',(221.20875841076,-2.83581660799151,3.41274746079578));
#2269=CARTESIAN_POINT('Ctrl Pts',(220.314000764747,-0.675854858201632,3.29362626960211));
#2270=CARTESIAN_POINT('Ctrl Pts',(220.561932053016,1.64891525558389,3.17450507840845));
#2271=CARTESIAN_POINT('Ctrl Pts',(221.892093806552,3.57159456193869,3.05538388721478));
#2272=CARTESIAN_POINT('Ctrl Pts',(223.980123804989,4.62333442106403,2.93626269602112));
#2273=CARTESIAN_POINT('Ctrl Pts',(226.316852359249,4.54766626810871,2.81714150482745));
#2274=CARTESIAN_POINT('Ctrl Pts',(228.332464211716,3.36304191168504,2.69802031363379));
#2275=CARTESIAN_POINT('Ctrl Pts',(229.535448962175,1.35833402876886,2.57889912244012));
#2276=CARTESIAN_POINT('Ctrl Pts',(229.632456720103,-0.977605932056691,2.45977793124646));
#2277=CARTESIAN_POINT('Ctrl Pts',(228.599831977776,-3.0751550130167,2.34065674005279));
#2278=CARTESIAN_POINT('Ctrl Pts',(226.689382045903,-4.42282228052299,2.22153554885913));
#2279=CARTESIAN_POINT('Ctrl Pts',(224.366973410804,-4.69197676453162,2.10241435766546));
#2280=CARTESIAN_POINT('Ctrl Pts',(222.198929392367,-3.81698468371361,1.9832931664718));
#2281=CARTESIAN_POINT('Ctrl Pts',(220.713931237405,-2.01121435401558,1.86417197527813));
#2282=CARTESIAN_POINT('Ctrl Pts',(220.274098283465,0.284994037448367,1.74505078408447));
#2283=CARTESIAN_POINT('Ctrl Pts',(220.986684558594,2.51170614712108,1.6259295928908));
#2284=CARTESIAN_POINT('Ctrl Pts',(222.677924659533,4.12593440922318,1.50680840169714));
#2285=CARTESIAN_POINT('Ctrl Pts',(224.935406837064,4.73404651314176,1.38768721050347));
#2286=CARTESIAN_POINT('Ctrl Pts',(227.208640102306,4.18775325088527,1.26856601930981));
#2287=CARTESIAN_POINT('Ctrl Pts',(228.943292840538,2.62026923575874,1.14944482811614));
#2288=CARTESIAN_POINT('Ctrl Pts',(229.716366561188,0.413827983774211,1.03032363692248));
#2289=CARTESIAN_POINT('Ctrl Pts',(229.339346892794,-1.89352571799434,0.91120244572881));
#2290=CARTESIAN_POINT('Ctrl Pts',(227.904168602807,-3.73914040016335,0.792081254535146));
#2291=CARTESIAN_POINT('Ctrl Pts',(225.760806976386,-4.67295830816186,0.672960063341482));
#2292=CARTESIAN_POINT('Ctrl Pts',(223.431914411408,-4.46726958153256,0.553838872147817));
#2293=CARTESIAN_POINT('Ctrl Pts',(221.485416972759,-3.17222505170487,0.434717680954152));
#2294=CARTESIAN_POINT('Ctrl Pts',(220.395924194727,-1.10363927409663,0.315596489760487));
#2295=CARTESIAN_POINT('Ctrl Pts',(220.429212050292,1.23408921847163,0.196475298566821));
#2296=CARTESIAN_POINT('Ctrl Pts',(221.576939204623,3.27081966010992,0.0773541073731561));
#2297=CARTESIAN_POINT('Ctrl Pts',(223.559701865551,4.51000404411688,-0.0417670838205097));
#2298=CARTESIAN_POINT('Ctrl Pts',(225.115150109226,4.60261791653305,-0.121181211282954));
#2299=CARTESIAN_POINT('Ctrl Pts',(225.856971371969,4.4600825304849,-0.160888275014176));
#2300=CARTESIAN_POINT('Ctrl Pts',(226.105993059074,4.11703149772735,10.4826648250425));
#2301=CARTESIAN_POINT('Ctrl Pts',(226.790756509868,3.93307768923603,10.4429577613113));
#2302=CARTESIAN_POINT('Ctrl Pts',(228.065982073647,3.21684856785891,10.3635436338489));
#2303=CARTESIAN_POINT('Ctrl Pts',(229.231657286982,1.35732397131123,10.2444224426552));
#2304=CARTESIAN_POINT('Ctrl Pts',(229.365188673644,-0.833015367896512,10.1253012514615));
#2305=CARTESIAN_POINT('Ctrl Pts',(228.434366374292,-2.82033955993267,10.0061800602679));
#2306=CARTESIAN_POINT('Ctrl Pts',(226.666017356209,-4.11987534833686,9.8870588690742));
#2307=CARTESIAN_POINT('Ctrl Pts',(224.49142991154,-4.41479528954716,9.76793767788054));
#2308=CARTESIAN_POINT('Ctrl Pts',(222.4408475156,-3.63315001027465,9.64881648668687));
#2309=CARTESIAN_POINT('Ctrl Pts',(221.014323699096,-1.96555959157258,9.52969529549321));
#2310=CARTESIAN_POINT('Ctrl Pts',(220.559711617721,0.18133802300274,9.41057410429954));
#2311=CARTESIAN_POINT('Ctrl Pts',(221.187872494555,2.28401505877952,9.29145291310588));
#2312=CARTESIAN_POINT('Ctrl Pts',(222.74562671036,3.82973156704653,9.17233172191221));
#2313=CARTESIAN_POINT('Ctrl Pts',(224.853113931818,4.44156126747001,9.05321053071855));
#2314=CARTESIAN_POINT('Ctrl Pts',(226.996419470825,3.97030874708421,8.93408933952488));
#2315=CARTESIAN_POINT('Ctrl Pts',(228.652894751532,2.53088959836303,8.81496814833122));
#2316=CARTESIAN_POINT('Ctrl Pts',(229.418605373034,0.474308709644469,8.69584695713755));
#2317=CARTESIAN_POINT('Ctrl Pts',(229.10683152119,-1.69793317924412,8.57672576594389));
#2318=CARTESIAN_POINT('Ctrl Pts',(227.793599768882,-3.45613115174895,8.45760457475022));
#2319=CARTESIAN_POINT('Ctrl Pts',(225.799143933396,-4.37154562924519,8.33848338355656));
#2320=CARTESIAN_POINT('Ctrl Pts',(223.609815480926,-4.22095122158974,8.21936219236289));
#2321=CARTESIAN_POINT('Ctrl Pts',(221.759485903384,-3.0410706342094,8.10024100116923));
#2322=CARTESIAN_POINT('Ctrl Pts',(220.699361234703,-1.11961976724795,7.98111980997556));
#2323=CARTESIAN_POINT('Ctrl Pts',(220.687954690199,1.07485229625706,7.8619986187819));
#2324=CARTESIAN_POINT('Ctrl Pts',(221.728047775136,3.00721978759662,7.74287742758823));
#2325=CARTESIAN_POINT('Ctrl Pts',(223.566012010545,4.20627158642013,7.62375623639456));
#2326=CARTESIAN_POINT('Ctrl Pts',(225.753656671651,4.37961685926223,7.5046350452009));
#2327=CARTESIAN_POINT('Ctrl Pts',(227.757520863387,3.48498506462188,7.38551385400724));
#2328=CARTESIAN_POINT('Ctrl Pts',(229.088958872688,1.74053369691974,7.26639266281357));
#2329=CARTESIAN_POINT('Ctrl Pts',(229.423297262042,-0.428349791952127,7.14727147161991));
#2330=CARTESIAN_POINT('Ctrl Pts',(228.679007042933,-2.49277945087349,7.02815028042624));
#2331=CARTESIAN_POINT('Ctrl Pts',(227.037584659253,-3.94934057394722,6.90902908923258));
#2332=CARTESIAN_POINT('Ctrl Pts',(224.899293768794,-4.44284823819664,6.78990789803891));
#2333=CARTESIAN_POINT('Ctrl Pts',(222.785560265187,-3.85295975498496,6.67078670684525));
#2334=CARTESIAN_POINT('Ctrl Pts',(221.211821681248,-2.32352044062267,6.55166551565158));
#2335=CARTESIAN_POINT('Ctrl Pts',(220.561836864352,-0.2274866897735,6.43254432445791));
#2336=CARTESIAN_POINT('Ctrl Pts',(220.994105724641,1.92402007975329,6.31342313326425));
#2337=CARTESIAN_POINT('Ctrl Pts',(222.403218760643,3.6063512595938,6.19430194207058));
#2338=CARTESIAN_POINT('Ctrl Pts',(224.445561346629,4.40926751199093,6.07518075087692));
#2339=CARTESIAN_POINT('Ctrl Pts',(226.623104747241,4.13697633449045,5.95605955968325));
#2340=CARTESIAN_POINT('Ctrl Pts',(228.40485127706,2.85587639679155,5.83693836848959));
#2341=CARTESIAN_POINT('Ctrl Pts',(229.356318995073,0.878366111489807,5.71781717729592));
#2342=CARTESIAN_POINT('Ctrl Pts',(229.245490869668,-1.31333525354928,5.59869598610226));
#2343=CARTESIAN_POINT('Ctrl Pts',(228.099392528923,-3.18477756904727,5.4795747949086));
#2344=CARTESIAN_POINT('Ctrl Pts',(226.197502014942,-4.27960642312596,5.36045360371493));
#2345=CARTESIAN_POINT('Ctrl Pts',(224.003598584919,-4.33084592576046,5.24133241252127));
#2346=CARTESIAN_POINT('Ctrl Pts',(222.052669345449,-3.32600123652951,5.1222112213276));
#2347=CARTESIAN_POINT('Ctrl Pts',(220.820451730874,-1.51010545283902,5.00309003013393));
#2348=CARTESIAN_POINT('Ctrl Pts',(220.607424115626,0.674032130290009,4.88396883894027));
#2349=CARTESIAN_POINT('Ctrl Pts',(221.465533648311,2.6938058247444,4.7648476477466));
#2350=CARTESIAN_POINT('Ctrl Pts',(223.185528850605,4.05669035799687,4.64572645655294));
#2351=CARTESIAN_POINT('Ctrl Pts',(225.347985948409,4.43034400383994,4.52660526535927));
#2352=CARTESIAN_POINT('Ctrl Pts',(227.425586077066,3.72365068117254,4.40748407416561));
#2353=CARTESIAN_POINT('Ctrl Pts',(228.911702889088,2.1089387663349,4.28836288297195));
#2354=CARTESIAN_POINT('Ctrl Pts',(229.443944256162,-0.0200414764270089,
4.16924169177828));
#2355=CARTESIAN_POINT('Ctrl Pts',(228.892522209918,-2.14413457085831,4.05012050058462));
#2356=CARTESIAN_POINT('Ctrl Pts',(227.391901960171,-3.74537678018961,3.93099930939095));
#2357=CARTESIAN_POINT('Ctrl Pts',(225.30801232335,-4.43330245091798,3.81187811819728));
#2358=CARTESIAN_POINT('Ctrl Pts',(223.149013354273,-4.0401597307521,3.69275692700362));
#2359=CARTESIAN_POINT('Ctrl Pts',(221.441380646988,-2.66181714492502,3.57363573580995));
#2360=CARTESIAN_POINT('Ctrl Pts',(220.601523360026,-0.634385892223169,3.45451454461629));
#2361=CARTESIAN_POINT('Ctrl Pts',(220.83424213035,1.54774144614036,3.33539335342262));
#2362=CARTESIAN_POINT('Ctrl Pts',(222.082788087486,3.35244938367956,3.21627216222896));
#2363=CARTESIAN_POINT('Ctrl Pts',(224.042701162716,4.33965680080645,3.09715097103529));
#2364=CARTESIAN_POINT('Ctrl Pts',(226.236053197977,4.26863147910769,2.97802977984163));
#2365=CARTESIAN_POINT('Ctrl Pts',(228.127991545221,3.15669306484697,2.85890858864796));
#2366=CARTESIAN_POINT('Ctrl Pts',(229.257163800166,1.27498964359082,2.7397873974543));
#2367=CARTESIAN_POINT('Ctrl Pts',(229.348219375663,-0.917622184592516,2.62066620626063));
#2368=CARTESIAN_POINT('Ctrl Pts',(228.378954213856,-2.88647027240151,2.50154501506697));
#2369=CARTESIAN_POINT('Ctrl Pts',(226.585725283306,-4.15144764371438,2.3824238238733));
#2370=CARTESIAN_POINT('Ctrl Pts',(224.405814528497,-4.40408740121797,2.26330263267964));
#2371=CARTESIAN_POINT('Ctrl Pts',(222.370796917357,-3.58278290789089,2.14418144148597));
#2372=CARTESIAN_POINT('Ctrl Pts',(220.976914979462,-1.88781066961507,2.02506025029231));
#2373=CARTESIAN_POINT('Ctrl Pts',(220.564069207136,0.267507430820343,1.90593905909864));
#2374=CARTESIAN_POINT('Ctrl Pts',(221.232932757421,2.35759338829589,1.78681786790498));
#2375=CARTESIAN_POINT('Ctrl Pts',(222.820402089597,3.87277615849946,1.66769667671131));
#2376=CARTESIAN_POINT('Ctrl Pts',(224.939370131318,4.44357584268403,1.54857548551765));
#2377=CARTESIAN_POINT('Ctrl Pts',(227.073122808689,3.93080193215205,1.42945429432398));
#2378=CARTESIAN_POINT('Ctrl Pts',(228.701341074322,2.45949528485274,1.31033310313032));
#2379=CARTESIAN_POINT('Ctrl Pts',(229.426980693654,0.388436409870709,1.19121191193665));
#2380=CARTESIAN_POINT('Ctrl Pts',(229.073094121978,-1.77734314916915,1.07209072074299));
#2381=CARTESIAN_POINT('Ctrl Pts',(227.725975211839,-3.50971497817901,0.952969529549323));
#2382=CARTESIAN_POINT('Ctrl Pts',(225.714125535486,-4.38623587545557,0.833848338355659));
#2383=CARTESIAN_POINT('Ctrl Pts',(223.528128690458,-4.19316775619963,0.714727147161993));
#2384=CARTESIAN_POINT('Ctrl Pts',(221.701064048779,-2.97758430724797,0.595605955968328));
#2385=CARTESIAN_POINT('Ctrl Pts',(220.678420148724,-1.03592239826949,0.476484764774663));
#2386=CARTESIAN_POINT('Ctrl Pts',(220.709665534766,1.15836822128688,0.357363573580998));
#2387=CARTESIAN_POINT('Ctrl Pts',(221.786970678013,3.07012936757033,0.238242382387333));
#2388=CARTESIAN_POINT('Ctrl Pts',(223.648075387782,4.233280126254,0.119121191193667));
#2389=CARTESIAN_POINT('Ctrl Pts',(225.108084752065,4.32021141537917,0.0397070637312223));
#2390=CARTESIAN_POINT('Ctrl Pts',(225.804389495495,4.18642168677956,0.));
#2391=CARTESIAN_POINT('Ctrl Pts',(225.804389495495,4.18642168677956,1.66533453693773E-15));
#2392=CARTESIAN_POINT('Ctrl Pts',(225.681303991803,4.22268639407159,1.75223521740931E-15));
#2393=CARTESIAN_POINT('Ctrl Pts',(225.556815904567,4.25318322577651,9.40985268946311E-16));
#2394=CARTESIAN_POINT('Ctrl Pts',(225.431346867372,4.27802150010896,7.7715611723761E-16));
#2395=CARTESIAN_POINT('Ctrl Pts',(225.303552387903,4.30332012684755,6.10290557154627E-16));
#2396=CARTESIAN_POINT('Ctrl Pts',(225.174739640151,4.3227487446605,1.54734845674184E-15));
#2397=CARTESIAN_POINT('Ctrl Pts',(225.045323220542,4.3363784456323,1.16573417585641E-15));
#2398=CARTESIAN_POINT('Ctrl Pts',(224.914030574709,4.35020574442414,7.78587407489456E-16));
#2399=CARTESIAN_POINT('Ctrl Pts',(224.782115896701,4.35806500690356,1.26335603353122E-15));
#2400=CARTESIAN_POINT('Ctrl Pts',(224.649990877448,4.35998151677073,7.21644966006352E-16));
#2401=CARTESIAN_POINT('Ctrl Pts',(224.518164824797,4.36189369004484,1.81159658128671E-16));
#2402=CARTESIAN_POINT('Ctrl Pts',(224.386128568803,4.35789008959564,-1.82958648013165E-16));
#2403=CARTESIAN_POINT('Ctrl Pts',(224.25428176263,4.34794498508065,-3.88578058618805E-16));
#2404=CARTESIAN_POINT('Ctrl Pts',(224.228685637063,4.34601428875715,-4.28496054402492E-16));
#2405=CARTESIAN_POINT('Ctrl Pts',(224.203096645074,4.34385950877006,1.3182963310259E-15));
#2406=CARTESIAN_POINT('Ctrl Pts',(224.177517710972,4.34148022813929,1.33226762955019E-15));
#2407=CARTESIAN_POINT('Ctrl Pts',(224.152106667928,4.33911656426343,1.34614722542198E-15));
#2408=CARTESIAN_POINT('Ctrl Pts',(224.126699891055,4.33653061998629,4.01317394000252E-16));
#2409=CARTESIAN_POINT('Ctrl Pts',(224.101332801231,4.33372578509045,4.44089209850063E-16));
#2410=CARTESIAN_POINT('Ctrl Pts',(223.96665398168,4.31883437044991,6.71173109045773E-16));
#2411=CARTESIAN_POINT('Ctrl Pts',(223.832949912859,4.29776617070001,-7.79715371368513E-16));
#2412=CARTESIAN_POINT('Ctrl Pts',(223.700653923826,4.27059236097617,-3.33066907387547E-16));
#2413=CARTESIAN_POINT('Ctrl Pts',(223.680441025985,4.26644059912825,-2.64825535602234E-16));
#2414=CARTESIAN_POINT('Ctrl Pts',(223.660260965474,4.26214621803309,-5.24459315330057E-16));
#2415=CARTESIAN_POINT('Ctrl Pts',(223.640115257086,4.25770936973824,-6.10622663543836E-16));
#2416=CARTESIAN_POINT('Ctrl Pts',(223.509619646217,4.22896929183114,-1.17619512808978E-15));
#2417=CARTESIAN_POINT('Ctrl Pts',(223.380565687565,4.19425575655031,-1.88033714017879E-15));
#2418=CARTESIAN_POINT('Ctrl Pts',(223.253285630742,4.15383370682528,-2.4980018054066E-15));
#2419=CARTESIAN_POINT('Ctrl Pts',(223.124459428385,4.11292062674387,-3.12316960574884E-15));
#2420=CARTESIAN_POINT('Ctrl Pts',(222.997449763868,4.0661593488283,2.54666882938147E-16));
#2421=CARTESIAN_POINT('Ctrl Pts',(222.872604020453,4.01377133433433,-3.88578058618805E-16));
#2422=CARTESIAN_POINT('Ctrl Pts',(222.758649510117,3.96595352031923,-9.7570790651669E-16));
#2423=CARTESIAN_POINT('Ctrl Pts',(222.646497450232,3.91344710532323,-1.59623035210605E-15));
#2424=CARTESIAN_POINT('Ctrl Pts',(222.536421945457,3.85638431602047,-1.77635683940025E-15));
#2425=CARTESIAN_POINT('Ctrl Pts',(222.518628243838,3.84716011806269,-1.80547427996955E-15));
#2426=CARTESIAN_POINT('Ctrl Pts',(222.500888833579,3.83781678883213,-1.20529833174448E-15));
#2427=CARTESIAN_POINT('Ctrl Pts',(222.483204909522,3.82835480689852,-1.16573417585641E-15));
#2428=CARTESIAN_POINT('Ctrl Pts',(222.467251904082,3.8198189723877,-1.13004259563675E-15));
#2429=CARTESIAN_POINT('Ctrl Pts',(222.45135180744,3.8111907121761,-2.01802050084126E-15));
#2430=CARTESIAN_POINT('Ctrl Pts',(222.435507698749,3.80247195942612,-2.05391259555654E-15));
#2431=CARTESIAN_POINT('Ctrl Pts',(222.314190559876,3.73571313071572,-2.32873564328682E-15));
#2432=CARTESIAN_POINT('Ctrl Pts',(222.196111585852,3.66362958768712,-2.6515342343062E-15));
#2433=CARTESIAN_POINT('Ctrl Pts',(222.081616222946,3.58650430205136,-2.4980018054066E-15));
#2434=CARTESIAN_POINT('Ctrl Pts',(221.965854010602,3.50852565325613,-2.34277059617152E-15));
#2435=CARTESIAN_POINT('Ctrl Pts',(221.853754376056,3.42539286282204,-5.5322314751421E-15));
#2436=CARTESIAN_POINT('Ctrl Pts',(221.74568352472,3.33734626601067,-4.66293670342566E-15));
#2437=CARTESIAN_POINT('Ctrl Pts',(221.702894634482,3.3024856526242,-4.31875362249859E-15));
#2438=CARTESIAN_POINT('Ctrl Pts',(221.660737474647,3.26685418176633,-3.23119983207699E-15));
#2439=CARTESIAN_POINT('Ctrl Pts',(221.619235584696,3.23046466438377,-3.3584246494911E-15));
#2440=CARTESIAN_POINT('Ctrl Pts',(221.514971822996,3.13904453934072,-3.67341494468054E-15));
#2441=CARTESIAN_POINT('Ctrl Pts',(221.41484158798,3.04284304377047,-4.03416101159969E-15));
#2442=CARTESIAN_POINT('Ctrl Pts',(221.319039977603,2.9422185715715,-4.91273688396632E-15));
#2443=CARTESIAN_POINT('Ctrl Pts',(221.26226171061,2.88258196289544,-5.43343810452972E-15));
#2444=CARTESIAN_POINT('Ctrl Pts',(221.207004429008,2.82139092536474,-3.50265777070073E-15));
#2445=CARTESIAN_POINT('Ctrl Pts',(221.153314325728,2.75871352649511,-3.83026943495679E-15));
#2446=CARTESIAN_POINT('Ctrl Pts',(221.133390914882,2.73545509538535,-3.95184010414971E-15));
#2447=CARTESIAN_POINT('Ctrl Pts',(221.113683352065,2.71199194625235,-5.04866528370375E-15));
#2448=CARTESIAN_POINT('Ctrl Pts',(221.094194163425,2.68832740905888,-5.30131494258512E-15));
#2449=CARTESIAN_POINT('Ctrl Pts',(221.082303841094,2.67388971335863,-5.4554560890558E-15));
#2450=CARTESIAN_POINT('Ctrl Pts',(221.07050087436,2.65938441382817,-2.06695846499015E-15));
#2451=CARTESIAN_POINT('Ctrl Pts',(221.058786885648,2.64481411340793,-2.08166817117217E-15));
#2452=CARTESIAN_POINT('Ctrl Pts',(220.96989762126,2.53425029794632,-2.19328983942156E-15));
#2453=CARTESIAN_POINT('Ctrl Pts',(220.886105637402,2.41991807227624,-5.75232368253684E-16));
#2454=CARTESIAN_POINT('Ctrl Pts',(220.807570576158,2.30224395394013,-2.4980018054066E-16));
#2455=CARTESIAN_POINT('Ctrl Pts',(220.728259651519,2.18340730972577,7.88470160900446E-17));
#2456=CARTESIAN_POINT('Ctrl Pts',(220.65430948717,2.06116188192274,-3.37239897362179E-15));
#2457=CARTESIAN_POINT('Ctrl Pts',(220.585913972025,1.93590206893423,-3.66373598126302E-15));
#2458=CARTESIAN_POINT('Ctrl Pts',(220.517482654188,1.81057668675453,-3.95522549377788E-15));
#2459=CARTESIAN_POINT('Ctrl Pts',(220.454611283101,1.68223314523123,-3.18214444488288E-15));
#2460=CARTESIAN_POINT('Ctrl Pts',(220.397531342155,1.5512305291188,-3.33066907387547E-15));
#2461=CARTESIAN_POINT('Ctrl Pts',(220.357618458846,1.45962755891016,-3.43452423012044E-15));
#2462=CARTESIAN_POINT('Ctrl Pts',(220.320538026555,1.366723690319,-2.62331885208828E-15));
#2463=CARTESIAN_POINT('Ctrl Pts',(220.286382100613,1.27263372673228,-2.91433543964104E-15));
#2464=CARTESIAN_POINT('Ctrl Pts',(220.268635245624,1.22374613567399,-3.06554285200595E-15));
#2465=CARTESIAN_POINT('Ctrl Pts',(220.251678100065,1.17453824250782,-1.11548648437612E-15));
#2466=CARTESIAN_POINT('Ctrl Pts',(220.235512196286,1.12502905482834,-8.46545056276682E-16));
#2467=CARTESIAN_POINT('Ctrl Pts',(220.228595983947,1.10384768078437,-7.31484614942535E-16));
#2468=CARTESIAN_POINT('Ctrl Pts',(220.221824608166,1.08261115517252,-2.09890114647187E-15));
#2469=CARTESIAN_POINT('Ctrl Pts',(220.215198237651,1.06132095077192,-2.06779038336435E-15));
#2470=CARTESIAN_POINT('Ctrl Pts',(220.209048565639,1.04156235534946,-2.03891771638762E-15));
#2471=CARTESIAN_POINT('Ctrl Pts',(220.203024980445,1.02176122328902,-1.19552345892805E-15));
#2472=CARTESIAN_POINT('Ctrl Pts',(220.197130151753,1.00192813946412,-1.27675647831893E-15));
#2473=CARTESIAN_POINT('Ctrl Pts',(220.156029828006,0.863646569525122,-1.84313483639095E-15));
#2474=CARTESIAN_POINT('Ctrl Pts',(220.121143619693,0.723681655833347,-1.37798882349244E-15));
#2475=CARTESIAN_POINT('Ctrl Pts',(220.092423132725,0.582476415776089,-1.41553435639707E-15));
#2476=CARTESIAN_POINT('Ctrl Pts',(220.062903107412,0.437340218551242,-1.4541251046324E-15));
#2477=CARTESIAN_POINT('Ctrl Pts',(220.039896492554,0.29089301271396,-2.98919943235549E-15));
#2478=CARTESIAN_POINT('Ctrl Pts',(220.023400315208,0.143589838465497,-2.74780198594726E-15));
#2479=CARTESIAN_POINT('Ctrl Pts',(220.01701973044,0.086614190711811,-2.65443145306251E-15));
#2480=CARTESIAN_POINT('Ctrl Pts',(220.011613703767,0.0295102677383244,-3.20760457530128E-15));
#2481=CARTESIAN_POINT('Ctrl Pts',(220.007184160571,-0.0276962593302504,
-3.03229663600746E-15));
#2482=CARTESIAN_POINT('Ctrl Pts',(220.00518830276,-0.0534723018808451,-2.95330661276627E-15));
#2483=CARTESIAN_POINT('Ctrl Pts',(220.003390707817,-0.0792691788639026,
-5.22826483357717E-15));
#2484=CARTESIAN_POINT('Ctrl Pts',(220.001791631467,-0.105084557072295,-5.29437604868122E-15));
#2485=CARTESIAN_POINT('Ctrl Pts',(220.000177364465,-0.131145172116318,-5.36111529662138E-15));
#2486=CARTESIAN_POINT('Ctrl Pts',(219.998765913541,-0.157217019007307,-6.04470865397407E-15));
#2487=CARTESIAN_POINT('Ctrl Pts',(219.997557450006,-0.183290786587288,-5.93275428784068E-15));
#2488=CARTESIAN_POINT('Ctrl Pts',(219.990682122961,-0.331632605865761,-5.29581088112158E-15));
#2489=CARTESIAN_POINT('Ctrl Pts',(219.990368859708,-0.48010412154243,-4.66632581063726E-15));
#2490=CARTESIAN_POINT('Ctrl Pts',(219.996599150084,-0.628253430238293,-3.61516372393567E-15));
#2491=CARTESIAN_POINT('Ctrl Pts',(220.0028415503,-0.776690697341241,-2.56195848925897E-15));
#2492=CARTESIAN_POINT('Ctrl Pts',(220.015652803557,-0.924805294096332,-1.47669366248063E-15));
#2493=CARTESIAN_POINT('Ctrl Pts',(220.035064741937,-1.07215493335593,-6.22765727875674E-16));
#2494=CARTESIAN_POINT('Ctrl Pts',(220.040080618665,-1.11022880377236,-4.02118146446312E-16));
#2495=CARTESIAN_POINT('Ctrl Pts',(220.045537466034,-1.1482516296196,-8.79308438896697E-16));
#2496=CARTESIAN_POINT('Ctrl Pts',(220.051436400445,-1.18621581247094,-7.4419637119405E-16));
#2497=CARTESIAN_POINT('Ctrl Pts',(220.058202962258,-1.22976384539706,-5.81784708293762E-16));
#2498=CARTESIAN_POINT('Ctrl Pts',(220.065551212678,-1.27323471797802,1.06316530705274E-16));
#2499=CARTESIAN_POINT('Ctrl Pts',(220.073476059377,-1.31661865755214,1.38777878078145E-16));
#2500=CARTESIAN_POINT('Ctrl Pts',(229.263047176344,0.000109459874376074,
8.67031832941096));
#2501=CARTESIAN_POINT('Ctrl Pts',(229.262471180954,-0.556955142061428,8.63912080825528));
#2502=CARTESIAN_POINT('Ctrl Pts',(229.152714180381,-1.11424001974465,8.60792328709959));
#2503=CARTESIAN_POINT('Ctrl Pts',(228.939921871113,-1.62892585984683,8.57672576594391));
#2504=CARTESIAN_POINT('Ctrl Pts',(228.669087603754,-2.28399917007905,8.53701870221269));
#2505=CARTESIAN_POINT('Ctrl Pts',(228.231343686318,-2.87006516091398,8.49731163848146));
#2506=CARTESIAN_POINT('Ctrl Pts',(227.680062421685,-3.31566723591415,8.45760457475024));
#2507=CARTESIAN_POINT('Ctrl Pts',(227.128781157053,-3.76126931091433,8.41789751101902));
#2508=CARTESIAN_POINT('Ctrl Pts',(226.463962545224,-4.06640747007974,8.3781904472878));
#2509=CARTESIAN_POINT('Ctrl Pts',(225.766665163899,-4.19387748171987,8.33848338355658));
#2510=CARTESIAN_POINT('Ctrl Pts',(225.069367782573,-4.32134749336,8.29877631982536));
#2511=CARTESIAN_POINT('Ctrl Pts',(224.339591631749,-4.27114935747485,8.25906925609413));
#2512=CARTESIAN_POINT('Ctrl Pts',(223.666315293414,-4.04940352496889,8.21936219236291));
#2513=CARTESIAN_POINT('Ctrl Pts',(222.993038955079,-3.82765769246293,8.17965512863169));
#2514=CARTESIAN_POINT('Ctrl Pts',(222.376262429231,-3.43436416333615,8.13994806490047));
#2515=CARTESIAN_POINT('Ctrl Pts',(221.891186721527,-2.91747558761252,8.10024100116925));
#2516=CARTESIAN_POINT('Ctrl Pts',(221.406111013823,-2.4005870118889,8.06053393743803));
#2517=CARTESIAN_POINT('Ctrl Pts',(221.052736124263,-1.76010338956842,8.0208268737068));
#2518=CARTESIAN_POINT('Ctrl Pts',(220.874147588732,-1.07411623449068,7.98111980997558));
#2519=CARTESIAN_POINT('Ctrl Pts',(220.695559053202,-0.388129079412942,7.94141274624436));
#2520=CARTESIAN_POINT('Ctrl Pts',(220.6917568717,0.343361608422052,7.90170568251314));
#2521=CARTESIAN_POINT('Ctrl Pts',(220.863204628439,1.03116820089614,7.86199861878192));
#2522=CARTESIAN_POINT('Ctrl Pts',(221.034652385178,1.71897479337023,7.8222915550507));
#2523=CARTESIAN_POINT('Ctrl Pts',(221.381350080157,2.36309729048342,7.78258449131948));
#2524=CARTESIAN_POINT('Ctrl Pts',(221.861026300214,2.88500050551059,7.74287742758825));
#2525=CARTESIAN_POINT('Ctrl Pts',(222.340702520272,3.40690372053777,7.70317036385703));
#2526=CARTESIAN_POINT('Ctrl Pts',(222.953357265408,3.80658765347893,7.66346330012581));
#2527=CARTESIAN_POINT('Ctrl Pts',(223.624292081494,4.03532049875653,7.62375623639459));
#2528=CARTESIAN_POINT('Ctrl Pts',(224.29522689758,4.26405334403413,7.58404917266336));
#2529=CARTESIAN_POINT('Ctrl Pts',(225.024441784615,4.32183510164816,7.54434210893214));
#2530=CARTESIAN_POINT('Ctrl Pts',(225.723026593422,4.20162068134846,7.50463504520092));
#2531=CARTESIAN_POINT('Ctrl Pts',(226.421611402229,4.08140626104875,7.4649279814697));
#2532=CARTESIAN_POINT('Ctrl Pts',(227.089566132808,3.7831956628353,7.42522091773848));
#2533=CARTESIAN_POINT('Ctrl Pts',(227.645449832981,3.34334846911155,7.38551385400726));
#2534=CARTESIAN_POINT('Ctrl Pts',(228.201333533154,2.90350127538781,7.34580679027603));
#2535=CARTESIAN_POINT('Ctrl Pts',(228.645146202921,2.32201748615377,7.30609972654481));
#2536=CARTESIAN_POINT('Ctrl Pts',(228.922775602697,1.6697950100581,7.26639266281359));
#2537=CARTESIAN_POINT('Ctrl Pts',(229.146690921618,1.14376064964587,7.23436788501271));
#2538=CARTESIAN_POINT('Ctrl Pts',(229.262506660993,0.571711896161262,7.20234310721184));
#2539=CARTESIAN_POINT('Ctrl Pts',(229.263094030179,-0.000106138224095888,
7.17031832941096));
#2540=CARTESIAN_POINT('Ctrl Pts',(226.322884965569,4.9244061944433,10.));
#2541=CARTESIAN_POINT('Ctrl Pts',(226.461363037408,4.87489741728474,10.));
#2542=CARTESIAN_POINT('Ctrl Pts',(226.597332473588,4.81937701610807,10.));
#2543=CARTESIAN_POINT('Ctrl Pts',(226.730470013526,4.75812255985241,10.));
#2544=CARTESIAN_POINT('Ctrl Pts',(226.864669391179,4.69637956901942,10.));
#2545=CARTESIAN_POINT('Ctrl Pts',(226.995992174113,4.62881023245207,10.));
#2546=CARTESIAN_POINT('Ctrl Pts',(227.124081654195,4.55565266650748,10.));
#2547=CARTESIAN_POINT('Ctrl Pts',(227.251160779942,4.48307215859969,10.));
#2548=CARTESIAN_POINT('Ctrl Pts',(227.375057964182,4.40499068806925,10.));
#2549=CARTESIAN_POINT('Ctrl Pts',(227.495390802578,4.32160324205763,10.));
#2550=CARTESIAN_POINT('Ctrl Pts',(227.61413889364,4.23931398366068,10.));
#2551=CARTESIAN_POINT('Ctrl Pts',(227.729416375382,4.15185706776653,10.));
#2552=CARTESIAN_POINT('Ctrl Pts',(227.840814909092,4.05939106799686,10.));
#2553=CARTESIAN_POINT('Ctrl Pts',(227.881720378854,4.02543761249212,10.));
#2554=CARTESIAN_POINT('Ctrl Pts',(227.922102393079,3.99080851067164,10.));
#2555=CARTESIAN_POINT('Ctrl Pts',(227.96193913286,3.95551082783215,10.));
#2556=CARTESIAN_POINT('Ctrl Pts',(227.979964636234,3.93953917692305,10.));
#2557=CARTESIAN_POINT('Ctrl Pts',(227.997880980844,3.92342825535964,10.));
#2558=CARTESIAN_POINT('Ctrl Pts',(228.015667199419,3.90719623366695,10.));
#2559=CARTESIAN_POINT('Ctrl Pts',(228.12200391561,3.81015144156508,10.));
#2560=CARTESIAN_POINT('Ctrl Pts',(228.223828260687,3.70866322186306,10.));
#2561=CARTESIAN_POINT('Ctrl Pts',(228.320804880937,3.60294649255048,10.));
#2562=CARTESIAN_POINT('Ctrl Pts',(228.339358015228,3.58272123959051,10.));
#2563=CARTESIAN_POINT('Ctrl Pts',(228.357733601214,3.56234111364517,10.));
#2564=CARTESIAN_POINT('Ctrl Pts',(228.375929123088,3.54180747952725,10.));
#2565=CARTESIAN_POINT('Ctrl Pts',(228.471402909321,3.43406537639608,10.));
#2566=CARTESIAN_POINT('Ctrl Pts',(228.561922838676,3.32209890785714,10.));
#2567=CARTESIAN_POINT('Ctrl Pts',(228.647286644081,3.20629298907714,10.));
#2568=CARTESIAN_POINT('Ctrl Pts',(228.73243252343,3.09078271231025,10.));
#2569=CARTESIAN_POINT('Ctrl Pts',(228.81244885741,2.97145179835309,10.));
#2570=CARTESIAN_POINT('Ctrl Pts',(228.887086764742,2.84866372161357,10.));
#2571=CARTESIAN_POINT('Ctrl Pts',(228.953581048666,2.73927285671642,10.));
#2572=CARTESIAN_POINT('Ctrl Pts',(229.015806030601,2.62713748182792,10.));
#2573=CARTESIAN_POINT('Ctrl Pts',(229.073550597572,2.51250951647846,10.));
#2574=CARTESIAN_POINT('Ctrl Pts',(229.085074617094,2.48963333990147,10.));
#2575=CARTESIAN_POINT('Ctrl Pts',(229.096420081179,2.46665788605072,10.));
#2576=CARTESIAN_POINT('Ctrl Pts',(229.107585144101,2.44358515809464,10.));
#2577=CARTESIAN_POINT('Ctrl Pts',(229.115239515173,2.42776731428459,10.));
#2578=CARTESIAN_POINT('Ctrl Pts',(229.122807445929,2.41190709395184,10.));
#2579=CARTESIAN_POINT('Ctrl Pts',(229.130285006394,2.39601270070543,10.));
#2580=CARTESIAN_POINT('Ctrl Pts',(229.190206595281,2.26864264435925,10.));
#2581=CARTESIAN_POINT('Ctrl Pts',(229.244398302711,2.13893674055265,10.));
#2582=CARTESIAN_POINT('Ctrl Pts',(229.292677759571,2.00725828779311,10.));
#2583=CARTESIAN_POINT('Ctrl Pts',(229.340531505301,1.87674092893475,10.));
#2584=CARTESIAN_POINT('Ctrl Pts',(229.382576990864,1.74428491636192,10.));
#2585=CARTESIAN_POINT('Ctrl Pts',(229.418587233748,1.61023207893613,10.));
#2586=CARTESIAN_POINT('Ctrl Pts',(229.43450949334,1.55095938579087,10.));
#2587=CARTESIAN_POINT('Ctrl Pts',(229.449251166576,1.49137441445768,10.));
#2588=CARTESIAN_POINT('Ctrl Pts',(229.462789366917,1.43150652168129,10.));
#2589=CARTESIAN_POINT('Ctrl Pts',(229.493638787033,1.29508589492088,10.));
#2590=CARTESIAN_POINT('Ctrl Pts',(229.518242574193,1.15719541477932,10.));
#2591=CARTESIAN_POINT('Ctrl Pts',(229.536556906179,1.01827037484005,10.));
#2592=CARTESIAN_POINT('Ctrl Pts',(229.546781209214,0.940712989257205,10.));
#2593=CARTESIAN_POINT('Ctrl Pts',(229.555044412224,0.862833328034282,10.));
#2594=CARTESIAN_POINT('Ctrl Pts',(229.561332092828,0.784709244815462,10.));
#2595=CARTESIAN_POINT('Ctrl Pts',(229.563755830913,0.754594433375178,10.));
#2596=CARTESIAN_POINT('Ctrl Pts',(229.565885974758,0.724443324383236,10.));
#2597=CARTESIAN_POINT('Ctrl Pts',(229.567721507975,0.694260465081909,10.));
#2598=CARTESIAN_POINT('Ctrl Pts',(229.568706487656,0.678063807422573,10.));
#2599=CARTESIAN_POINT('Ctrl Pts',(229.569606501605,0.661859571045299,10.));
#2600=CARTESIAN_POINT('Ctrl Pts',(229.570421053725,0.645657925576817,10.));
#2601=CARTESIAN_POINT('Ctrl Pts',(229.577310714348,0.508620852075672,10.));
#2602=CARTESIAN_POINT('Ctrl Pts',(229.578102496629,0.37158051490697,10.));
#2603=CARTESIAN_POINT('Ctrl Pts',(229.57282622737,0.234944241911117,10.));
#2604=CARTESIAN_POINT('Ctrl Pts',(229.567567036659,0.0987502414586901,10.));
#2605=CARTESIAN_POINT('Ctrl Pts',(229.556278860388,-0.037043099822229,10.));
#2606=CARTESIAN_POINT('Ctrl Pts',(229.538940372684,-0.172024122382534,10.));
#2607=CARTESIAN_POINT('Ctrl Pts',(229.521916483538,-0.304555978914377,10.));
#2608=CARTESIAN_POINT('Ctrl Pts',(229.499059601853,-0.436305397210926,10.));
#2609=CARTESIAN_POINT('Ctrl Pts',(229.470303588566,-0.56686399060618,10.));
#2610=CARTESIAN_POINT('Ctrl Pts',(229.450120117262,-0.658501367348163,10.));
#2611=CARTESIAN_POINT('Ctrl Pts',(229.427029517084,-0.74955171417985,10.));
#2612=CARTESIAN_POINT('Ctrl Pts',(229.400995931877,-0.839865514637125,10.));
#2613=CARTESIAN_POINT('Ctrl Pts',(229.388243950624,-0.884103750788963,10.));
#2614=CARTESIAN_POINT('Ctrl Pts',(229.374785682422,-0.928165145367872,10.));
#2615=CARTESIAN_POINT('Ctrl Pts',(229.360626638125,-0.972033389964878,10.));
#2616=CARTESIAN_POINT('Ctrl Pts',(229.353587705148,-0.993841756903715,10.));
#2617=CARTESIAN_POINT('Ctrl Pts',(229.346375574102,-1.01560238063035,10.));
#2618=CARTESIAN_POINT('Ctrl Pts',(229.338990880793,-1.03731320917597,10.));
#2619=CARTESIAN_POINT('Ctrl Pts',(229.33316736593,-1.05443420898334,10.));
#2620=CARTESIAN_POINT('Ctrl Pts',(229.327236769203,-1.07152342952813,10.));
#2621=CARTESIAN_POINT('Ctrl Pts',(229.32120298635,-1.0885701667609,10.));
#2622=CARTESIAN_POINT('Ctrl Pts',(229.276378458825,-1.21520911962297,10.));
#2623=CARTESIAN_POINT('Ctrl Pts',(229.225814161057,-1.33965031584229,10.));
#2624=CARTESIAN_POINT('Ctrl Pts',(229.169720133561,-1.46152532460852,10.));
#2625=CARTESIAN_POINT('Ctrl Pts',(229.11643113768,-1.5773058654267,10.));
#2626=CARTESIAN_POINT('Ctrl Pts',(229.0581509057,-1.69077077204173,10.));
#2627=CARTESIAN_POINT('Ctrl Pts',(228.995025863012,-1.80157649753963,10.));
#2628=CARTESIAN_POINT('Ctrl Pts',(228.97006238408,-1.84539581672268,10.));
#2629=CARTESIAN_POINT('Ctrl Pts',(228.94434090123,-1.88879892821201,10.));
#2630=CARTESIAN_POINT('Ctrl Pts',(228.917869263603,-1.93176314140988,10.));
#2631=CARTESIAN_POINT('Ctrl Pts',(228.904793114478,-1.9529860996089,10.));
#2632=CARTESIAN_POINT('Ctrl Pts',(228.891533914318,-1.97410195100777,10.));
#2633=CARTESIAN_POINT('Ctrl Pts',(228.878092554089,-1.99510787823123,10.));
#2634=CARTESIAN_POINT('Ctrl Pts',(228.865684676601,-2.01449869635217,10.));
#2635=CARTESIAN_POINT('Ctrl Pts',(228.853126506083,-2.03378811048389,10.));
#2636=CARTESIAN_POINT('Ctrl Pts',(228.84042050481,-2.05297202079709,10.));
#2637=CARTESIAN_POINT('Ctrl Pts',(228.767835928545,-2.16256243962923,10.));
#2638=CARTESIAN_POINT('Ctrl Pts',(228.690414851746,-2.26873644649984,10.));
#2639=CARTESIAN_POINT('Ctrl Pts',(228.608330777321,-2.3711211793662,10.));
#2640=CARTESIAN_POINT('Ctrl Pts',(228.527581447042,-2.47184106525922,10.));
#2641=CARTESIAN_POINT('Ctrl Pts',(228.442318995413,-2.568894381047,10.));
#2642=CARTESIAN_POINT('Ctrl Pts',(228.352678971673,-2.66188541259458,10.));
#2643=CARTESIAN_POINT('Ctrl Pts',(228.336282798082,-2.67889452339183,10.));
#2644=CARTESIAN_POINT('Ctrl Pts',(228.319740097402,-2.69576760173909,10.));
#2645=CARTESIAN_POINT('Ctrl Pts',(228.303051610994,-2.7125020562956,10.));
#2646=CARTESIAN_POINT('Ctrl Pts',(228.276937018904,-2.73868858058054,10.));
#2647=CARTESIAN_POINT('Ctrl Pts',(228.2504654468,-2.76453567359711,10.));
#2648=CARTESIAN_POINT('Ctrl Pts',(228.223644387158,-2.7900370440501,10.));
#2649=CARTESIAN_POINT('Origin',(225.,-7.7715611723761E-15,10.));
#2650=CARTESIAN_POINT('',(216.339745962156,-4.99999999999999,10.));
#2651=CARTESIAN_POINT('',(225.,-10.,10.));
#2652=CARTESIAN_POINT('',(216.339745962156,-4.99999999999999,10.));
#2653=CARTESIAN_POINT('',(233.660254037844,-5.,10.));
#2654=CARTESIAN_POINT('',(225.,-10.,10.));
#2655=CARTESIAN_POINT('',(233.660254037844,4.99999999999999,10.));
#2656=CARTESIAN_POINT('',(233.660254037844,-5.,10.));
#2657=CARTESIAN_POINT('',(225.,9.99999999999998,10.));
#2658=CARTESIAN_POINT('',(233.660254037844,4.99999999999999,10.));
#2659=CARTESIAN_POINT('',(216.339745962156,4.99999999999999,10.));
#2660=CARTESIAN_POINT('',(225.,9.99999999999998,10.));
#2661=CARTESIAN_POINT('',(216.339745962156,4.99999999999999,10.));
#2662=CARTESIAN_POINT('Origin',(225.,0.,10.));
#2663=CARTESIAN_POINT('Origin',(216.339745962156,4.99999999999999,0.));
#2664=CARTESIAN_POINT('',(216.339745962156,4.99999999999999,0.));
#2665=CARTESIAN_POINT('',(216.339745962156,-4.99999999999999,0.));
#2666=CARTESIAN_POINT('',(216.339745962156,4.99999999999999,0.));
#2667=CARTESIAN_POINT('',(216.339745962156,-4.99999999999999,0.));
#2668=CARTESIAN_POINT('',(216.339745962156,4.99999999999999,0.));
#2669=CARTESIAN_POINT('Origin',(225.,9.99999999999998,0.));
#2670=CARTESIAN_POINT('',(225.,9.99999999999998,0.));
#2671=CARTESIAN_POINT('',(225.,9.99999999999998,0.));
#2672=CARTESIAN_POINT('',(225.,9.99999999999998,0.));
#2673=CARTESIAN_POINT('Origin',(233.660254037844,4.99999999999999,0.));
#2674=CARTESIAN_POINT('',(233.660254037844,4.99999999999999,0.));
#2675=CARTESIAN_POINT('',(233.660254037844,4.99999999999999,0.));
#2676=CARTESIAN_POINT('',(233.660254037844,4.99999999999999,0.));
#2677=CARTESIAN_POINT('Origin',(233.660254037844,-5.,0.));
#2678=CARTESIAN_POINT('',(233.660254037844,-5.,0.));
#2679=CARTESIAN_POINT('',(233.660254037844,-5.,0.));
#2680=CARTESIAN_POINT('',(233.660254037844,-5.,0.));
#2681=CARTESIAN_POINT('Origin',(225.,-10.,0.));
#2682=CARTESIAN_POINT('',(225.,-10.,0.));
#2683=CARTESIAN_POINT('',(225.,-10.,0.));
#2684=CARTESIAN_POINT('',(225.,-10.,0.));
#2685=CARTESIAN_POINT('Origin',(216.339745962156,-4.99999999999999,0.));
#2686=CARTESIAN_POINT('',(216.339745962156,-4.99999999999999,0.));
#2687=CARTESIAN_POINT('Origin',(225.,-7.7715611723761E-15,0.));
#2688=UNCERTAINTY_MEASURE_WITH_UNIT(LENGTH_MEASURE(0.01),#2692,
'DISTANCE_ACCURACY_VALUE',
'Maximum model space distance between geometric entities at asserted c
onnectivities');
#2689=UNCERTAINTY_MEASURE_WITH_UNIT(LENGTH_MEASURE(0.01),#2692,
'DISTANCE_ACCURACY_VALUE',
'Maximum model space distance between geometric entities at asserted c
onnectivities');
#2690=(
GEOMETRIC_REPRESENTATION_CONTEXT(3)
GLOBAL_UNCERTAINTY_ASSIGNED_CONTEXT((#2688))
GLOBAL_UNIT_ASSIGNED_CONTEXT((#2692,#2694,#2695))
REPRESENTATION_CONTEXT('','3D')
);
#2691=(
GEOMETRIC_REPRESENTATION_CONTEXT(3)
GLOBAL_UNCERTAINTY_ASSIGNED_CONTEXT((#2689))
GLOBAL_UNIT_ASSIGNED_CONTEXT((#2692,#2694,#2695))
REPRESENTATION_CONTEXT('','3D')
);
#2692=(
LENGTH_UNIT()
NAMED_UNIT(*)
SI_UNIT(.MILLI.,.METRE.)
);
#2693=(
LENGTH_UNIT()
NAMED_UNIT(*)
SI_UNIT($,.METRE.)
);
#2694=(
NAMED_UNIT(*)
PLANE_ANGLE_UNIT()
SI_UNIT($,.RADIAN.)
);
#2695=(
NAMED_UNIT(*)
SI_UNIT($,.STERADIAN.)
SOLID_ANGLE_UNIT()
);
#2696=SHAPE_DEFINITION_REPRESENTATION(#2697,#2698);
#2697=PRODUCT_DEFINITION_SHAPE('',$,#2700);
#2698=SHAPE_REPRESENTATION('',(#504),#2690);
#2699=PRODUCT_DEFINITION_CONTEXT('part definition',#2704,'design');
#2700=PRODUCT_DEFINITION('mass_big_bolt_U','mass_big_bolt_U',#2701,#2699);
#2701=PRODUCT_DEFINITION_FORMATION('',$,#2706);
#2702=PRODUCT_RELATED_PRODUCT_CATEGORY('mass_big_bolt_U',
'mass_big_bolt_U',(#2706));
#2703=APPLICATION_PROTOCOL_DEFINITION('international standard',
'automotive_design',2009,#2704);
#2704=APPLICATION_CONTEXT(
'Core Data for Automotive Mechanical Design Process');
#2705=PRODUCT_CONTEXT('part definition',#2704,'mechanical');
#2706=PRODUCT('mass_big_bolt_U','mass_big_bolt_U',$,(#2705));
#2707=PRESENTATION_STYLE_ASSIGNMENT((#2708));
#2708=SURFACE_STYLE_USAGE(.BOTH.,#2709);
#2709=SURFACE_SIDE_STYLE('',(#2710));
#2710=SURFACE_STYLE_FILL_AREA(#2711);
#2711=FILL_AREA_STYLE('Steel - Satin',(#2712));
#2712=FILL_AREA_STYLE_COLOUR('Steel - Satin',#2713);
#2713=COLOUR_RGB('Steel - Satin',0.627450980392157,0.627450980392157,0.627450980392157);
ENDSEC;
END-ISO-10303-21;
