ISO-10303-21;
HEADER;
/* Generated by software containing ST-Developer
 * from STEP Tools, Inc. (www.steptools.com) 
 */

FILE_DESCRIPTION(
/* description */ (''),
/* implementation_level */ '2;1');

FILE_NAME(
/* name */ 'mass_small_bolt.step',
/* time_stamp */ '2026-05-25T06:48:48+05:30',
/* author */ (''),
/* organization */ (''),
/* preprocessor_version */ 'ST-DEVELOPER v20.1',
/* originating_system */ 'Autodesk Translation Framework v15.8.0.0',
/* authorisation */ '');

FILE_SCHEMA (('AUTOMOTIVE_DESIGN { 1 0 10303 214 3 1 1 }'));
ENDSEC;

DATA;
#10=MECHANICAL_DESIGN_GEOMETRIC_PRESENTATION_REPRESENTATION('',(#13),#1498);
#11=SHAPE_REPRESENTATION_RELATIONSHIP('SRR','None',#1505,#12);
#12=ADVANCED_BREP_SHAPE_REPRESENTATION('',(#14),#1497);
#13=STYLED_ITEM('',(#1514),#14);
#14=MANIFOLD_SOLID_BREP('Body1',#396);
#15=FACE_BOUND('',#61,.T.);
#16=FACE_BOUND('',#70,.T.);
#17=PLANE('',#425);
#18=PLANE('',#427);
#19=PLANE('',#428);
#20=PLANE('',#429);
#21=PLANE('',#430);
#22=PLANE('',#431);
#23=PLANE('',#432);
#24=PLANE('',#433);
#25=B_SPLINE_SURFACE_WITH_KNOTS('',3,3,((#810,#811,#812,#813,#814,#815,
#816,#817,#818,#819,#820,#821,#822,#823,#824,#825,#826,#827,#828,#829,#830,
#831,#832,#833,#834,#835,#836,#837,#838,#839,#840,#841),(#842,#843,#844,
#845,#846,#847,#848,#849,#850,#851,#852,#853,#854,#855,#856,#857,#858,#859,
#860,#861,#862,#863,#864,#865,#866,#867,#868,#869,#870,#871,#872,#873),
(#874,#875,#876,#877,#878,#879,#880,#881,#882,#883,#884,#885,#886,#887,
#888,#889,#890,#891,#892,#893,#894,#895,#896,#897,#898,#899,#900,#901,#902,
#903,#904,#905),(#906,#907,#908,#909,#910,#911,#912,#913,#914,#915,#916,
#917,#918,#919,#920,#921,#922,#923,#924,#925,#926,#927,#928,#929,#930,#931,
#932,#933,#934,#935,#936,#937)),.UNSPECIFIED.,.F.,.F.,.F.,(4,4),(4,1,1,
1,1,1,1,1,1,1,1,1,1,1,1,1,1,1,1,1,1,1,1,1,1,1,1,1,1,4),(0.,0.0448889834294942),
(11.8615800042567,12.8595989661893,13.8576179281219,14.8556368900544,15.853655851987,
16.8516748139195,17.8496937758521,18.8477127377846,19.8457316997172,20.8437506616497,
21.8417696235823,22.8397885855149,23.8378075474474,24.83582650938,25.8338454713125,
26.8318644332451,27.8298833951776,28.8279023571102,29.8259213190427,30.8239402809753,
31.8219592429078,32.8199782048404,33.817997166773,34.8160161287055,35.8140350906381,
36.8120540525706,37.8100730145032,38.8080919764357,39.8061109383683,40.8041299003008),
 .UNSPECIFIED.);
#26=B_SPLINE_SURFACE_WITH_KNOTS('',3,3,((#1133,#1134,#1135,#1136,#1137,
#1138,#1139,#1140,#1141,#1142,#1143,#1144,#1145,#1146,#1147,#1148,#1149,
#1150,#1151,#1152,#1153,#1154,#1155,#1156,#1157,#1158,#1159,#1160,#1161,
#1162,#1163,#1164),(#1165,#1166,#1167,#1168,#1169,#1170,#1171,#1172,#1173,
#1174,#1175,#1176,#1177,#1178,#1179,#1180,#1181,#1182,#1183,#1184,#1185,
#1186,#1187,#1188,#1189,#1190,#1191,#1192,#1193,#1194,#1195,#1196),(#1197,
#1198,#1199,#1200,#1201,#1202,#1203,#1204,#1205,#1206,#1207,#1208,#1209,
#1210,#1211,#1212,#1213,#1214,#1215,#1216,#1217,#1218,#1219,#1220,#1221,
#1222,#1223,#1224,#1225,#1226,#1227,#1228),(#1229,#1230,#1231,#1232,#1233,
#1234,#1235,#1236,#1237,#1238,#1239,#1240,#1241,#1242,#1243,#1244,#1245,
#1246,#1247,#1248,#1249,#1250,#1251,#1252,#1253,#1254,#1255,#1256,#1257,
#1258,#1259,#1260)),.UNSPECIFIED.,.F.,.F.,.F.,(4,4),(4,1,1,1,1,1,1,1,1,
1,1,1,1,1,1,1,1,1,1,1,1,1,1,1,1,1,1,1,1,4),(0.,0.0448889834294942),(14.398141012777,
15.3961599747095,16.3941789366421,17.3921978985747,18.3902168605072,19.3882358224398,
20.3862547843723,21.3842737463049,22.3822927082374,23.38031167017,24.3783306321025,
25.3763495940351,26.3743685559676,27.3723875179002,28.3704064798328,29.3684254417653,
30.3664444036979,31.3644633656304,32.362482327563,33.3605012894955,34.3585202514281,
35.3565392133606,36.3545581752932,37.3525771372258,38.3505960991583,39.3486150610909,
40.3466340230234,41.344652984956,42.3426719468885,43.3406909088211),
 .UNSPECIFIED.);
#27=FACE_OUTER_BOUND('',#48,.T.);
#28=FACE_OUTER_BOUND('',#49,.T.);
#29=FACE_OUTER_BOUND('',#50,.T.);
#30=FACE_OUTER_BOUND('',#51,.T.);
#31=FACE_OUTER_BOUND('',#52,.T.);
#32=FACE_OUTER_BOUND('',#53,.T.);
#33=FACE_OUTER_BOUND('',#54,.T.);
#34=FACE_OUTER_BOUND('',#55,.T.);
#35=FACE_OUTER_BOUND('',#56,.T.);
#36=FACE_OUTER_BOUND('',#57,.T.);
#37=FACE_OUTER_BOUND('',#58,.T.);
#38=FACE_OUTER_BOUND('',#59,.T.);
#39=FACE_OUTER_BOUND('',#60,.T.);
#40=FACE_OUTER_BOUND('',#62,.T.);
#41=FACE_OUTER_BOUND('',#63,.T.);
#42=FACE_OUTER_BOUND('',#64,.T.);
#43=FACE_OUTER_BOUND('',#65,.T.);
#44=FACE_OUTER_BOUND('',#66,.T.);
#45=FACE_OUTER_BOUND('',#67,.T.);
#46=FACE_OUTER_BOUND('',#68,.T.);
#47=FACE_OUTER_BOUND('',#69,.T.);
#48=EDGE_LOOP('',(#250,#251,#252,#253));
#49=EDGE_LOOP('',(#254,#255,#256,#257));
#50=EDGE_LOOP('',(#258,#259,#260,#261));
#51=EDGE_LOOP('',(#262,#263,#264,#265));
#52=EDGE_LOOP('',(#266,#267,#268));
#53=EDGE_LOOP('',(#269,#270,#271,#272,#273));
#54=EDGE_LOOP('',(#274,#275,#276,#277));
#55=EDGE_LOOP('',(#278,#279,#280,#281));
#56=EDGE_LOOP('',(#282,#283,#284,#285));
#57=EDGE_LOOP('',(#286,#287,#288,#289));
#58=EDGE_LOOP('',(#290,#291,#292,#293,#294,#295,#296,#297,#298,#299,#300,
#301));
#59=EDGE_LOOP('',(#302,#303,#304,#305,#306,#307,#308,#309,#310,#311,#312,
#313,#314));
#60=EDGE_LOOP('',(#315,#316,#317,#318,#319,#320));
#61=EDGE_LOOP('',(#321,#322,#323,#324,#325));
#62=EDGE_LOOP('',(#326,#327,#328,#329));
#63=EDGE_LOOP('',(#330,#331,#332,#333));
#64=EDGE_LOOP('',(#334,#335,#336,#337));
#65=EDGE_LOOP('',(#338,#339,#340,#341));
#66=EDGE_LOOP('',(#342,#343,#344,#345));
#67=EDGE_LOOP('',(#346,#347,#348,#349));
#68=EDGE_LOOP('',(#350,#351,#352,#353));
#69=EDGE_LOOP('',(#354,#355,#356,#357,#358,#359));
#70=EDGE_LOOP('',(#360,#361,#362,#363));
#71=CIRCLE('',#411,1.666);
#72=CIRCLE('',#415,1.666);
#73=CIRCLE('',#417,2.05475);
#74=CIRCLE('',#419,2.05475);
#75=CIRCLE('',#423,2.05475);
#76=B_SPLINE_CURVE_WITH_KNOTS('',3,(#517,#518,#519,#520,#521,#522,#523,
#524,#525,#526,#527,#528,#529),.UNSPECIFIED.,.F.,.F.,(4,3,3,3,4),(-3.84638326369224,
-2.99405688579767,-1.99603792386511,-0.998018961932556,0.),
 .UNSPECIFIED.);
#77=B_SPLINE_CURVE_WITH_KNOTS('',3,(#532,#533,#534,#535,#536,#537,#538,
#539,#540,#541,#542,#543,#544,#545,#546,#547,#548,#549,#550),
 .UNSPECIFIED.,.F.,.F.,(4,3,3,3,3,3,4),(2.01461286527439,2.99405688579768,
3.99207584773024,4.99009480966279,5.98811377159535,6.9861327335279,7.59300756235159),
 .UNSPECIFIED.);
#78=B_SPLINE_CURVE_WITH_KNOTS('',3,(#555,#556,#557,#558,#559,#560,#561,
#562,#563,#564,#565,#566,#567,#568,#569,#570,#571,#572,#573,#574,#575,#576,
#577,#578,#579),.UNSPECIFIED.,.F.,.F.,(4,3,3,3,3,3,3,3,4),(-10.1295685708718,
-9.98018961932555,-8.982170657393,-7.98415169546044,-6.98613273352789,-5.98811377159533,
-4.99009480966278,-3.99207584773022,-3.84638326369224),.UNSPECIFIED.);
#79=B_SPLINE_CURVE_WITH_KNOTS('',3,(#580,#581,#582,#583,#584,#585,#586,
#587,#588,#589,#590,#591,#592,#593,#594,#595,#596,#597,#598,#599,#600,#601),
 .UNSPECIFIED.,.F.,.F.,(4,3,3,3,3,3,3,4),(7.59300756235159,7.98415169546046,
8.98217065739301,9.98018961932557,10.9782085812581,11.9762275431907,12.9742465051232,
13.8761928695312),.UNSPECIFIED.);
#80=B_SPLINE_CURVE_WITH_KNOTS('',3,(#606,#607,#608,#609,#610,#611,#612,
#613,#614,#615,#616,#617,#618,#619,#620,#621,#622,#623,#624,#625,#626,#627),
 .UNSPECIFIED.,.F.,.F.,(4,3,3,3,3,3,3,4),(-16.4127538780514,-15.9683033909209,
-14.9702844289883,-13.9722654670558,-12.9742465051232,-11.9762275431907,
-10.9782085812581,-10.1295685708718),.UNSPECIFIED.);
#81=B_SPLINE_CURVE_WITH_KNOTS('',3,(#628,#629,#630,#631,#632,#633,#634,
#635,#636,#637,#638,#639,#640,#641,#642,#643,#644,#645,#646,#647,#648,#649,
#650,#651,#652),.UNSPECIFIED.,.F.,.F.,(4,3,3,3,3,3,3,3,4),(13.8761928695312,
13.9722654670558,14.9702844289883,15.9683033909209,16.9663223528535,17.964341314786,
18.9623602767186,19.9603792386511,20.1593781767108),.UNSPECIFIED.);
#82=B_SPLINE_CURVE_WITH_KNOTS('',3,(#658,#659,#660,#661,#662,#663,#664,
#665,#666,#667),.UNSPECIFIED.,.F.,.F.,(4,3,3,4),(26.4425634838903,26.946511972179,
27.9445309341116,28.9425498960441),.UNSPECIFIED.);
#83=B_SPLINE_CURVE_WITH_KNOTS('',3,(#670,#671,#672,#673,#674,#675,#676,
#677,#678,#679,#680,#681,#682,#683,#684,#685),.UNSPECIFIED.,.F.,.F.,(4,
3,3,3,3,4),(-26.9279370307697,-25.9484930102464,-24.9504740483139,-23.9524550863813,
-22.9544361244488,-22.695939185231),.UNSPECIFIED.);
#84=B_SPLINE_CURVE_WITH_KNOTS('',3,(#692,#693,#694,#695),.UNSPECIFIED.,
 .F.,.F.,(4,4),(40.8407044966673,41.3260780435467),.UNSPECIFIED.);
#85=B_SPLINE_CURVE_WITH_KNOTS('',3,(#701,#702,#703,#704,#705,#706,#707,
#708,#709,#710),.UNSPECIFIED.,.F.,.F.,(4,1,1,1,1,1,1,4),(34.5575191894877,
34.8160161287055,35.8140350906381,36.8120540525706,37.8100730145032,38.8080919764357,
39.8061109383683,40.8041299003008),.UNSPECIFIED.);
#86=B_SPLINE_CURVE_WITH_KNOTS('',3,(#712,#713,#714,#715,#716,#717,#718,
#719,#720,#721),.UNSPECIFIED.,.F.,.F.,(4,1,1,1,1,1,1,4),(34.5575191894877,
35.3565392133606,36.3545581752932,37.3525771372258,38.3505960991583,39.3486150610909,
40.3466340230234,40.8407044966673),.UNSPECIFIED.);
#87=B_SPLINE_CURVE_WITH_KNOTS('',3,(#726,#727,#728,#729,#730,#731,#732,
#733,#734,#735),.UNSPECIFIED.,.F.,.F.,(4,1,1,1,1,1,1,4),(28.2743338823082,
28.8279023571102,29.8259213190427,30.8239402809753,31.8219592429078,32.8199782048404,
33.817997166773,34.5575191894877),.UNSPECIFIED.);
#88=B_SPLINE_CURVE_WITH_KNOTS('',3,(#736,#737,#738,#739,#740,#741,#742,
#743,#744,#745,#746),.UNSPECIFIED.,.F.,.F.,(4,1,1,1,1,1,1,1,4),(28.2743338823081,
28.3704064798328,29.3684254417653,30.3664444036979,31.3644633656304,32.362482327563,
33.3605012894955,34.3585202514281,34.5575191894877),.UNSPECIFIED.);
#89=B_SPLINE_CURVE_WITH_KNOTS('',3,(#751,#752,#753,#754,#755,#756,#757,
#758,#759,#760),.UNSPECIFIED.,.F.,.F.,(4,1,1,1,1,1,1,4),(21.9911485751286,
22.8397885855149,23.8378075474474,24.83582650938,25.8338454713125,26.8318644332451,
27.8298833951776,28.2743338823082),.UNSPECIFIED.);
#90=B_SPLINE_CURVE_WITH_KNOTS('',3,(#761,#762,#763,#764,#765,#766,#767,
#768,#769,#770),.UNSPECIFIED.,.F.,.F.,(4,1,1,1,1,1,1,4),(21.9911485751285,
22.3822927082374,23.38031167017,24.3783306321025,25.3763495940351,26.3743685559676,
27.3723875179002,28.2743338823081),.UNSPECIFIED.);
#91=B_SPLINE_CURVE_WITH_KNOTS('',3,(#776,#777,#778,#779,#780),
 .UNSPECIFIED.,.F.,.F.,(4,1,4),(14.398141012777,15.3961599747095,15.707963267949),
 .UNSPECIFIED.);
#92=B_SPLINE_CURVE_WITH_KNOTS('',3,(#783,#784,#785,#786,#787),
 .UNSPECIFIED.,.F.,.F.,(4,1,4),(13.8761928695312,14.8556368900544,15.707963267949),
 .UNSPECIFIED.);
#93=B_SPLINE_CURVE_WITH_KNOTS('',3,(#789,#790,#791,#792,#793,#794,#795,
#796,#797,#798,#799),.UNSPECIFIED.,.F.,.F.,(4,1,1,1,1,1,1,1,4),(15.707963267949,
15.853655851987,16.8516748139195,17.8496937758521,18.8477127377846,19.8457316997172,
20.8437506616497,21.8417696235823,21.9911485751286),.UNSPECIFIED.);
#94=B_SPLINE_CURVE_WITH_KNOTS('',3,(#800,#801,#802,#803,#804,#805,#806,
#807,#808,#809),.UNSPECIFIED.,.F.,.F.,(4,1,1,1,1,1,1,4),(15.707963267949,
16.3941789366421,17.3921978985747,18.3902168605072,19.3882358224398,20.3862547843723,
21.3842737463049,21.9911485751285),.UNSPECIFIED.);
#95=B_SPLINE_CURVE_WITH_KNOTS('',3,(#938,#939,#940,#941,#942,#943,#944,
#945,#946,#947,#948,#949,#950,#951,#952,#953,#954,#955,#956,#957,#958,#959,
#960,#961,#962,#963,#964,#965,#966,#967,#968,#969,#970,#971,#972,#973,#974,
#975,#976,#977,#978,#979,#980,#981,#982,#983,#984,#985,#986,#987,#988,#989,
#990,#991,#992,#993,#994,#995,#996,#997,#998,#999,#1000,#1001,#1002,#1003,
#1004,#1005,#1006,#1007,#1008,#1009,#1010,#1011,#1012,#1013,#1014,#1015,
#1016,#1017,#1018,#1019,#1020,#1021,#1022,#1023,#1024,#1025,#1026,#1027,
#1028),.UNSPECIFIED.,.F.,.F.,(4,3,3,3,3,3,3,3,3,3,3,3,3,3,3,3,3,3,3,3,3,
3,3,3,3,3,3,3,3,3,4),(0.,0.0219551172776292,0.0445314190926526,0.063620986378527,
0.072092274211968,0.0767402591156017,0.0810452658836695,0.102991982500894,
0.124771436569918,0.142890566772351,0.150431011894034,0.15393915054341,
0.157569755093642,0.178342761958051,0.197247957379648,0.219528252378646,
0.224454607706223,0.22937955156433,0.250043780040527,0.270705191446607,
0.285740153265767,0.291990969899355,0.296203053738888,0.299675181801885,
0.319469773155585,0.333474909209597,0.338245188730401,0.342397746793086,
0.361371402012378,0.375490317371634,0.378621596831596),.UNSPECIFIED.);
#96=B_SPLINE_CURVE_WITH_KNOTS('',3,(#1029,#1030,#1031,#1032,#1033,#1034,
#1035,#1036,#1037,#1038,#1039,#1040,#1041,#1042,#1043,#1044,#1045,#1046,
#1047,#1048,#1049,#1050,#1051,#1052,#1053,#1054,#1055,#1056,#1057,#1058,
#1059,#1060,#1061,#1062,#1063,#1064,#1065,#1066,#1067,#1068,#1069,#1070,
#1071,#1072,#1073,#1074,#1075,#1076,#1077,#1078,#1079,#1080,#1081,#1082,
#1083,#1084,#1085,#1086,#1087,#1088,#1089,#1090,#1091,#1092,#1093,#1094,
#1095,#1096,#1097,#1098,#1099,#1100,#1101,#1102,#1103,#1104,#1105,#1106,
#1107,#1108,#1109,#1110),.UNSPECIFIED.,.F.,.F.,(4,3,3,3,3,3,3,3,3,3,3,3,
3,3,3,3,3,3,3,3,3,3,3,3,3,3,3,4),(0.,0.0185843709573287,0.0384224598830603,
0.0557807876930755,0.0644989917472021,0.068457303851772,0.0885023698360223,
0.108908148173158,0.126003381720664,0.133894127889272,0.137309038751162,
0.158384623673553,0.177289082363182,0.197823787938557,0.205695141869479,
0.209156052026606,0.230168610414739,0.251664627925306,0.267996440450979,
0.278140451907693,0.282031228925709,0.304804561761977,0.321884561389177,
0.328296985623095,0.333215854998398,0.355736298044782,0.37312456027078,
0.37694081721171),.UNSPECIFIED.);
#97=B_SPLINE_CURVE_WITH_KNOTS('',3,(#1111,#1112,#1113,#1114,#1115,#1116,
#1117,#1118,#1119,#1120,#1121,#1122,#1123,#1124,#1125,#1126,#1127,#1128,
#1129,#1130,#1131,#1132),.UNSPECIFIED.,.F.,.F.,(4,3,3,3,3,3,3,4),(-22.695939185231,
-21.9564171625162,-20.9583982005836,-19.9603792386511,-18.9623602767185,
-17.964341314786,-16.9663223528534,-16.4127538780514),.UNSPECIFIED.);
#98=B_SPLINE_CURVE_WITH_KNOTS('',3,(#1261,#1262,#1263,#1264,#1265,#1266,
#1267,#1268,#1269,#1270,#1271,#1272,#1273,#1274,#1275,#1276,#1277,#1278,
#1279,#1280,#1281,#1282,#1283,#1284,#1285,#1286,#1287,#1288,#1289,#1290,
#1291,#1292,#1293,#1294,#1295,#1296,#1297,#1298,#1299,#1300,#1301,#1302,
#1303,#1304,#1305,#1306,#1307,#1308,#1309,#1310,#1311,#1312,#1313,#1314,
#1315,#1316,#1317,#1318,#1319,#1320,#1321,#1322,#1323,#1324,#1325,#1326,
#1327,#1328,#1329,#1330,#1331,#1332,#1333,#1334,#1335,#1336,#1337,#1338,
#1339,#1340,#1341,#1342),.UNSPECIFIED.,.F.,.F.,(4,3,3,3,3,3,3,3,3,3,3,3,
3,3,3,3,3,3,3,3,3,3,3,3,3,3,3,4),(0.,0.0185843720537659,0.038422460842436,
0.0557807885325222,0.0644989932184165,0.068457304282908,0.0885023710930194,
0.108908149851552,0.126003382979445,0.1338941299045,0.137309039985466,0.158384624920389,
0.177289082363126,0.197823787513501,0.205695141709138,0.209156051938201,
0.230168609834196,0.25166462707361,0.267996440760688,0.278140452698756,
0.282031230623328,0.30480456303517,0.321884562344051,0.328296999603935,
0.333215858373783,0.355736301431964,0.373124560270695,0.37694081721163),
 .UNSPECIFIED.);
#99=B_SPLINE_CURVE_WITH_KNOTS('',3,(#1343,#1344,#1345,#1346,#1347,#1348,
#1349,#1350,#1351,#1352,#1353,#1354,#1355,#1356,#1357,#1358,#1359,#1360,
#1361,#1362,#1363,#1364),.UNSPECIFIED.,.F.,.F.,(4,3,3,3,3,3,3,4),(20.1593781767108,
20.9583982005837,21.9564171625162,22.9544361244488,23.9524550863813,24.9504740483139,
25.9484930102464,26.4425634838903),.UNSPECIFIED.);
#100=B_SPLINE_CURVE_WITH_KNOTS('',3,(#1365,#1366,#1367,#1368,#1369,#1370,
#1371,#1372,#1373,#1374,#1375,#1376,#1377,#1378,#1379,#1380,#1381,#1382,
#1383,#1384,#1385,#1386,#1387,#1388,#1389,#1390,#1391,#1392,#1393,#1394,
#1395,#1396,#1397,#1398,#1399,#1400,#1401,#1402,#1403,#1404,#1405,#1406,
#1407,#1408,#1409,#1410,#1411,#1412,#1413,#1414,#1415,#1416,#1417,#1418,
#1419,#1420,#1421,#1422,#1423,#1424,#1425,#1426,#1427,#1428,#1429,#1430,
#1431,#1432,#1433,#1434,#1435,#1436,#1437,#1438,#1439,#1440,#1441,#1442,
#1443,#1444,#1445,#1446,#1447,#1448,#1449,#1450,#1451,#1452,#1453,#1454,
#1455),.UNSPECIFIED.,.F.,.F.,(4,3,3,3,3,3,3,3,3,3,3,3,3,3,3,3,3,3,3,3,3,
3,3,3,3,3,3,3,3,3,4),(0.,0.0219551182022779,0.0445314201669571,0.0636209873185404,
0.0720922744936753,0.0767402597271512,0.0810452660435599,0.10299198270684,
0.124771436573603,0.142890566775108,0.150431012062319,0.15393915123884,
0.157569755273456,0.178342761934289,0.197247957379624,0.219528252378612,
0.2244546077236,0.229379551546031,0.250043780090626,0.270705191558633,0.285740152964952,
0.291990969482636,0.296203055671059,0.299675185150899,0.319469776314872,
0.333474911579037,0.338245187538103,0.342397746507636,0.361371401443327,
0.37549031737153,0.378621596831492),.UNSPECIFIED.);
#101=LINE('',#515,#128);
#102=LINE('',#554,#129);
#103=LINE('',#605,#130);
#104=LINE('',#656,#131);
#105=LINE('',#689,#132);
#106=LINE('',#699,#133);
#107=LINE('',#725,#134);
#108=LINE('',#750,#135);
#109=LINE('',#774,#136);
#110=LINE('',#1459,#137);
#111=LINE('',#1461,#138);
#112=LINE('',#1463,#139);
#113=LINE('',#1465,#140);
#114=LINE('',#1467,#141);
#115=LINE('',#1468,#142);
#116=LINE('',#1473,#143);
#117=LINE('',#1474,#144);
#118=LINE('',#1475,#145);
#119=LINE('',#1478,#146);
#120=LINE('',#1479,#147);
#121=LINE('',#1482,#148);
#122=LINE('',#1483,#149);
#123=LINE('',#1486,#150);
#124=LINE('',#1487,#151);
#125=LINE('',#1490,#152);
#126=LINE('',#1491,#153);
#127=LINE('',#1493,#154);
#128=VECTOR('',#438,1.99999999999999);
#129=VECTOR('',#443,1.99999999999999);
#130=VECTOR('',#446,1.99999999999999);
#131=VECTOR('',#449,1.99999999999999);
#132=VECTOR('',#454,2.05475);
#133=VECTOR('',#459,2.05475);
#134=VECTOR('',#464,2.05475);
#135=VECTOR('',#467,2.05475);
#136=VECTOR('',#470,2.05475);
#137=VECTOR('',#477,10.);
#138=VECTOR('',#478,10.);
#139=VECTOR('',#479,10.);
#140=VECTOR('',#480,10.);
#141=VECTOR('',#481,10.);
#142=VECTOR('',#482,10.);
#143=VECTOR('',#487,10.);
#144=VECTOR('',#488,10.);
#145=VECTOR('',#489,10.);
#146=VECTOR('',#492,10.);
#147=VECTOR('',#493,10.);
#148=VECTOR('',#496,10.);
#149=VECTOR('',#497,10.);
#150=VECTOR('',#500,10.);
#151=VECTOR('',#501,10.);
#152=VECTOR('',#504,10.);
#153=VECTOR('',#505,10.);
#154=VECTOR('',#508,10.);
#155=VERTEX_POINT('',#513);
#156=VERTEX_POINT('',#514);
#157=VERTEX_POINT('',#516);
#158=VERTEX_POINT('',#530);
#159=VERTEX_POINT('',#552);
#160=VERTEX_POINT('',#553);
#161=VERTEX_POINT('',#603);
#162=VERTEX_POINT('',#604);
#163=VERTEX_POINT('',#654);
#164=VERTEX_POINT('',#655);
#165=VERTEX_POINT('',#657);
#166=VERTEX_POINT('',#668);
#167=VERTEX_POINT('',#687);
#168=VERTEX_POINT('',#688);
#169=VERTEX_POINT('',#690);
#170=VERTEX_POINT('',#697);
#171=VERTEX_POINT('',#698);
#172=VERTEX_POINT('',#700);
#173=VERTEX_POINT('',#723);
#174=VERTEX_POINT('',#724);
#175=VERTEX_POINT('',#748);
#176=VERTEX_POINT('',#749);
#177=VERTEX_POINT('',#772);
#178=VERTEX_POINT('',#773);
#179=VERTEX_POINT('',#775);
#180=VERTEX_POINT('',#781);
#181=VERTEX_POINT('',#1457);
#182=VERTEX_POINT('',#1458);
#183=VERTEX_POINT('',#1460);
#184=VERTEX_POINT('',#1462);
#185=VERTEX_POINT('',#1464);
#186=VERTEX_POINT('',#1466);
#187=VERTEX_POINT('',#1471);
#188=VERTEX_POINT('',#1472);
#189=VERTEX_POINT('',#1477);
#190=VERTEX_POINT('',#1481);
#191=VERTEX_POINT('',#1485);
#192=VERTEX_POINT('',#1489);
#193=EDGE_CURVE('',#155,#156,#101,.T.);
#194=EDGE_CURVE('',#156,#157,#76,.T.);
#195=EDGE_CURVE('',#157,#158,#71,.F.);
#196=EDGE_CURVE('',#158,#155,#77,.T.);
#197=EDGE_CURVE('',#159,#160,#102,.T.);
#198=EDGE_CURVE('',#160,#156,#78,.T.);
#199=EDGE_CURVE('',#155,#159,#79,.T.);
#200=EDGE_CURVE('',#161,#162,#103,.T.);
#201=EDGE_CURVE('',#162,#160,#80,.T.);
#202=EDGE_CURVE('',#159,#161,#81,.T.);
#203=EDGE_CURVE('',#163,#164,#104,.T.);
#204=EDGE_CURVE('',#163,#165,#82,.T.);
#205=EDGE_CURVE('',#166,#165,#72,.F.);
#206=EDGE_CURVE('',#166,#164,#83,.T.);
#207=EDGE_CURVE('',#167,#168,#105,.T.);
#208=EDGE_CURVE('',#169,#168,#73,.T.);
#209=EDGE_CURVE('',#167,#169,#84,.T.);
#210=EDGE_CURVE('',#170,#171,#106,.T.);
#211=EDGE_CURVE('',#171,#172,#85,.T.);
#212=EDGE_CURVE('',#168,#172,#74,.T.);
#213=EDGE_CURVE('',#170,#167,#86,.T.);
#214=EDGE_CURVE('',#173,#174,#107,.T.);
#215=EDGE_CURVE('',#174,#171,#87,.T.);
#216=EDGE_CURVE('',#173,#170,#88,.T.);
#217=EDGE_CURVE('',#175,#176,#108,.T.);
#218=EDGE_CURVE('',#176,#174,#89,.T.);
#219=EDGE_CURVE('',#175,#173,#90,.T.);
#220=EDGE_CURVE('',#177,#178,#109,.T.);
#221=EDGE_CURVE('',#179,#177,#91,.T.);
#222=EDGE_CURVE('',#180,#179,#75,.T.);
#223=EDGE_CURVE('',#180,#178,#92,.T.);
#224=EDGE_CURVE('',#178,#176,#93,.T.);
#225=EDGE_CURVE('',#177,#175,#94,.T.);
#226=EDGE_CURVE('',#172,#166,#95,.T.);
#227=EDGE_CURVE('',#157,#180,#96,.T.);
#228=EDGE_CURVE('',#164,#162,#97,.T.);
#229=EDGE_CURVE('',#165,#169,#98,.T.);
#230=EDGE_CURVE('',#161,#163,#99,.T.);
#231=EDGE_CURVE('',#179,#158,#100,.T.);
#232=EDGE_CURVE('',#181,#182,#110,.T.);
#233=EDGE_CURVE('',#182,#183,#111,.T.);
#234=EDGE_CURVE('',#183,#184,#112,.T.);
#235=EDGE_CURVE('',#184,#185,#113,.T.);
#236=EDGE_CURVE('',#185,#186,#114,.T.);
#237=EDGE_CURVE('',#186,#181,#115,.T.);
#238=EDGE_CURVE('',#187,#188,#116,.T.);
#239=EDGE_CURVE('',#188,#181,#117,.T.);
#240=EDGE_CURVE('',#187,#186,#118,.T.);
#241=EDGE_CURVE('',#189,#187,#119,.T.);
#242=EDGE_CURVE('',#189,#185,#120,.T.);
#243=EDGE_CURVE('',#190,#189,#121,.T.);
#244=EDGE_CURVE('',#190,#184,#122,.T.);
#245=EDGE_CURVE('',#191,#190,#123,.T.);
#246=EDGE_CURVE('',#191,#183,#124,.T.);
#247=EDGE_CURVE('',#192,#191,#125,.T.);
#248=EDGE_CURVE('',#192,#182,#126,.T.);
#249=EDGE_CURVE('',#188,#192,#127,.T.);
#250=ORIENTED_EDGE('',*,*,#193,.T.);
#251=ORIENTED_EDGE('',*,*,#194,.T.);
#252=ORIENTED_EDGE('',*,*,#195,.T.);
#253=ORIENTED_EDGE('',*,*,#196,.T.);
#254=ORIENTED_EDGE('',*,*,#197,.T.);
#255=ORIENTED_EDGE('',*,*,#198,.T.);
#256=ORIENTED_EDGE('',*,*,#193,.F.);
#257=ORIENTED_EDGE('',*,*,#199,.T.);
#258=ORIENTED_EDGE('',*,*,#200,.T.);
#259=ORIENTED_EDGE('',*,*,#201,.T.);
#260=ORIENTED_EDGE('',*,*,#197,.F.);
#261=ORIENTED_EDGE('',*,*,#202,.T.);
#262=ORIENTED_EDGE('',*,*,#203,.F.);
#263=ORIENTED_EDGE('',*,*,#204,.T.);
#264=ORIENTED_EDGE('',*,*,#205,.F.);
#265=ORIENTED_EDGE('',*,*,#206,.T.);
#266=ORIENTED_EDGE('',*,*,#207,.T.);
#267=ORIENTED_EDGE('',*,*,#208,.F.);
#268=ORIENTED_EDGE('',*,*,#209,.F.);
#269=ORIENTED_EDGE('',*,*,#210,.T.);
#270=ORIENTED_EDGE('',*,*,#211,.T.);
#271=ORIENTED_EDGE('',*,*,#212,.F.);
#272=ORIENTED_EDGE('',*,*,#207,.F.);
#273=ORIENTED_EDGE('',*,*,#213,.F.);
#274=ORIENTED_EDGE('',*,*,#214,.T.);
#275=ORIENTED_EDGE('',*,*,#215,.T.);
#276=ORIENTED_EDGE('',*,*,#210,.F.);
#277=ORIENTED_EDGE('',*,*,#216,.F.);
#278=ORIENTED_EDGE('',*,*,#217,.T.);
#279=ORIENTED_EDGE('',*,*,#218,.T.);
#280=ORIENTED_EDGE('',*,*,#214,.F.);
#281=ORIENTED_EDGE('',*,*,#219,.F.);
#282=ORIENTED_EDGE('',*,*,#220,.F.);
#283=ORIENTED_EDGE('',*,*,#221,.F.);
#284=ORIENTED_EDGE('',*,*,#222,.F.);
#285=ORIENTED_EDGE('',*,*,#223,.T.);
#286=ORIENTED_EDGE('',*,*,#220,.T.);
#287=ORIENTED_EDGE('',*,*,#224,.T.);
#288=ORIENTED_EDGE('',*,*,#217,.F.);
#289=ORIENTED_EDGE('',*,*,#225,.F.);
#290=ORIENTED_EDGE('',*,*,#226,.F.);
#291=ORIENTED_EDGE('',*,*,#211,.F.);
#292=ORIENTED_EDGE('',*,*,#215,.F.);
#293=ORIENTED_EDGE('',*,*,#218,.F.);
#294=ORIENTED_EDGE('',*,*,#224,.F.);
#295=ORIENTED_EDGE('',*,*,#223,.F.);
#296=ORIENTED_EDGE('',*,*,#227,.F.);
#297=ORIENTED_EDGE('',*,*,#194,.F.);
#298=ORIENTED_EDGE('',*,*,#198,.F.);
#299=ORIENTED_EDGE('',*,*,#201,.F.);
#300=ORIENTED_EDGE('',*,*,#228,.F.);
#301=ORIENTED_EDGE('',*,*,#206,.F.);
#302=ORIENTED_EDGE('',*,*,#229,.F.);
#303=ORIENTED_EDGE('',*,*,#204,.F.);
#304=ORIENTED_EDGE('',*,*,#230,.F.);
#305=ORIENTED_EDGE('',*,*,#202,.F.);
#306=ORIENTED_EDGE('',*,*,#199,.F.);
#307=ORIENTED_EDGE('',*,*,#196,.F.);
#308=ORIENTED_EDGE('',*,*,#231,.F.);
#309=ORIENTED_EDGE('',*,*,#221,.T.);
#310=ORIENTED_EDGE('',*,*,#225,.T.);
#311=ORIENTED_EDGE('',*,*,#219,.T.);
#312=ORIENTED_EDGE('',*,*,#216,.T.);
#313=ORIENTED_EDGE('',*,*,#213,.T.);
#314=ORIENTED_EDGE('',*,*,#209,.T.);
#315=ORIENTED_EDGE('',*,*,#232,.T.);
#316=ORIENTED_EDGE('',*,*,#233,.T.);
#317=ORIENTED_EDGE('',*,*,#234,.T.);
#318=ORIENTED_EDGE('',*,*,#235,.T.);
#319=ORIENTED_EDGE('',*,*,#236,.T.);
#320=ORIENTED_EDGE('',*,*,#237,.T.);
#321=ORIENTED_EDGE('',*,*,#229,.T.);
#322=ORIENTED_EDGE('',*,*,#208,.T.);
#323=ORIENTED_EDGE('',*,*,#212,.T.);
#324=ORIENTED_EDGE('',*,*,#226,.T.);
#325=ORIENTED_EDGE('',*,*,#205,.T.);
#326=ORIENTED_EDGE('',*,*,#203,.T.);
#327=ORIENTED_EDGE('',*,*,#228,.T.);
#328=ORIENTED_EDGE('',*,*,#200,.F.);
#329=ORIENTED_EDGE('',*,*,#230,.T.);
#330=ORIENTED_EDGE('',*,*,#238,.T.);
#331=ORIENTED_EDGE('',*,*,#239,.T.);
#332=ORIENTED_EDGE('',*,*,#237,.F.);
#333=ORIENTED_EDGE('',*,*,#240,.F.);
#334=ORIENTED_EDGE('',*,*,#241,.T.);
#335=ORIENTED_EDGE('',*,*,#240,.T.);
#336=ORIENTED_EDGE('',*,*,#236,.F.);
#337=ORIENTED_EDGE('',*,*,#242,.F.);
#338=ORIENTED_EDGE('',*,*,#243,.T.);
#339=ORIENTED_EDGE('',*,*,#242,.T.);
#340=ORIENTED_EDGE('',*,*,#235,.F.);
#341=ORIENTED_EDGE('',*,*,#244,.F.);
#342=ORIENTED_EDGE('',*,*,#245,.T.);
#343=ORIENTED_EDGE('',*,*,#244,.T.);
#344=ORIENTED_EDGE('',*,*,#234,.F.);
#345=ORIENTED_EDGE('',*,*,#246,.F.);
#346=ORIENTED_EDGE('',*,*,#247,.T.);
#347=ORIENTED_EDGE('',*,*,#246,.T.);
#348=ORIENTED_EDGE('',*,*,#233,.F.);
#349=ORIENTED_EDGE('',*,*,#248,.F.);
#350=ORIENTED_EDGE('',*,*,#249,.T.);
#351=ORIENTED_EDGE('',*,*,#248,.T.);
#352=ORIENTED_EDGE('',*,*,#232,.F.);
#353=ORIENTED_EDGE('',*,*,#239,.F.);
#354=ORIENTED_EDGE('',*,*,#249,.F.);
#355=ORIENTED_EDGE('',*,*,#238,.F.);
#356=ORIENTED_EDGE('',*,*,#241,.F.);
#357=ORIENTED_EDGE('',*,*,#243,.F.);
#358=ORIENTED_EDGE('',*,*,#245,.F.);
#359=ORIENTED_EDGE('',*,*,#247,.F.);
#360=ORIENTED_EDGE('',*,*,#231,.T.);
#361=ORIENTED_EDGE('',*,*,#195,.F.);
#362=ORIENTED_EDGE('',*,*,#227,.T.);
#363=ORIENTED_EDGE('',*,*,#222,.T.);
#364=CYLINDRICAL_SURFACE('',#410,1.666);
#365=CYLINDRICAL_SURFACE('',#412,1.666);
#366=CYLINDRICAL_SURFACE('',#413,1.666);
#367=CYLINDRICAL_SURFACE('',#414,1.666);
#368=CYLINDRICAL_SURFACE('',#416,2.05475);
#369=CYLINDRICAL_SURFACE('',#418,2.05475);
#370=CYLINDRICAL_SURFACE('',#420,2.05475);
#371=CYLINDRICAL_SURFACE('',#421,2.05475);
#372=CYLINDRICAL_SURFACE('',#422,2.05475);
#373=CYLINDRICAL_SURFACE('',#424,2.05475);
#374=CYLINDRICAL_SURFACE('',#426,1.666);
#375=ADVANCED_FACE('',(#27),#364,.F.);
#376=ADVANCED_FACE('',(#28),#365,.F.);
#377=ADVANCED_FACE('',(#29),#366,.F.);
#378=ADVANCED_FACE('',(#30),#367,.F.);
#379=ADVANCED_FACE('',(#31),#368,.F.);
#380=ADVANCED_FACE('',(#32),#369,.F.);
#381=ADVANCED_FACE('',(#33),#370,.F.);
#382=ADVANCED_FACE('',(#34),#371,.F.);
#383=ADVANCED_FACE('',(#35),#372,.F.);
#384=ADVANCED_FACE('',(#36),#373,.F.);
#385=ADVANCED_FACE('',(#37),#25,.F.);
#386=ADVANCED_FACE('',(#38),#26,.F.);
#387=ADVANCED_FACE('',(#39,#15),#17,.T.);
#388=ADVANCED_FACE('',(#40),#374,.F.);
#389=ADVANCED_FACE('',(#41),#18,.T.);
#390=ADVANCED_FACE('',(#42),#19,.T.);
#391=ADVANCED_FACE('',(#43),#20,.T.);
#392=ADVANCED_FACE('',(#44),#21,.T.);
#393=ADVANCED_FACE('',(#45),#22,.T.);
#394=ADVANCED_FACE('',(#46),#23,.T.);
#395=ADVANCED_FACE('',(#47,#16),#24,.F.);
#396=CLOSED_SHELL('',(#375,#376,#377,#378,#379,#380,#381,#382,#383,#384,
#385,#386,#387,#388,#389,#390,#391,#392,#393,#394,#395));
#397=DERIVED_UNIT_ELEMENT(#399,1.);
#398=DERIVED_UNIT_ELEMENT(#1500,-3.);
#399=(
MASS_UNIT()
NAMED_UNIT(*)
SI_UNIT(.KILO.,.GRAM.)
);
#400=DERIVED_UNIT((#397,#398));
#401=MEASURE_REPRESENTATION_ITEM('density measure',
POSITIVE_RATIO_MEASURE(7850.),#400);
#402=PROPERTY_DEFINITION_REPRESENTATION(#407,#404);
#403=PROPERTY_DEFINITION_REPRESENTATION(#408,#405);
#404=REPRESENTATION('material name',(#406),#1497);
#405=REPRESENTATION('density',(#401),#1497);
#406=DESCRIPTIVE_REPRESENTATION_ITEM('Steel','Steel');
#407=PROPERTY_DEFINITION('material property','material name',#1507);
#408=PROPERTY_DEFINITION('material property','density of part',#1507);
#409=AXIS2_PLACEMENT_3D('',#511,#434,#435);
#410=AXIS2_PLACEMENT_3D('',#512,#436,#437);
#411=AXIS2_PLACEMENT_3D('',#531,#439,#440);
#412=AXIS2_PLACEMENT_3D('',#551,#441,#442);
#413=AXIS2_PLACEMENT_3D('',#602,#444,#445);
#414=AXIS2_PLACEMENT_3D('',#653,#447,#448);
#415=AXIS2_PLACEMENT_3D('',#669,#450,#451);
#416=AXIS2_PLACEMENT_3D('',#686,#452,#453);
#417=AXIS2_PLACEMENT_3D('',#691,#455,#456);
#418=AXIS2_PLACEMENT_3D('',#696,#457,#458);
#419=AXIS2_PLACEMENT_3D('',#711,#460,#461);
#420=AXIS2_PLACEMENT_3D('',#722,#462,#463);
#421=AXIS2_PLACEMENT_3D('',#747,#465,#466);
#422=AXIS2_PLACEMENT_3D('',#771,#468,#469);
#423=AXIS2_PLACEMENT_3D('',#782,#471,#472);
#424=AXIS2_PLACEMENT_3D('',#788,#473,#474);
#425=AXIS2_PLACEMENT_3D('',#1456,#475,#476);
#426=AXIS2_PLACEMENT_3D('',#1469,#483,#484);
#427=AXIS2_PLACEMENT_3D('',#1470,#485,#486);
#428=AXIS2_PLACEMENT_3D('',#1476,#490,#491);
#429=AXIS2_PLACEMENT_3D('',#1480,#494,#495);
#430=AXIS2_PLACEMENT_3D('',#1484,#498,#499);
#431=AXIS2_PLACEMENT_3D('',#1488,#502,#503);
#432=AXIS2_PLACEMENT_3D('',#1492,#506,#507);
#433=AXIS2_PLACEMENT_3D('',#1494,#509,#510);
#434=DIRECTION('axis',(0.,0.,1.));
#435=DIRECTION('refdir',(1.,0.,0.));
#436=DIRECTION('center_axis',(0.,0.,1.));
#437=DIRECTION('ref_axis',(0.938427069162199,0.345477402826356,0.));
#438=DIRECTION('',(0.,0.,-1.));
#439=DIRECTION('center_axis',(0.,0.,1.));
#440=DIRECTION('ref_axis',(1.,0.,0.));
#441=DIRECTION('center_axis',(0.,0.,1.));
#442=DIRECTION('ref_axis',(1.,0.,0.));
#443=DIRECTION('',(0.,0.,-1.));
#444=DIRECTION('center_axis',(0.,0.,1.));
#445=DIRECTION('ref_axis',(1.,0.,0.));
#446=DIRECTION('',(0.,0.,-1.));
#447=DIRECTION('center_axis',(0.,0.,1.));
#448=DIRECTION('ref_axis',(1.,0.,0.));
#449=DIRECTION('',(0.,0.,-1.));
#450=DIRECTION('center_axis',(0.,0.,1.));
#451=DIRECTION('ref_axis',(1.,0.,0.));
#452=DIRECTION('center_axis',(0.,0.,1.));
#453=DIRECTION('ref_axis',(1.,-1.29676858941495E-14,0.));
#454=DIRECTION('',(1.22464679914735E-16,-1.57308590443523E-30,1.));
#455=DIRECTION('center_axis',(0.,0.,-1.));
#456=DIRECTION('ref_axis',(1.,-1.29676858941495E-14,0.));
#457=DIRECTION('center_axis',(0.,0.,1.));
#458=DIRECTION('ref_axis',(1.,-1.29676858941495E-14,0.));
#459=DIRECTION('',(1.22464679914735E-16,-1.57308590443523E-30,1.));
#460=DIRECTION('center_axis',(0.,0.,-1.));
#461=DIRECTION('ref_axis',(1.,-1.29676858941495E-14,0.));
#462=DIRECTION('center_axis',(0.,0.,1.));
#463=DIRECTION('ref_axis',(1.,-1.29676858941495E-14,0.));
#464=DIRECTION('',(1.22464679914735E-16,-1.57308590443523E-30,1.));
#465=DIRECTION('center_axis',(0.,0.,1.));
#466=DIRECTION('ref_axis',(1.,-1.29676858941495E-14,0.));
#467=DIRECTION('',(1.22464679914735E-16,-1.57308590443523E-30,1.));
#468=DIRECTION('center_axis',(0.,0.,1.));
#469=DIRECTION('ref_axis',(-0.609368027485788,0.792887512247532,0.));
#470=DIRECTION('',(1.22464679914735E-16,-1.57308590443523E-30,1.));
#471=DIRECTION('center_axis',(0.,0.,1.));
#472=DIRECTION('ref_axis',(1.,-1.29676858941495E-14,0.));
#473=DIRECTION('center_axis',(0.,0.,1.));
#474=DIRECTION('ref_axis',(1.,-1.29676858941495E-14,0.));
#475=DIRECTION('center_axis',(0.,0.,1.));
#476=DIRECTION('ref_axis',(1.,0.,0.));
#477=DIRECTION('',(0.707106781186548,0.707106781186547,0.));
#478=DIRECTION('',(-0.258819045102522,0.965925826289068,0.));
#479=DIRECTION('',(-0.965925826289069,0.258819045102518,0.));
#480=DIRECTION('',(-0.707106781186543,-0.707106781186552,0.));
#481=DIRECTION('',(0.258819045102523,-0.965925826289068,0.));
#482=DIRECTION('',(0.965925826289068,-0.25881904510252,0.));
#483=DIRECTION('center_axis',(0.,0.,1.));
#484=DIRECTION('ref_axis',(1.,0.,0.));
#485=DIRECTION('center_axis',(-0.25881904510252,-0.965925826289069,0.));
#486=DIRECTION('ref_axis',(0.965925826289068,-0.25881904510252,0.));
#487=DIRECTION('',(0.965925826289068,-0.25881904510252,0.));
#488=DIRECTION('',(0.,0.,1.));
#489=DIRECTION('',(0.,0.,1.));
#490=DIRECTION('center_axis',(-0.965925826289068,-0.258819045102523,0.));
#491=DIRECTION('ref_axis',(0.258819045102523,-0.965925826289068,0.));
#492=DIRECTION('',(0.258819045102523,-0.965925826289068,0.));
#493=DIRECTION('',(0.,0.,1.));
#494=DIRECTION('center_axis',(-0.707106781186552,0.707106781186543,0.));
#495=DIRECTION('ref_axis',(-0.707106781186543,-0.707106781186552,0.));
#496=DIRECTION('',(-0.707106781186543,-0.707106781186552,0.));
#497=DIRECTION('',(0.,0.,1.));
#498=DIRECTION('center_axis',(0.258819045102518,0.965925826289069,0.));
#499=DIRECTION('ref_axis',(-0.965925826289069,0.258819045102518,0.));
#500=DIRECTION('',(-0.965925826289069,0.258819045102518,0.));
#501=DIRECTION('',(0.,0.,1.));
#502=DIRECTION('center_axis',(0.965925826289068,0.258819045102522,0.));
#503=DIRECTION('ref_axis',(-0.258819045102522,0.965925826289068,0.));
#504=DIRECTION('',(-0.258819045102522,0.965925826289068,0.));
#505=DIRECTION('',(0.,0.,1.));
#506=DIRECTION('center_axis',(0.707106781186547,-0.707106781186548,0.));
#507=DIRECTION('ref_axis',(0.707106781186548,0.707106781186547,0.));
#508=DIRECTION('',(0.707106781186548,0.707106781186547,0.));
#509=DIRECTION('center_axis',(0.,0.,1.));
#510=DIRECTION('ref_axis',(1.,0.,0.));
#511=CARTESIAN_POINT('',(0.,0.,0.));
#512=CARTESIAN_POINT('Origin',(200.,50.,0.));
#513=CARTESIAN_POINT('',(198.336057412631,49.9990784983529,0.62148036339021));
#514=CARTESIAN_POINT('',(198.332404486552,49.9987619544731,0.42851963660979));
#515=CARTESIAN_POINT('',(198.334,50.,0.));
#516=CARTESIAN_POINT('',(201.269070879852,48.9206413469515,0.));
#517=CARTESIAN_POINT('Ctrl Pts',(198.332404486552,49.9987619544731,0.42851963660979));
#518=CARTESIAN_POINT('Ctrl Pts',(198.336336901508,50.4708787646565,0.396867513503565));
#519=CARTESIAN_POINT('Ctrl Pts',(198.546643664669,50.9460292022496,0.365215390397341));
#520=CARTESIAN_POINT('Ctrl Pts',(198.901403772014,51.2563064002699,0.333563267291116));
#521=CARTESIAN_POINT('Ctrl Pts',(199.316804870995,51.6196208947062,0.296500682036547));
#522=CARTESIAN_POINT('Ctrl Pts',(199.930264397899,51.7568794620838,0.259438096781978));
#523=CARTESIAN_POINT('Ctrl Pts',(200.460436059129,51.6044433807868,0.22237551152741));
#524=CARTESIAN_POINT('Ctrl Pts',(200.990607720359,51.4520072994898,0.185312926272841));
#525=CARTESIAN_POINT('Ctrl Pts',(201.437491515915,51.0098765695181,0.148250341018272));
#526=CARTESIAN_POINT('Ctrl Pts',(201.596875672661,50.482581481561,0.111187755763703));
#527=CARTESIAN_POINT('Ctrl Pts',(201.756259829407,49.9552863936038,0.0741251705091339));
#528=CARTESIAN_POINT('Ctrl Pts',(201.628144347342,49.3428269476612,0.037062585254565));
#529=CARTESIAN_POINT('Ctrl Pts',(201.269070879852,48.9206413469515,-3.92575614037984E-15));
#530=CARTESIAN_POINT('',(198.728457628654,48.9186227851323,2.70582145990484E-15));
#531=CARTESIAN_POINT('Origin',(200.,50.,0.));
#532=CARTESIAN_POINT('Ctrl Pts',(198.728457383774,48.9186225851293,1.90819582357449E-15));
#533=CARTESIAN_POINT('Ctrl Pts',(199.079740066337,48.5066471564747,0.0363727833812203));
#534=CARTESIAN_POINT('Ctrl Pts',(199.650901070705,48.2804584182197,0.0727455667624388));
#535=CARTESIAN_POINT('Ctrl Pts',(200.189005788814,48.3418395275293,0.109118350143657));
#536=CARTESIAN_POINT('Ctrl Pts',(200.73731554509,48.4043847161382,0.146180935398225));
#537=CARTESIAN_POINT('Ctrl Pts',(201.251303315523,48.7655105789197,0.183243520652793));
#538=CARTESIAN_POINT('Ctrl Pts',(201.495878117455,49.2600464650091,0.220306105907361));
#539=CARTESIAN_POINT('Ctrl Pts',(201.740452919387,49.7545823510985,0.25736869116193));
#540=CARTESIAN_POINT('Ctrl Pts',(201.715614752817,50.3825282604958,0.294431276416498));
#541=CARTESIAN_POINT('Ctrl Pts',(201.432584429039,50.8561640849859,0.331493861671066));
#542=CARTESIAN_POINT('Ctrl Pts',(201.149554105262,51.3297999094761,0.368556446925634));
#543=CARTESIAN_POINT('Ctrl Pts',(200.608331624277,51.649125649059,0.405619032180202));
#544=CARTESIAN_POINT('Ctrl Pts',(200.056885973891,51.6679287156036,0.44268161743477));
#545=CARTESIAN_POINT('Ctrl Pts',(199.505440323504,51.6867317821482,0.479744202689338));
#546=CARTESIAN_POINT('Ctrl Pts',(198.943771503716,51.4050121756545,0.516806787943906));
#547=CARTESIAN_POINT('Ctrl Pts',(198.629108220622,50.9517842243059,0.553869373198474));
#548=CARTESIAN_POINT('Ctrl Pts',(198.437767942182,50.6761856175818,0.576406369929053));
#549=CARTESIAN_POINT('Ctrl Pts',(198.337760585735,50.337169977817,0.598943366659631));
#550=CARTESIAN_POINT('Ctrl Pts',(198.336057412631,49.9990784983529,0.62148036339021));
#551=CARTESIAN_POINT('Origin',(200.,50.,0.));
#552=CARTESIAN_POINT('',(198.331726976144,49.9990829811473,1.32148036339021));
#553=CARTESIAN_POINT('',(198.332464121641,50.0012787192221,1.12851963660979));
#554=CARTESIAN_POINT('',(198.334,50.,0.));
#555=CARTESIAN_POINT('Ctrl Pts',(198.332464121641,50.0012787192221,1.12851963660979));
#556=CARTESIAN_POINT('Ctrl Pts',(198.331761542914,50.0840418407998,1.12297227695221));
#557=CARTESIAN_POINT('Ctrl Pts',(198.337390206964,50.1667090376724,1.11742491729463));
#558=CARTESIAN_POINT('Ctrl Pts',(198.349680706164,50.2483735930476,1.11187755763706));
#559=CARTESIAN_POINT('Ctrl Pts',(198.43179502767,50.7939844300403,1.07481497238249));
#560=CARTESIAN_POINT('Ctrl Pts',(198.81127626834,51.2948399696713,1.03775238712792));
#561=CARTESIAN_POINT('Ctrl Pts',(199.314311440232,51.5215361977667,1.00068980187335));
#562=CARTESIAN_POINT('Ctrl Pts',(199.817346612125,51.7482324258621,0.963627216618784));
#563=CARTESIAN_POINT('Ctrl Pts',(200.443935715239,51.7007693424217,0.926564631364215));
#564=CARTESIAN_POINT('Ctrl Pts',(200.907077844688,51.4008785027858,0.889502046109646));
#565=CARTESIAN_POINT('Ctrl Pts',(201.370219974137,51.1009876631499,0.852439460855078));
#566=CARTESIAN_POINT('Ctrl Pts',(201.66991512992,50.5486690673184,0.815376875600509));
#567=CARTESIAN_POINT('Ctrl Pts',(201.668900250327,49.996919546455,0.778314290345941));
#568=CARTESIAN_POINT('Ctrl Pts',(201.667885370734,49.4451700255915,0.741251705091372));
#569=CARTESIAN_POINT('Ctrl Pts',(201.366160455764,48.8939895796962,0.704189119836803));
#570=CARTESIAN_POINT('Ctrl Pts',(200.901910211686,48.5957990744291,0.667126534582234));
#571=CARTESIAN_POINT('Ctrl Pts',(200.437659967608,48.297608569162,0.630063949327666));
#572=CARTESIAN_POINT('Ctrl Pts',(199.810884394422,48.2524080045231,0.593001364073097));
#573=CARTESIAN_POINT('Ctrl Pts',(199.308698026109,48.4809816593636,0.555938778818529));
#574=CARTESIAN_POINT('Ctrl Pts',(198.806511657797,48.709555314204,0.51887619356396));
#575=CARTESIAN_POINT('Ctrl Pts',(198.428914494357,49.2119031885237,0.481813608309392));
#576=CARTESIAN_POINT('Ctrl Pts',(198.348787248166,49.7577623364311,0.444751023054823));
#577=CARTESIAN_POINT('Ctrl Pts',(198.337090130181,49.8374478261992,0.439340560906478));
#578=CARTESIAN_POINT('Ctrl Pts',(198.331732298396,49.9180605707927,0.433930098758134));
#579=CARTESIAN_POINT('Ctrl Pts',(198.332404486552,49.9987619544731,0.42851963660979));
#580=CARTESIAN_POINT('Ctrl Pts',(198.336057412631,49.9990784983529,0.62148036339021));
#581=CARTESIAN_POINT('Ctrl Pts',(198.334959680222,49.7811711270703,0.6360059519142));
#582=CARTESIAN_POINT('Ctrl Pts',(198.374698342363,49.5636476598434,0.65053154043819));
#583=CARTESIAN_POINT('Ctrl Pts',(198.457139883828,49.3637348009637,0.66505712896218));
#584=CARTESIAN_POINT('Ctrl Pts',(198.667492576527,48.8536496251737,0.702119714216748));
#585=CARTESIAN_POINT('Ctrl Pts',(199.155855708326,48.4582155697973,0.739182299471316));
#586=CARTESIAN_POINT('Ctrl Pts',(199.69853625079,48.3585491919395,0.776244884725885));
#587=CARTESIAN_POINT('Ctrl Pts',(200.241216793254,48.2588828140818,0.813307469980453));
#588=CARTESIAN_POINT('Ctrl Pts',(200.838214746382,48.4549841137427,0.850370055235022));
#589=CARTESIAN_POINT('Ctrl Pts',(201.216089419937,48.8570346980401,0.887432640489591));
#590=CARTESIAN_POINT('Ctrl Pts',(201.593964093492,49.2590852823375,0.924495225744159));
#591=CARTESIAN_POINT('Ctrl Pts',(201.752715487474,49.8670851512714,0.961557810998728));
#592=CARTESIAN_POINT('Ctrl Pts',(201.61962887313,50.4025500158958,0.998620396253296));
#593=CARTESIAN_POINT('Ctrl Pts',(201.486542258785,50.9380148805201,1.03568298150787));
#594=CARTESIAN_POINT('Ctrl Pts',(201.061617636115,51.400944740835,1.07274556676243));
#595=CARTESIAN_POINT('Ctrl Pts',(200.539484694083,51.5793034896532,1.109808152017));
#596=CARTESIAN_POINT('Ctrl Pts',(200.017351752052,51.7576622384715,1.14687073727157));
#597=CARTESIAN_POINT('Ctrl Pts',(199.39801049066,51.6514498757933,1.18393332252614));
#598=CARTESIAN_POINT('Ctrl Pts',(198.965138565257,51.3093148255238,1.22099590778071));
#599=CARTESIAN_POINT('Ctrl Pts',(198.573936319345,51.0001148238229,1.25449072631721));
#600=CARTESIAN_POINT('Ctrl Pts',(198.335031043593,50.4982273203314,1.28798554485371));
#601=CARTESIAN_POINT('Ctrl Pts',(198.331726976144,49.9990829811473,1.32148036339021));
#602=CARTESIAN_POINT('Origin',(200.,50.,0.));
#603=CARTESIAN_POINT('',(198.333269367602,50.001475025335,2.02148036339021));
#604=CARTESIAN_POINT('',(198.336436961257,50.0004917118447,1.82851963660979));
#605=CARTESIAN_POINT('',(198.334,50.,0.));
#606=CARTESIAN_POINT('Ctrl Pts',(198.336436961257,50.0004917118447,1.82851963660979));
#607=CARTESIAN_POINT('Ctrl Pts',(198.3357824097,50.2482371313415,1.81201445514629));
#608=CARTESIAN_POINT('Ctrl Pts',(198.387586046742,50.4957223516908,1.79550927368279));
#609=CARTESIAN_POINT('Ctrl Pts',(198.49323408303,50.7175653471844,1.77900409221929));
#610=CARTESIAN_POINT('Ctrl Pts',(198.730468030475,51.2157164854674,1.74194150696472));
#611=CARTESIAN_POINT('Ctrl Pts',(199.239202924623,51.5845711988402,1.70487892171016));
#612=CARTESIAN_POINT('Ctrl Pts',(199.786421970082,51.6551821735531,1.66781633645559));
#613=CARTESIAN_POINT('Ctrl Pts',(200.333641015541,51.725793148266,1.63075375120102));
#614=CARTESIAN_POINT('Ctrl Pts',(200.919344212311,51.4981603843189,1.59369116594645));
#615=CARTESIAN_POINT('Ctrl Pts',(201.27526088787,51.0765469197304,1.55662858069188));
#616=CARTESIAN_POINT('Ctrl Pts',(201.631177563428,50.654933455142,1.51956599543731));
#617=CARTESIAN_POINT('Ctrl Pts',(201.757307717775,50.0393392899121,1.48250341018274));
#618=CARTESIAN_POINT('Ctrl Pts',(201.595879787366,49.5117262445113,1.44544082492818));
#619=CARTESIAN_POINT('Ctrl Pts',(201.434451856957,48.9841131991104,1.40837823967361));
#620=CARTESIAN_POINT('Ctrl Pts',(200.985465841793,48.5444812735385,1.37131565441904));
#621=CARTESIAN_POINT('Ctrl Pts',(200.454571459769,48.3941955006492,1.33425306916447));
#622=CARTESIAN_POINT('Ctrl Pts',(199.923677077745,48.2439097277599,1.2971904839099));
#623=CARTESIAN_POINT('Ctrl Pts',(199.310874328862,48.3829701075532,1.26012789865533));
#624=CARTESIAN_POINT('Ctrl Pts',(198.896846655591,48.7476833646269,1.22306531340076));
#625=CARTESIAN_POINT('Ctrl Pts',(198.544788766565,49.0578079955976,1.19155008780377));
#626=CARTESIAN_POINT('Ctrl Pts',(198.336455556926,49.5310913492597,1.16003486220678));
#627=CARTESIAN_POINT('Ctrl Pts',(198.332464121641,50.0012787192221,1.12851963660979));
#628=CARTESIAN_POINT('Ctrl Pts',(198.331726976144,49.9990829811473,1.32148036339021));
#629=CARTESIAN_POINT('Ctrl Pts',(198.331375036877,49.9459156365053,1.32504813010828));
#630=CARTESIAN_POINT('Ctrl Pts',(198.333696197294,49.8927794154373,1.32861589682635));
#631=CARTESIAN_POINT('Ctrl Pts',(198.338791132841,49.8399105012366,1.33218366354441));
#632=CARTESIAN_POINT('Ctrl Pts',(198.391718215241,49.2906989650793,1.36924624879898));
#633=CARTESIAN_POINT('Ctrl Pts',(198.743974969455,48.7703336306254,1.40630883405355));
#634=CARTESIAN_POINT('Ctrl Pts',(199.234216610489,48.5171583536025,1.44337141930812));
#635=CARTESIAN_POINT('Ctrl Pts',(199.724458251524,48.2639830765795,1.48043400456269));
#636=CARTESIAN_POINT('Ctrl Pts',(200.352684779378,48.2779978569875,1.51749658981726));
#637=CARTESIAN_POINT('Ctrl Pts',(200.831148365639,48.5527833970861,1.55455917507183));
#638=CARTESIAN_POINT('Ctrl Pts',(201.3096119519,48.8275689371846,1.59162176032639));
#639=CARTESIAN_POINT('Ctrl Pts',(201.638312596566,49.3631252369738,1.62868434558096));
#640=CARTESIAN_POINT('Ctrl Pts',(201.666695277368,49.9141507135761,1.66574693083553));
#641=CARTESIAN_POINT('Ctrl Pts',(201.69507795817,50.4651761901784,1.7028095160901));
#642=CARTESIAN_POINT('Ctrl Pts',(201.423142675107,51.0316708435939,1.73987210134467));
#643=CARTESIAN_POINT('Ctrl Pts',(200.975443720676,51.3541616409302,1.77693468659924));
#644=CARTESIAN_POINT('Ctrl Pts',(200.527744766246,51.6766524382665,1.81399727185381));
#645=CARTESIAN_POINT('Ctrl Pts',(199.904282140448,51.7551393795237,1.85105985710838));
#646=CARTESIAN_POINT('Ctrl Pts',(199.390623066844,51.5536740044506,1.88812244236294));
#647=CARTESIAN_POINT('Ctrl Pts',(198.876963993241,51.3522086293775,1.92518502761751));
#648=CARTESIAN_POINT('Ctrl Pts',(198.473108471833,50.8707909379742,1.96224761287208));
#649=CARTESIAN_POINT('Ctrl Pts',(198.364031848759,50.329923256981,1.99931019812665));
#650=CARTESIAN_POINT('Ctrl Pts',(198.342282630572,50.2220775163148,2.0067002532145));
#651=CARTESIAN_POINT('Ctrl Pts',(198.332253215707,50.1118681662131,2.01409030830236));
#652=CARTESIAN_POINT('Ctrl Pts',(198.333269367602,50.001475025335,2.02148036339021));
#653=CARTESIAN_POINT('Origin',(200.,50.,0.));
#654=CARTESIAN_POINT('',(198.336332747914,49.9999768465344,2.72148036339021));
#655=CARTESIAN_POINT('',(198.33427338308,49.9984950422865,2.52851963660979));
#656=CARTESIAN_POINT('',(198.334,50.,0.));
#657=CARTESIAN_POINT('',(201.334691715553,49.002927272245,3.));
#658=CARTESIAN_POINT('Ctrl Pts',(198.336332747914,49.9999768465344,2.72148036339021));
#659=CARTESIAN_POINT('Ctrl Pts',(198.336299952095,49.7189649852113,2.740195071751));
#660=CARTESIAN_POINT('Ctrl Pts',(198.403626520352,49.4379553248242,2.7589097801118));
#661=CARTESIAN_POINT('Ctrl Pts',(198.538240063886,49.1940857834888,2.77762448847259));
#662=CARTESIAN_POINT('Ctrl Pts',(198.804828558744,48.7111268459254,2.81468707372716));
#663=CARTESIAN_POINT('Ctrl Pts',(199.335315174665,48.3738306847547,2.85174965898173));
#664=CARTESIAN_POINT('Ctrl Pts',(199.88485617314,48.3357768212966,2.8888122442363));
#665=CARTESIAN_POINT('Ctrl Pts',(200.434397171616,48.2977229578384,2.92587482949087));
#666=CARTESIAN_POINT('Ctrl Pts',(201.002992552645,48.5589113920927,2.96293741474543));
#667=CARTESIAN_POINT('Ctrl Pts',(201.334691715553,49.0029272722449,3.));
#668=CARTESIAN_POINT('',(200.76990204067,51.4774325188554,3.));
#669=CARTESIAN_POINT('Origin',(200.,50.,3.));
#670=CARTESIAN_POINT('Ctrl Pts',(200.771320211257,51.4802915124636,3.));
#671=CARTESIAN_POINT('Ctrl Pts',(201.251134294773,51.2294893758528,2.96362721661878));
#672=CARTESIAN_POINT('Ctrl Pts',(201.598747296352,50.7229802969444,2.92725443323756));
#673=CARTESIAN_POINT('Ctrl Pts',(201.658644702816,50.1847084007931,2.89088164985635));
#674=CARTESIAN_POINT('Ctrl Pts',(201.71967805048,49.6362282959807,2.85381906460178));
#675=CARTESIAN_POINT('Ctrl Pts',(201.481979395859,49.054769200268,2.81675647934721));
#676=CARTESIAN_POINT('Ctrl Pts',(201.054265563285,48.7062818082984,2.77969389409264));
#677=CARTESIAN_POINT('Ctrl Pts',(200.626551730712,48.3577944163287,2.74263130883807));
#678=CARTESIAN_POINT('Ctrl Pts',(200.008822720187,48.242278728102,2.70556872358351));
#679=CARTESIAN_POINT('Ctrl Pts',(199.484081757806,48.4128190066454,2.66850613832894));
#680=CARTESIAN_POINT('Ctrl Pts',(198.959340795425,48.5833592851889,2.63144355307437));
#681=CARTESIAN_POINT('Ctrl Pts',(198.527587881188,49.0399555305024,2.5943809678198));
#682=CARTESIAN_POINT('Ctrl Pts',(198.386548043806,49.5733912162502,2.55731838256523));
#683=CARTESIAN_POINT('Ctrl Pts',(198.350017308759,49.7115564188114,2.54771880058008));
#684=CARTESIAN_POINT('Ctrl Pts',(198.332989410768,49.8548764878223,2.53811921859494));
#685=CARTESIAN_POINT('Ctrl Pts',(198.33427338308,49.9984950422865,2.52851963660979));
#686=CARTESIAN_POINT('Origin',(200.,50.,-1.54592528053768));
#687=CARTESIAN_POINT('',(197.948127079097,49.9999714438275,2.94592528053768));
#688=CARTESIAN_POINT('',(197.94525,50.,3.));
#689=CARTESIAN_POINT('',(197.94525,50.,-1.54592528053768));
#690=CARTESIAN_POINT('',(198.182572111241,49.0413794120407,3.));
#691=CARTESIAN_POINT('Origin',(200.,50.,3.));
#692=CARTESIAN_POINT('Ctrl Pts',(197.948127079097,49.9999714438275,2.94592528053768));
#693=CARTESIAN_POINT('Ctrl Pts',(197.948088121477,49.6661620145797,2.96395018702512));
#694=CARTESIAN_POINT('Ctrl Pts',(198.025114998031,49.3323551034224,2.98197509351256));
#695=CARTESIAN_POINT('Ctrl Pts',(198.179127941396,49.0394740827945,3.));
#696=CARTESIAN_POINT('Origin',(200.,50.,-1.54592528053768));
#697=CARTESIAN_POINT('',(197.9443488794,50.0018192126694,2.24592528053768));
#698=CARTESIAN_POINT('',(197.9455871752,49.9981438704311,2.30407471946232));
#699=CARTESIAN_POINT('',(197.94525,50.,-1.54592528053768));
#700=CARTESIAN_POINT('',(197.946624167471,50.0751348979301,3.));
#701=CARTESIAN_POINT('Ctrl Pts',(197.9455871752,49.9981438704312,2.30407471946232));
#702=CARTESIAN_POINT('Ctrl Pts',(197.944003596504,49.821012883165,2.31367430144747));
#703=CARTESIAN_POINT('Ctrl Pts',(198.046087581647,48.9617944521057,2.36033646868719));
#704=CARTESIAN_POINT('Ctrl Pts',(199.249009483749,47.6896556759807,2.44406122118147));
#705=CARTESIAN_POINT('Ctrl Pts',(201.534625361979,48.1170671892768,2.55524897694518));
#706=CARTESIAN_POINT('Ctrl Pts',(202.414117517891,50.2684832941668,2.66643673270888));
#707=CARTESIAN_POINT('Ctrl Pts',(201.082974925804,52.1758528868635,2.77762448847259));
#708=CARTESIAN_POINT('Ctrl Pts',(198.758738847906,52.0858912924915,2.8888122442363));
#709=CARTESIAN_POINT('Ctrl Pts',(197.971619518417,50.7582375702093,2.96293741474543));
#710=CARTESIAN_POINT('Ctrl Pts',(197.946624167471,50.0751348979301,3.));
#711=CARTESIAN_POINT('Origin',(200.,50.,3.));
#712=CARTESIAN_POINT('Ctrl Pts',(197.9443488794,50.0018192126694,2.24592528053768));
#713=CARTESIAN_POINT('Ctrl Pts',(197.949380982471,49.4551394637684,2.27559781070439));
#714=CARTESIAN_POINT('Ctrl Pts',(198.454651468655,48.2174082763604,2.34233292612567));
#715=CARTESIAN_POINT('Ctrl Pts',(200.544937391084,47.6327011531995,2.44613062680153));
#716=CARTESIAN_POINT('Ctrl Pts',(202.284769522084,49.1749077945718,2.55731838256523));
#717=CARTESIAN_POINT('Ctrl Pts',(201.931774111243,51.4730669818092,2.66850613832894));
#718=CARTESIAN_POINT('Ctrl Pts',(199.808784823503,52.4215589216176,2.77969389409264));
#719=CARTESIAN_POINT('Ctrl Pts',(198.189439918815,51.3659353174099,2.87216694149556));
#720=CARTESIAN_POINT('Ctrl Pts',(197.948166734761,50.339762072871,2.9275774036439));
#721=CARTESIAN_POINT('Ctrl Pts',(197.948127079097,49.9999714438275,2.94592528053768));
#722=CARTESIAN_POINT('Origin',(200.,50.,-1.54592528053768));
#723=CARTESIAN_POINT('',(197.942446581171,49.9988690009079,1.54592528053767));
#724=CARTESIAN_POINT('',(197.94825560993,50.0006064495275,1.60407471946232));
#725=CARTESIAN_POINT('',(197.94525,50.,-1.54592528053768));
#726=CARTESIAN_POINT('Ctrl Pts',(197.94825560993,50.0006064495275,1.60407471946232));
#727=CARTESIAN_POINT('Ctrl Pts',(197.949261095438,49.6200337869562,1.62463212325339));
#728=CARTESIAN_POINT('Ctrl Pts',(198.233397736664,48.5519379251101,1.68225211229903));
#729=CARTESIAN_POINT('Ctrl Pts',(199.953339844669,47.5712277824881,1.77693468659924));
#730=CARTESIAN_POINT('Ctrl Pts',(202.015849571526,48.6444727942211,1.88812244236294));
#731=CARTESIAN_POINT('Ctrl Pts',(202.231709652465,50.9594580604374,1.99931019812665));
#732=CARTESIAN_POINT('Ctrl Pts',(200.403189144975,52.3955377471346,2.11049795389035));
#733=CARTESIAN_POINT('Ctrl Pts',(198.395064141852,51.702591752419,2.21208612766891));
#734=CARTESIAN_POINT('Ctrl Pts',(197.950117562769,50.5048897776938,2.2766117161929));
#735=CARTESIAN_POINT('Ctrl Pts',(197.9455871752,49.9981438704312,2.30407471946232));
#736=CARTESIAN_POINT('Ctrl Pts',(197.942446581171,49.9988690009079,1.54592528053767));
#737=CARTESIAN_POINT('Ctrl Pts',(197.942012519221,49.9332954106298,1.54949304725574));
#738=CARTESIAN_POINT('Ctrl Pts',(197.974614447126,49.1869690320602,1.59012339922838));
#739=CARTESIAN_POINT('Ctrl Pts',(198.885343417892,47.8416100579583,1.66781633645559));
#740=CARTESIAN_POINT('Ctrl Pts',(201.209800425292,47.8934651660794,1.77900409221929));
#741=CARTESIAN_POINT('Ctrl Pts',(202.426002675525,49.8750395484175,1.890191847983));
#742=CARTESIAN_POINT('Ctrl Pts',(201.419833966868,51.9710867676951,2.0013796037467));
#743=CARTESIAN_POINT('Ctrl Pts',(199.113003540052,52.2614908058971,2.11256735951041));
#744=CARTESIAN_POINT('Ctrl Pts',(198.017501875019,50.9555933882534,2.1940825851074));
#745=CARTESIAN_POINT('Ctrl Pts',(197.94309561523,50.1379718574588,2.23853522544982));
#746=CARTESIAN_POINT('Ctrl Pts',(197.9443488794,50.0018192126694,2.24592528053768));
#747=CARTESIAN_POINT('Origin',(200.,50.,-1.54592528053768));
#748=CARTESIAN_POINT('',(197.94778749616,49.9988634720832,0.845925280537676));
#749=CARTESIAN_POINT('',(197.943355734659,50.0015770998329,0.904074719462322));
#750=CARTESIAN_POINT('',(197.94525,50.,-1.54592528053768));
#751=CARTESIAN_POINT('Ctrl Pts',(197.943355734659,50.0015770998329,0.904074719462322));
#752=CARTESIAN_POINT('Ctrl Pts',(197.948278544774,49.4216746397908,0.935589945059314));
#753=CARTESIAN_POINT('Ctrl Pts',(198.507399402781,48.151485430698,1.00416775591087));
#754=CARTESIAN_POINT('Ctrl Pts',(200.661663819787,47.6626285700687,1.109808152017));
#755=CARTESIAN_POINT('Ctrl Pts',(202.322925550865,49.2892798889201,1.22099590778071));
#756=CARTESIAN_POINT('Ctrl Pts',(201.856240194364,51.5669967754855,1.33218366354441));
#757=CARTESIAN_POINT('Ctrl Pts',(199.689120788186,52.4092448338054,1.44337141930812));
#758=CARTESIAN_POINT('Ctrl Pts',(198.154809515325,51.2968030664204,1.53400177128075));
#759=CARTESIAN_POINT('Ctrl Pts',(197.947448323128,50.3061616120192,1.58756953799882));
#760=CARTESIAN_POINT('Ctrl Pts',(197.94825560993,50.0006064495275,1.60407471946232));
#761=CARTESIAN_POINT('Ctrl Pts',(197.94778749616,49.9988634720832,0.845925280537676));
#762=CARTESIAN_POINT('Ctrl Pts',(197.946433615208,49.7301088675557,0.860450869061666));
#763=CARTESIAN_POINT('Ctrl Pts',(198.120499495428,48.7772983864817,0.912039042840225));
#764=CARTESIAN_POINT('Ctrl Pts',(199.561199676919,47.6107444878489,1.00068980187335));
#765=CARTESIAN_POINT('Ctrl Pts',(201.7701100206,48.3363251819874,1.11187755763706));
#766=CARTESIAN_POINT('Ctrl Pts',(202.35749494278,50.5859429443379,1.22306531340076));
#767=CARTESIAN_POINT('Ctrl Pts',(200.785261086059,52.2987973209559,1.33425306916447));
#768=CARTESIAN_POINT('Ctrl Pts',(198.567211554909,51.9184185283153,1.44187305821011));
#769=CARTESIAN_POINT('Ctrl Pts',(197.946521630746,50.614485346009,1.51243046200118));
#770=CARTESIAN_POINT('Ctrl Pts',(197.942446581171,49.9988690009079,1.54592528053767));
#771=CARTESIAN_POINT('Origin',(200.,50.,-1.54592528053768));
#772=CARTESIAN_POINT('',(197.94737585225,50.0014969169882,0.145925280537676));
#773=CARTESIAN_POINT('',(197.943282184119,49.9984730647981,0.204074719462322));
#774=CARTESIAN_POINT('',(197.94525,50.,-1.54592528053768));
#775=CARTESIAN_POINT('',(199.469829782811,51.9851743256717,0.));
#776=CARTESIAN_POINT('Ctrl Pts',(199.469829782811,51.9851743256717,-2.77555756156289E-16));
#777=CARTESIAN_POINT('Ctrl Pts',(198.809415909557,51.8088010157363,0.0370625852545683));
#778=CARTESIAN_POINT('Ctrl Pts',(198.074973835864,51.1113698711799,0.0857043454337937));
#779=CARTESIAN_POINT('Ctrl Pts',(197.945775402551,50.215351983294,0.134346105613019));
#780=CARTESIAN_POINT('Ctrl Pts',(197.94737585225,50.0014969169882,0.145925280537676));
#781=CARTESIAN_POINT('',(200.531261244865,51.988955785585,-1.14476981897817E-15));
#782=CARTESIAN_POINT('Origin',(200.,50.,0.));
#783=CARTESIAN_POINT('Ctrl Pts',(200.531261352873,51.988956159938,2.51941479831319E-16));
#784=CARTESIAN_POINT('Ctrl Pts',(199.885913050556,52.1604375278571,0.036372783381217));
#785=CARTESIAN_POINT('Ctrl Pts',(198.505577605051,51.8402031632582,0.104397689868658));
#786=CARTESIAN_POINT('Ctrl Pts',(197.948132201905,50.5807551870816,0.172422596356098));
#787=CARTESIAN_POINT('Ctrl Pts',(197.943282184119,49.9984730647981,0.204074719462322));
#788=CARTESIAN_POINT('Origin',(200.,50.,-1.54592528053768));
#789=CARTESIAN_POINT('Ctrl Pts',(197.943282184119,49.9984730647981,0.204074719462322));
#790=CARTESIAN_POINT('Ctrl Pts',(197.942453145335,49.8989405509222,0.209485181610667));
#791=CARTESIAN_POINT('Ctrl Pts',(197.99432743057,49.1184516005204,0.25195822901358));
#792=CARTESIAN_POINT('Ctrl Pts',(198.993726050681,47.7888712407576,0.331493861671062));
#793=CARTESIAN_POINT('Ctrl Pts',(201.312814482261,47.956114686481,0.442681617434768));
#794=CARTESIAN_POINT('Ctrl Pts',(202.429205723019,49.9954988783239,0.553869373198473));
#795=CARTESIAN_POINT('Ctrl Pts',(201.320324652168,52.0390942590889,0.665057128962179));
#796=CARTESIAN_POINT('Ctrl Pts',(199.00192616545,52.2147090922804,0.776244884725885));
#797=CARTESIAN_POINT('Ctrl Pts',(197.995812139467,50.8867968547115,0.855917414892599));
#798=CARTESIAN_POINT('Ctrl Pts',(197.942489213867,50.1036524444078,0.898527359804745));
#799=CARTESIAN_POINT('Ctrl Pts',(197.943355734659,50.0015770998329,0.904074719462322));
#800=CARTESIAN_POINT('Ctrl Pts',(197.94737585225,50.0014969169882,0.145925280537676));
#801=CARTESIAN_POINT('Ctrl Pts',(197.950898116715,49.5308453860061,0.171408690867588));
#802=CARTESIAN_POINT('Ctrl Pts',(198.344186800343,48.3690546210497,0.233954686452068));
#803=CARTESIAN_POINT('Ctrl Pts',(200.275439822914,47.5866663438984,0.333563267291117));
#804=CARTESIAN_POINT('Ctrl Pts',(202.177209999321,48.922842874301,0.444751023054823));
#805=CARTESIAN_POINT('Ctrl Pts',(202.085308037569,51.2462615849868,0.555938778818529));
#806=CARTESIAN_POINT('Ctrl Pts',(200.082768614754,52.4277764050493,0.667126534582235));
#807=CARTESIAN_POINT('Ctrl Pts',(198.276072436879,51.5215809418995,0.76378870182195));
#808=CARTESIAN_POINT('Ctrl Pts',(197.949888093361,50.41584634569,0.823388283807097));
#809=CARTESIAN_POINT('Ctrl Pts',(197.94778749616,49.9988634720832,0.845925280537676));
#810=CARTESIAN_POINT('Ctrl Pts',(201.269070879852,48.9206413469515,0.));
#811=CARTESIAN_POINT('Ctrl Pts',(201.628144347342,49.3428269476612,0.0370625852545686));
#812=CARTESIAN_POINT('Ctrl Pts',(201.884375311471,50.5677458395464,0.111187755763706));
#813=CARTESIAN_POINT('Ctrl Pts',(200.543723924803,51.8941380294614,0.222375511527411));
#814=CARTESIAN_POINT('Ctrl Pts',(198.703345344091,51.4823623273286,0.333563267291117));
#815=CARTESIAN_POINT('Ctrl Pts',(198.051317330918,49.7142510628435,0.444751023054823));
#816=CARTESIAN_POINT('Ctrl Pts',(199.184108821236,48.2072074398843,0.555938778818529));
#817=CARTESIAN_POINT('Ctrl Pts',(201.064435540794,48.3428091338008,0.667126534582234));
#818=CARTESIAN_POINT('Ctrl Pts',(201.969610285704,49.9963504714869,0.778314290345941));
#819=CARTESIAN_POINT('Ctrl Pts',(201.070524818354,51.6533062589814,0.889502046109646));
#820=CARTESIAN_POINT('Ctrl Pts',(199.19075750901,51.7956955093024,1.00068980187335));
#821=CARTESIAN_POINT('Ctrl Pts',(198.052313786999,50.2931288904092,1.11187755763706));
#822=CARTESIAN_POINT('Ctrl Pts',(198.698071579979,48.5220304873464,1.22306531340076));
#823=CARTESIAN_POINT('Ctrl Pts',(200.536479826628,48.1048493479667,1.33425306916447));
#824=CARTESIAN_POINT('Ctrl Pts',(201.883437872122,49.4237451246823,1.44544082492818));
#825=CARTESIAN_POINT('Ctrl Pts',(201.505047409082,51.2705276203718,1.55662858069188));
#826=CARTESIAN_POINT('Ctrl Pts',(199.74793781877,51.9534259122131,1.66781633645559));
#827=CARTESIAN_POINT('Ctrl Pts',(198.221733136328,50.8468617720946,1.77900409221929));
#828=CARTESIAN_POINT('Ctrl Pts',(198.324534134097,48.9645190825148,1.890191847983));
#829=CARTESIAN_POINT('Ctrl Pts',(199.962167748494,48.030741202397,2.0013796037467));
#830=CARTESIAN_POINT('Ctrl Pts',(201.634459367885,48.9009328021279,2.11256735951041));
#831=CARTESIAN_POINT('Ctrl Pts',(201.809479635482,50.7779326578361,2.22375511527412));
#832=CARTESIAN_POINT('Ctrl Pts',(200.326907465885,51.9423121483034,2.33494287103782));
#833=CARTESIAN_POINT('Ctrl Pts',(198.544854685371,51.327377154362,2.44613062680153));
#834=CARTESIAN_POINT('Ctrl Pts',(198.095834966951,49.496551775816,2.55731838256523));
#835=CARTESIAN_POINT('Ctrl Pts',(199.391093709661,48.1267630398753,2.66850613832894));
#836=CARTESIAN_POINT('Ctrl Pts',(201.244280741237,48.4733101045554,2.77969389409264));
#837=CARTESIAN_POINT('Ctrl Pts',(201.957376705101,50.2176873916934,2.89088164985635));
#838=CARTESIAN_POINT('Ctrl Pts',(200.878080655257,51.7641907334296,3.00206940562005));
#839=CARTESIAN_POINT('Ctrl Pts',(198.993580202268,51.6912494918072,3.11325716138376));
#840=CARTESIAN_POINT('Ctrl Pts',(198.355380517183,50.6147822323732,3.1873823318929));
#841=CARTESIAN_POINT('Ctrl Pts',(198.335114180804,50.0609196933698,3.22444491714747));
#842=CARTESIAN_POINT('Ctrl Pts',(201.367780624659,48.8366876301903,-0.074814972382489));
#843=CARTESIAN_POINT('Ctrl Pts',(201.754783225899,49.2917112965814,-0.0377523871279204));
#844=CARTESIAN_POINT('Ctrl Pts',(202.030944119461,50.6119057425324,0.0363727833812167));
#845=CARTESIAN_POINT('Ctrl Pts',(200.586015376537,52.0414661925173,0.147560539144922));
#846=CARTESIAN_POINT('Ctrl Pts',(198.602490102497,51.5976621181947,0.258748294908628));
#847=CARTESIAN_POINT('Ctrl Pts',(197.899746625115,49.6920251926315,0.369936050672334));
#848=CARTESIAN_POINT('Ctrl Pts',(199.120647897718,48.0677620401753,0.48112380643604));
#849=CARTESIAN_POINT('Ctrl Pts',(201.147228521283,48.2139109846942,0.592311562199745));
#850=CARTESIAN_POINT('Ctrl Pts',(202.122808764809,49.9960666070992,0.703499317963452));
#851=CARTESIAN_POINT('Ctrl Pts',(201.153791429625,51.7819022590172,0.814687073727157));
#852=CARTESIAN_POINT('Ctrl Pts',(199.127813727823,51.9353667036284,0.925874829490863));
#853=CARTESIAN_POINT('Ctrl Pts',(197.900820586658,50.315928781595,1.03706258525457));
#854=CARTESIAN_POINT('Ctrl Pts',(198.596806139146,48.4070723744925,1.14825034101827));
#855=CARTESIAN_POINT('Ctrl Pts',(200.578207824348,47.9574424220007,1.25943809678198));
#856=CARTESIAN_POINT('Ctrl Pts',(202.029933765036,49.3789233794282,1.37062585254569));
#857=CARTESIAN_POINT('Ctrl Pts',(201.622111670843,51.3693506720764,1.48181360830939));
#858=CARTESIAN_POINT('Ctrl Pts',(199.728332141909,52.1053655527438,1.5930013640731));
#859=CARTESIAN_POINT('Ctrl Pts',(198.083417561448,50.9127316228152,1.7041891198368));
#860=CARTESIAN_POINT('Ctrl Pts',(198.194214535184,48.8839782248373,1.81537687560051));
#861=CARTESIAN_POINT('Ctrl Pts',(199.959225113886,47.8775700624273,1.92656463136422));
#862=CARTESIAN_POINT('Ctrl Pts',(201.761589435765,48.8154461328257,2.03775238712792));
#863=CARTESIAN_POINT('Ctrl Pts',(201.950222974476,50.8384411253698,2.14894014289163));
#864=CARTESIAN_POINT('Ctrl Pts',(200.352334692249,52.0933873479138,2.26012789865533));
#865=CARTESIAN_POINT('Ctrl Pts',(198.43167186403,51.4306220260623,2.37131565441904));
#866=CARTESIAN_POINT('Ctrl Pts',(197.947726892402,49.4573930128805,2.48250341018274));
#867=CARTESIAN_POINT('Ctrl Pts',(199.343732301024,47.9810605852438,2.59369116594645));
#868=CARTESIAN_POINT('Ctrl Pts',(201.341062281485,48.3545624661292,2.70487892171016));
#869=CARTESIAN_POINT('Ctrl Pts',(202.109623642697,50.2346193591845,2.81606667747386));
#870=CARTESIAN_POINT('Ctrl Pts',(200.946378745439,51.9014114512409,2.92725443323757));
#871=CARTESIAN_POINT('Ctrl Pts',(198.915299750814,51.822796758702,3.03844218900127));
#872=CARTESIAN_POINT('Ctrl Pts',(198.227460184261,50.6626006783186,3.11256735951041));
#873=CARTESIAN_POINT('Ctrl Pts',(198.205617509693,50.0656580948899,3.14962994476498));
#874=CARTESIAN_POINT('Ctrl Pts',(201.466490369465,48.752733913429,-0.149629944764978));
#875=CARTESIAN_POINT('Ctrl Pts',(201.881422104456,49.2405956455016,-0.112567359510409));
#876=CARTESIAN_POINT('Ctrl Pts',(202.177512927451,50.6560656455183,-0.0384421890012722));
#877=CARTESIAN_POINT('Ctrl Pts',(200.628306828271,52.1887943555731,0.0727455667624336));
#878=CARTESIAN_POINT('Ctrl Pts',(198.501634860904,51.7129619090609,0.183933322526139));
#879=CARTESIAN_POINT('Ctrl Pts',(197.748175919311,49.6697993224195,0.295121078289845));
#880=CARTESIAN_POINT('Ctrl Pts',(199.0571869742,47.9283166404665,0.406308834053551));
#881=CARTESIAN_POINT('Ctrl Pts',(201.230021501772,48.0850128355876,0.517496589817257));
#882=CARTESIAN_POINT('Ctrl Pts',(202.276007243914,49.9957827427116,0.628684345580962));
#883=CARTESIAN_POINT('Ctrl Pts',(201.237058040897,51.910498259053,0.739872101344668));
#884=CARTESIAN_POINT('Ctrl Pts',(199.064869946636,52.0750378979544,0.851059857108374));
#885=CARTESIAN_POINT('Ctrl Pts',(197.749327386317,50.3387286727808,0.96224761287208));
#886=CARTESIAN_POINT('Ctrl Pts',(198.495540698314,48.2921142616385,1.07343536863579));
#887=CARTESIAN_POINT('Ctrl Pts',(200.619935822067,47.8100354960347,1.18462312439949));
#888=CARTESIAN_POINT('Ctrl Pts',(202.176429657951,49.3341016341741,1.2958108801632));
#889=CARTESIAN_POINT('Ctrl Pts',(201.739175932604,51.468173723781,1.4069986359269));
#890=CARTESIAN_POINT('Ctrl Pts',(199.708726465047,52.2573051932746,1.51818639169061));
#891=CARTESIAN_POINT('Ctrl Pts',(197.945101986567,50.9786014735359,1.62937414745431));
#892=CARTESIAN_POINT('Ctrl Pts',(198.06389493627,48.8034373671597,1.74056190321802));
#893=CARTESIAN_POINT('Ctrl Pts',(199.956282479278,47.7243989224577,1.85174965898173));
#894=CARTESIAN_POINT('Ctrl Pts',(201.888719503645,48.7299594635234,1.96293741474543));
#895=CARTESIAN_POINT('Ctrl Pts',(202.090966313471,50.8989495929036,2.07412517050914));
#896=CARTESIAN_POINT('Ctrl Pts',(200.377761918612,52.2444625475242,2.18531292627284));
#897=CARTESIAN_POINT('Ctrl Pts',(198.31848904269,51.5338668977626,2.29650068203655));
#898=CARTESIAN_POINT('Ctrl Pts',(197.799618817853,49.418234249945,2.40768843780025));
#899=CARTESIAN_POINT('Ctrl Pts',(199.296370892387,47.8353581306122,2.51887619356396));
#900=CARTESIAN_POINT('Ctrl Pts',(201.437843821732,48.235814827703,2.63006394932767));
#901=CARTESIAN_POINT('Ctrl Pts',(202.261870580294,50.2515513266757,2.74125170509137));
#902=CARTESIAN_POINT('Ctrl Pts',(201.014676835621,52.0386321690522,2.85243946085508));
#903=CARTESIAN_POINT('Ctrl Pts',(198.83701929936,51.9543440255967,2.96362721661878));
#904=CARTESIAN_POINT('Ctrl Pts',(198.099539851339,50.710419124264,3.03775238712792));
#905=CARTESIAN_POINT('Ctrl Pts',(198.076120838582,50.07039649641,3.07481497238249));
#906=CARTESIAN_POINT('Ctrl Pts',(201.565200114272,48.6687801966678,-0.224444917147467));
#907=CARTESIAN_POINT('Ctrl Pts',(202.008060983014,49.1894799944219,-0.187382331892898));
#908=CARTESIAN_POINT('Ctrl Pts',(202.324081735441,50.7002255485043,-0.113257161383761));
#909=CARTESIAN_POINT('Ctrl Pts',(200.670598280005,52.336122518629,-0.0020694056200554));
#910=CARTESIAN_POINT('Ctrl Pts',(198.40077961931,51.828261699927,0.10911835014365));
#911=CARTESIAN_POINT('Ctrl Pts',(197.596605213508,49.6475734522075,0.220306105907356));
#912=CARTESIAN_POINT('Ctrl Pts',(198.993726050681,47.7888712407576,0.331493861671062));
#913=CARTESIAN_POINT('Ctrl Pts',(201.312814482261,47.956114686481,0.442681617434768));
#914=CARTESIAN_POINT('Ctrl Pts',(202.429205723019,49.9954988783239,0.553869373198473));
#915=CARTESIAN_POINT('Ctrl Pts',(201.320324652168,52.0390942590889,0.665057128962179));
#916=CARTESIAN_POINT('Ctrl Pts',(199.00192616545,52.2147090922804,0.776244884725885));
#917=CARTESIAN_POINT('Ctrl Pts',(197.597834185977,50.3615285639666,0.887432640489591));
#918=CARTESIAN_POINT('Ctrl Pts',(198.394275257481,48.1771561487845,0.998620396253297));
#919=CARTESIAN_POINT('Ctrl Pts',(200.661663819787,47.6626285700687,1.109808152017));
#920=CARTESIAN_POINT('Ctrl Pts',(202.322925550865,49.2892798889201,1.22099590778071));
#921=CARTESIAN_POINT('Ctrl Pts',(201.856240194364,51.5669967754855,1.33218366354441));
#922=CARTESIAN_POINT('Ctrl Pts',(199.689120788186,52.4092448338054,1.44337141930812));
#923=CARTESIAN_POINT('Ctrl Pts',(197.806786411687,51.0444713242565,1.55455917507182));
#924=CARTESIAN_POINT('Ctrl Pts',(197.933575337357,48.7228965094822,1.66574693083553));
#925=CARTESIAN_POINT('Ctrl Pts',(199.953339844669,47.5712277824881,1.77693468659924));
#926=CARTESIAN_POINT('Ctrl Pts',(202.015849571526,48.6444727942211,1.88812244236294));
#927=CARTESIAN_POINT('Ctrl Pts',(202.231709652465,50.9594580604374,1.99931019812665));
#928=CARTESIAN_POINT('Ctrl Pts',(200.403189144975,52.3955377471346,2.11049795389035));
#929=CARTESIAN_POINT('Ctrl Pts',(198.205306221349,51.637111769463,2.22168570965406));
#930=CARTESIAN_POINT('Ctrl Pts',(197.651510743303,49.3790754870095,2.33287346541777));
#931=CARTESIAN_POINT('Ctrl Pts',(199.249009483749,47.6896556759807,2.44406122118147));
#932=CARTESIAN_POINT('Ctrl Pts',(201.534625361979,48.1170671892768,2.55524897694518));
#933=CARTESIAN_POINT('Ctrl Pts',(202.414117517891,50.2684832941668,2.66643673270888));
#934=CARTESIAN_POINT('Ctrl Pts',(201.082974925804,52.1758528868635,2.77762448847259));
#935=CARTESIAN_POINT('Ctrl Pts',(198.758738847906,52.0858912924915,2.8888122442363));
#936=CARTESIAN_POINT('Ctrl Pts',(197.971619518417,50.7582375702093,2.96293741474543));
#937=CARTESIAN_POINT('Ctrl Pts',(197.946624167471,50.0751348979301,3.));
#938=CARTESIAN_POINT('Ctrl Pts',(197.946624167471,50.0751348979301,3.));
#939=CARTESIAN_POINT('Ctrl Pts',(197.956126638099,50.1476990801991,3.));
#940=CARTESIAN_POINT('Ctrl Pts',(197.969805758408,50.2194697092734,3.));
#941=CARTESIAN_POINT('Ctrl Pts',(197.987415195327,50.2901974337312,3.));
#942=CARTESIAN_POINT('Ctrl Pts',(198.005522862786,50.3629262847712,3.));
#943=CARTESIAN_POINT('Ctrl Pts',(198.027786896988,50.4345532880637,3.));
#944=CARTESIAN_POINT('Ctrl Pts',(198.053990003452,50.50478684614,3.));
#945=CARTESIAN_POINT('Ctrl Pts',(198.076146243568,50.5641733764764,3.));
#946=CARTESIAN_POINT('Ctrl Pts',(198.101119895442,50.6225635488544,3.));
#947=CARTESIAN_POINT('Ctrl Pts',(198.128802281187,50.6797628800233,3.));
#948=CARTESIAN_POINT('Ctrl Pts',(198.141086763808,50.7051459592181,3.));
#949=CARTESIAN_POINT('Ctrl Pts',(198.153904913025,50.7302942728565,3.));
#950=CARTESIAN_POINT('Ctrl Pts',(198.16724828007,50.7551894741143,3.));
#951=CARTESIAN_POINT('Ctrl Pts',(198.174569453639,50.7688488517549,3.));
#952=CARTESIAN_POINT('Ctrl Pts',(198.1820487514,50.7824320156333,3.));
#953=CARTESIAN_POINT('Ctrl Pts',(198.189684847622,50.7959358145848,3.));
#954=CARTESIAN_POINT('Ctrl Pts',(198.196757470834,50.8084431585383,3.));
#955=CARTESIAN_POINT('Ctrl Pts',(198.203965797696,50.8208842079739,3.));
#956=CARTESIAN_POINT('Ctrl Pts',(198.21129715324,50.8332374003451,3.));
#957=CARTESIAN_POINT('Ctrl Pts',(198.248672049777,50.8962133785247,3.));
#958=CARTESIAN_POINT('Ctrl Pts',(198.289301927446,50.9570191826153,3.));
#959=CARTESIAN_POINT('Ctrl Pts',(198.332980405946,51.0153837923496,3.));
#960=CARTESIAN_POINT('Ctrl Pts',(198.376325997585,51.0733035877858,3.));
#961=CARTESIAN_POINT('Ctrl Pts',(198.422674650866,51.1288199509277,3.));
#962=CARTESIAN_POINT('Ctrl Pts',(198.471858263971,51.1816297201103,3.));
#963=CARTESIAN_POINT('Ctrl Pts',(198.512775923653,51.225564112623,3.));
#964=CARTESIAN_POINT('Ctrl Pts',(198.555656492736,51.267624741292,3.));
#965=CARTESIAN_POINT('Ctrl Pts',(198.600415642216,51.3076114592782,3.));
#966=CARTESIAN_POINT('Ctrl Pts',(198.619042579964,51.3242523051246,3.));
#967=CARTESIAN_POINT('Ctrl Pts',(198.637994975358,51.3405336682371,3.));
#968=CARTESIAN_POINT('Ctrl Pts',(198.657267146422,51.3564397438097,3.));
#969=CARTESIAN_POINT('Ctrl Pts',(198.666233387416,51.3638399327343,3.));
#970=CARTESIAN_POINT('Ctrl Pts',(198.675268846848,51.3711588782041,3.));
#971=CARTESIAN_POINT('Ctrl Pts',(198.684372965069,51.3783949238868,3.));
#972=CARTESIAN_POINT('Ctrl Pts',(198.693794899703,51.3858835732839,3.));
#973=CARTESIAN_POINT('Ctrl Pts',(198.703283792494,51.3932781716958,3.));
#974=CARTESIAN_POINT('Ctrl Pts',(198.712835438402,51.4005748041889,3.));
#975=CARTESIAN_POINT('Ctrl Pts',(198.767486503612,51.442323497766,3.));
#976=CARTESIAN_POINT('Ctrl Pts',(198.824224961575,51.480896411678,3.));
#977=CARTESIAN_POINT('Ctrl Pts',(198.882899327324,51.5160300131083,3.));
#978=CARTESIAN_POINT('Ctrl Pts',(198.93629796903,51.5480045657206,3.));
#979=CARTESIAN_POINT('Ctrl Pts',(198.991300690091,51.5771303387104,3.));
#980=CARTESIAN_POINT('Ctrl Pts',(199.047806297111,51.6031734068839,3.));
#981=CARTESIAN_POINT('Ctrl Pts',(199.114399715769,51.6338658820815,3.));
#982=CARTESIAN_POINT('Ctrl Pts',(199.183081889722,51.660277593169,3.));
#983=CARTESIAN_POINT('Ctrl Pts',(199.253424736012,51.6823877970006,3.));
#984=CARTESIAN_POINT('Ctrl Pts',(199.268978114259,51.6872765437808,3.));
#985=CARTESIAN_POINT('Ctrl Pts',(199.284612650113,51.6919547560762,3.));
#986=CARTESIAN_POINT('Ctrl Pts',(199.300323635915,51.6964218066032,3.));
#987=CARTESIAN_POINT('Ctrl Pts',(199.3160301203,51.700887577258,3.));
#988=CARTESIAN_POINT('Ctrl Pts',(199.331818513997,51.705143566567,3.));
#989=CARTESIAN_POINT('Ctrl Pts',(199.347652702615,51.7091814395459,3.));
#990=CARTESIAN_POINT('Ctrl Pts',(199.414090270384,51.7261236691833,3.));
#991=CARTESIAN_POINT('Ctrl Pts',(199.481420022261,51.7392576203896,3.));
#992=CARTESIAN_POINT('Ctrl Pts',(199.54928679434,51.7486260069316,3.));
#993=CARTESIAN_POINT('Ctrl Pts',(199.617144314419,51.7579931163195,3.));
#994=CARTESIAN_POINT('Ctrl Pts',(199.685539850421,51.7635954834798,3.));
#995=CARTESIAN_POINT('Ctrl Pts',(199.754114748348,51.7654240849102,3.));
#996=CARTESIAN_POINT('Ctrl Pts',(199.804015549016,51.7667547274373,3.));
#997=CARTESIAN_POINT('Ctrl Pts',(199.854011307231,51.7660859919056,3.));
#998=CARTESIAN_POINT('Ctrl Pts',(199.90395745755,51.7633980928452,3.));
#999=CARTESIAN_POINT('Ctrl Pts',(199.924722673381,51.7622805932227,3.));
#1000=CARTESIAN_POINT('Ctrl Pts',(199.945479226642,51.7608139220826,3.));
#1001=CARTESIAN_POINT('Ctrl Pts',(199.966216294945,51.7589959866164,3.));
#1002=CARTESIAN_POINT('Ctrl Pts',(199.980189872384,51.7577709792218,3.));
#1003=CARTESIAN_POINT('Ctrl Pts',(199.994154596675,51.7563864660127,3.));
#1004=CARTESIAN_POINT('Ctrl Pts',(200.008107077215,51.7548417081809,3.));
#1005=CARTESIAN_POINT('Ctrl Pts',(200.019608462533,51.7535683249286,3.));
#1006=CARTESIAN_POINT('Ctrl Pts',(200.031098908685,51.7521862882991,3.));
#1007=CARTESIAN_POINT('Ctrl Pts',(200.042568171602,51.7506965352307,3.));
#1008=CARTESIAN_POINT('Ctrl Pts',(200.107954404033,51.7422034575931,3.));
#1009=CARTESIAN_POINT('Ctrl Pts',(200.172733960547,51.7302044147543,3.));
#1010=CARTESIAN_POINT('Ctrl Pts',(200.236571305967,51.7146761670612,3.));
#1011=CARTESIAN_POINT('Ctrl Pts',(200.281737719961,51.7036895688669,3.));
#1012=CARTESIAN_POINT('Ctrl Pts',(200.326432165982,51.6909353286864,3.));
#1013=CARTESIAN_POINT('Ctrl Pts',(200.370527049261,51.6763921960666,3.));
#1014=CARTESIAN_POINT('Ctrl Pts',(200.385546176378,51.6714386699147,3.));
#1015=CARTESIAN_POINT('Ctrl Pts',(200.400495669338,51.6662775167286,3.));
#1016=CARTESIAN_POINT('Ctrl Pts',(200.415370232455,51.6609076240659,3.));
#1017=CARTESIAN_POINT('Ctrl Pts',(200.428318632383,51.6562330990249,3.));
#1018=CARTESIAN_POINT('Ctrl Pts',(200.441201433215,51.6514035691777,3.));
#1019=CARTESIAN_POINT('Ctrl Pts',(200.454014721768,51.6464191069334,3.));
#1020=CARTESIAN_POINT('Ctrl Pts',(200.512560542334,51.6236443578149,3.));
#1021=CARTESIAN_POINT('Ctrl Pts',(200.569663004455,51.5976361635424,3.));
#1022=CARTESIAN_POINT('Ctrl Pts',(200.625005009506,51.5683511183046,3.));
#1023=CARTESIAN_POINT('Ctrl Pts',(200.666186799525,51.5465591614978,3.));
#1024=CARTESIAN_POINT('Ctrl Pts',(200.706393285391,51.5229518746832,3.));
#1025=CARTESIAN_POINT('Ctrl Pts',(200.745480341845,51.4974981786598,3.));
#1026=CARTESIAN_POINT('Ctrl Pts',(200.754149031607,51.491853082453,3.));
#1027=CARTESIAN_POINT('Ctrl Pts',(200.7627626088,51.4861171258228,3.));
#1028=CARTESIAN_POINT('Ctrl Pts',(200.771320211257,51.4802915124635,3.));
#1029=CARTESIAN_POINT('Ctrl Pts',(201.269070879852,48.9206413469515,0.));
#1030=CARTESIAN_POINT('Ctrl Pts',(201.314368149262,48.9628988917671,1.16919180365008E-17));
#1031=CARTESIAN_POINT('Ctrl Pts',(201.356933462061,49.007728141758,-1.47102186931176E-17));
#1032=CARTESIAN_POINT('Ctrl Pts',(201.39676959824,49.0547834740849,8.67361737988404E-18));
#1033=CARTESIAN_POINT('Ctrl Pts',(201.439293115113,49.1050132004112,3.36349475484471E-17));
#1034=CARTESIAN_POINT('Ctrl Pts',(201.47870754012,49.1577797098944,1.9004871893473E-16));
#1035=CARTESIAN_POINT('Ctrl Pts',(201.514987246443,49.2127175606656,3.05311331771918E-16));
#1036=CARTESIAN_POINT('Ctrl Pts',(201.546731989476,49.2607881800904,4.06166118004458E-16));
#1037=CARTESIAN_POINT('Ctrl Pts',(201.576076466457,49.3105224652173,-3.28199226466902E-16));
#1038=CARTESIAN_POINT('Ctrl Pts',(201.602980505606,49.3617032801572,-4.23272528138341E-16));
#1039=CARTESIAN_POINT('Ctrl Pts',(201.616493034333,49.3874087970242,-4.71023005784749E-16));
#1040=CARTESIAN_POINT('Ctrl Pts',(201.629389589818,49.4134795649338,1.91991516779848E-17));
#1041=CARTESIAN_POINT('Ctrl Pts',(201.641662723095,49.439889929423,6.93889390390723E-18));
#1042=CARTESIAN_POINT('Ctrl Pts',(201.647235073973,49.4518809845526,1.37238887018911E-18));
#1043=CARTESIAN_POINT('Ctrl Pts',(201.652679433963,49.4639436047836,-3.62369958780739E-18));
#1044=CARTESIAN_POINT('Ctrl Pts',(201.657986732678,49.4760557091968,-1.38777878078145E-17));
#1045=CARTESIAN_POINT('Ctrl Pts',(201.684863125979,49.5373919368,-6.58049399747866E-17));
#1046=CARTESIAN_POINT('Ctrl Pts',(201.708280025366,49.6001041460666,1.80661407968298E-17));
#1047=CARTESIAN_POINT('Ctrl Pts',(201.728215362557,49.6638336417095,6.93889390390723E-18));
#1048=CARTESIAN_POINT('Ctrl Pts',(201.748509437524,49.7287099540473,-4.38858856873525E-18));
#1049=CARTESIAN_POINT('Ctrl Pts',(201.765196076196,49.7946413362715,7.75964984952558E-17));
#1050=CARTESIAN_POINT('Ctrl Pts',(201.778212662615,49.861285919047,2.77555756156289E-17));
#1051=CARTESIAN_POINT('Ctrl Pts',(201.789117494627,49.9171183743643,-1.39993725550992E-17));
#1052=CARTESIAN_POINT('Ctrl Pts',(201.797445952081,49.9734523324746,-4.40829098446916E-17));
#1053=CARTESIAN_POINT('Ctrl Pts',(201.803136267857,50.0300991319155,-6.93889390390723E-17));
#1054=CARTESIAN_POINT('Ctrl Pts',(201.805762779936,50.0562459239093,-8.1069589809555E-17));
#1055=CARTESIAN_POINT('Ctrl Pts',(201.807826892125,50.082459481543,2.26382758856765E-17));
#1056=CARTESIAN_POINT('Ctrl Pts',(201.809320706386,50.1087216567338,1.38777878078145E-17));
#1057=CARTESIAN_POINT('Ctrl Pts',(201.809967190564,50.1200872469327,1.00864751419014E-17));
#1058=CARTESIAN_POINT('Ctrl Pts',(201.810506733845,50.1314614870238,-4.12542321568521E-17));
#1059=CARTESIAN_POINT('Ctrl Pts',(201.81093838991,50.1428292048108,-4.16333634234434E-17));
#1060=CARTESIAN_POINT('Ctrl Pts',(201.813602413784,50.2129866148523,-4.39732233872715E-17));
#1061=CARTESIAN_POINT('Ctrl Pts',(201.812169097381,50.2830265992249,-3.72710061351965E-16));
#1062=CARTESIAN_POINT('Ctrl Pts',(201.806585228525,50.3525868648336,-2.77555756156289E-16));
#1063=CARTESIAN_POINT('Ctrl Pts',(201.801576588504,50.4149812976563,-1.92203883914734E-16));
#1064=CARTESIAN_POINT('Ctrl Pts',(201.79322816165,50.476990727741,1.70191770356786E-17));
#1065=CARTESIAN_POINT('Ctrl Pts',(201.781468022973,50.538365943322,-2.77555756156289E-17));
#1066=CARTESIAN_POINT('Ctrl Pts',(201.768693735743,50.6050339184422,-6.17538039685434E-17));
#1067=CARTESIAN_POINT('Ctrl Pts',(201.751895001611,50.6709544218005,2.30041824664804E-16));
#1068=CARTESIAN_POINT('Ctrl Pts',(201.731316325372,50.7359147787681,2.4980018054066E-16));
#1069=CARTESIAN_POINT('Ctrl Pts',(201.723428116626,50.7608153530322,2.57373944460532E-16));
#1070=CARTESIAN_POINT('Ctrl Pts',(201.714983958863,50.7855748009949,2.86085623359935E-16));
#1071=CARTESIAN_POINT('Ctrl Pts',(201.705995659673,50.810180826323,3.05311331771918E-16));
#1072=CARTESIAN_POINT('Ctrl Pts',(201.702043646304,50.8209997075133,3.13764572485642E-16));
#1073=CARTESIAN_POINT('Ctrl Pts',(201.697986634672,50.8317881117392,4.87229427793282E-17));
#1074=CARTESIAN_POINT('Ctrl Pts',(201.693830573372,50.8425328433505,5.55111512312578E-17));
#1075=CARTESIAN_POINT('Ctrl Pts',(201.668597476653,50.9077683710286,9.67250573921118E-17));
#1076=CARTESIAN_POINT('Ctrl Pts',(201.639675073705,50.9715125119116,2.04636876370789E-16));
#1077=CARTESIAN_POINT('Ctrl Pts',(201.607375426383,51.0335475046288,1.66533453693773E-16));
#1078=CARTESIAN_POINT('Ctrl Pts',(201.574332625427,51.0970098048916,1.27553343516411E-16));
#1079=CARTESIAN_POINT('Ctrl Pts',(201.537755081605,51.1586842217673,2.21181690710856E-18));
#1080=CARTESIAN_POINT('Ctrl Pts',(201.49792078945,51.2183337909832,5.55111512312578E-17));
#1081=CARTESIAN_POINT('Ctrl Pts',(201.467656290864,51.2636531428674,9.60058491676197E-17));
#1082=CARTESIAN_POINT('Ctrl Pts',(201.435510667207,51.3078037015507,-5.96951862570642E-17));
#1083=CARTESIAN_POINT('Ctrl Pts',(201.401586786842,51.3506755708752,-8.32667268468867E-17));
#1084=CARTESIAN_POINT('Ctrl Pts',(201.380515994453,51.3773041360094,-9.79074764525838E-17));
#1085=CARTESIAN_POINT('Ctrl Pts',(201.358758855456,51.4034392762086,-3.85150807591231E-16));
#1086=CARTESIAN_POINT('Ctrl Pts',(201.336337217188,51.4290530315565,-4.44089209850063E-16));
#1087=CARTESIAN_POINT('Ctrl Pts',(201.32773730627,51.4388772920157,-4.66695274715601E-16));
#1088=CARTESIAN_POINT('Ctrl Pts',(201.319037712362,51.448626918826,-4.06144554883746E-16));
#1089=CARTESIAN_POINT('Ctrl Pts',(201.310246020446,51.45829323547,-3.88578058618805E-16));
#1090=CARTESIAN_POINT('Ctrl Pts',(201.258786858108,51.5148717145798,-2.8575857953888E-16));
#1091=CARTESIAN_POINT('Ctrl Pts',(201.204269995331,51.5684983731454,5.13253635006494E-16));
#1092=CARTESIAN_POINT('Ctrl Pts',(201.147003441527,51.6188940655781,4.16333634234434E-16));
#1093=CARTESIAN_POINT('Ctrl Pts',(201.104053526173,51.6566908349026,3.43643633655389E-16));
#1094=CARTESIAN_POINT('Ctrl Pts',(201.059555624909,51.6926700011498,5.29828033850302E-17));
#1095=CARTESIAN_POINT('Ctrl Pts',(201.013621318595,51.7267034131584,5.55111512312578E-17));
#1096=CARTESIAN_POINT('Ctrl Pts',(200.996375986896,51.7394807363838,5.64603807016792E-17));
#1097=CARTESIAN_POINT('Ctrl Pts',(200.97892804879,51.7519836904968,6.42915238326553E-17));
#1098=CARTESIAN_POINT('Ctrl Pts',(200.961282919667,51.7642050455563,5.55111512312578E-17));
#1099=CARTESIAN_POINT('Ctrl Pts',(200.947747619739,51.7735798540428,4.87758660540364E-17));
#1100=CARTESIAN_POINT('Ctrl Pts',(200.934103920307,51.7827836261902,1.3920935792147E-17));
#1101=CARTESIAN_POINT('Ctrl Pts',(200.920358214102,51.7918112827165,2.77555756156289E-17));
#1102=CARTESIAN_POINT('Ctrl Pts',(200.85742517602,51.8331433062222,9.10957854159285E-17));
#1103=CARTESIAN_POINT('Ctrl Pts',(200.792334019186,51.8708022009651,1.36681505358541E-16));
#1104=CARTESIAN_POINT('Ctrl Pts',(200.725345100428,51.9045101023185,0.));
#1105=CARTESIAN_POINT('Ctrl Pts',(200.673622277604,51.9305363144411,-1.05533174978987E-16));
#1106=CARTESIAN_POINT('Ctrl Pts',(200.620767121319,51.9542067357514,-6.53341596362468E-17));
#1107=CARTESIAN_POINT('Ctrl Pts',(200.566885140643,51.9753776741366,-1.11022302462516E-16));
#1108=CARTESIAN_POINT('Ctrl Pts',(200.555059491819,51.9800241269856,-9.34352780237828E-17));
#1109=CARTESIAN_POINT('Ctrl Pts',(200.543184341539,51.9845501211967,-1.08621394545749E-16));
#1110=CARTESIAN_POINT('Ctrl Pts',(200.531261352873,51.988956159938,-1.11022302462516E-16));
#1111=CARTESIAN_POINT('Ctrl Pts',(198.33427338308,49.9984950422865,2.52851963660979));
#1112=CARTESIAN_POINT('Ctrl Pts',(198.337946640503,50.4093667695038,2.50105663334037));
#1113=CARTESIAN_POINT('Ctrl Pts',(198.491493145065,50.822681446752,2.47359363007095));
#1114=CARTESIAN_POINT('Ctrl Pts',(198.767026862387,51.1247287569279,2.44613062680153));
#1115=CARTESIAN_POINT('Ctrl Pts',(199.138872278876,51.5323554856758,2.40906804154696));
#1116=CARTESIAN_POINT('Ctrl Pts',(199.732889872381,51.7373338169896,2.37200545629239));
#1117=CARTESIAN_POINT('Ctrl Pts',(200.276994030733,51.6457597342352,2.33494287103782));
#1118=CARTESIAN_POINT('Ctrl Pts',(200.821098189084,51.5541856514809,2.29788028578325));
#1119=CARTESIAN_POINT('Ctrl Pts',(201.315288912283,51.1660591546585,2.26081770052868));
#1120=CARTESIAN_POINT('Ctrl Pts',(201.533214229283,50.6591625969626,2.22375511527412));
#1121=CARTESIAN_POINT('Ctrl Pts',(201.751139546283,50.1522660392667,2.18669253001955));
#1122=CARTESIAN_POINT('Ctrl Pts',(201.692799457084,49.5265994206973,2.14962994476498));
#1123=CARTESIAN_POINT('Ctrl Pts',(201.384914142586,49.0687341781241,2.11256735951041));
#1124=CARTESIAN_POINT('Ctrl Pts',(201.077028828088,48.610868935551,2.07550477425584));
#1125=CARTESIAN_POINT('Ctrl Pts',(200.519598288291,48.320805068974,2.03844218900127));
#1126=CARTESIAN_POINT('Ctrl Pts',(199.96794408266,48.3314027823718,2.0013796037467));
#1127=CARTESIAN_POINT('Ctrl Pts',(199.416289877029,48.3420004957696,1.96431701849214));
#1128=CARTESIAN_POINT('Ctrl Pts',(198.870412005563,48.6532597891422,1.92725443323757));
#1129=CARTESIAN_POINT('Ctrl Pts',(198.580339570202,49.1226132174252,1.890191847983));
#1130=CARTESIAN_POINT('Ctrl Pts',(198.419445878048,49.3829482123982,1.86963444419193));
#1131=CARTESIAN_POINT('Ctrl Pts',(198.337252213164,49.6919217856523,1.84907704040086));
#1132=CARTESIAN_POINT('Ctrl Pts',(198.336436961257,50.0004917118447,1.82851963660979));
#1133=CARTESIAN_POINT('Ctrl Pts',(199.469829782811,51.9851743256717,-2.77555756156289E-16));
#1134=CARTESIAN_POINT('Ctrl Pts',(198.809415909557,51.8088010157363,0.0370625852545683));
#1135=CARTESIAN_POINT('Ctrl Pts',(197.690199751651,50.7459858067853,0.111187755763706));
#1136=CARTESIAN_POINT('Ctrl Pts',(198.119684891132,48.4600047243824,0.222375511527411));
#1137=CARTESIAN_POINT('Ctrl Pts',(200.275439822914,47.5866663438984,0.333563267291117));
#1138=CARTESIAN_POINT('Ctrl Pts',(202.177209999321,48.922842874301,0.444751023054823));
#1139=CARTESIAN_POINT('Ctrl Pts',(202.085308037569,51.2462615849868,0.555938778818529));
#1140=CARTESIAN_POINT('Ctrl Pts',(200.082768614754,52.4277764050493,0.667126534582235));
#1141=CARTESIAN_POINT('Ctrl Pts',(198.004577124731,51.3854054060523,0.77831429034594));
#1142=CARTESIAN_POINT('Ctrl Pts',(197.754241432506,49.0738623605105,0.889502046109647));
#1143=CARTESIAN_POINT('Ctrl Pts',(199.561199676919,47.6107444878489,1.00068980187335));
#1144=CARTESIAN_POINT('Ctrl Pts',(201.7701100206,48.3363251819874,1.11187755763706));
#1145=CARTESIAN_POINT('Ctrl Pts',(202.35749494278,50.5859429443379,1.22306531340076));
#1146=CARTESIAN_POINT('Ctrl Pts',(200.785261086059,52.2987973209559,1.33425306916447));
#1147=CARTESIAN_POINT('Ctrl Pts',(198.493679831236,51.9058083914004,1.44544082492818));
#1148=CARTESIAN_POINT('Ctrl Pts',(197.58198285537,49.7669774126445,1.55662858069188));
#1149=CARTESIAN_POINT('Ctrl Pts',(198.885343417892,47.8416100579583,1.66781633645559));
#1150=CARTESIAN_POINT('Ctrl Pts',(201.209800425292,47.8934651660794,1.77900409221929));
#1151=CARTESIAN_POINT('Ctrl Pts',(202.426002675525,49.8750395484175,1.890191847983));
#1152=CARTESIAN_POINT('Ctrl Pts',(201.419833966868,51.9710867676951,2.0013796037467));
#1153=CARTESIAN_POINT('Ctrl Pts',(199.113003540052,52.2614908058971,2.11256735951041));
#1154=CARTESIAN_POINT('Ctrl Pts',(197.618725990326,50.4802308993947,2.22375511527412));
#1155=CARTESIAN_POINT('Ctrl Pts',(198.305829982095,48.2590375015001,2.33494287103782));
#1156=CARTESIAN_POINT('Ctrl Pts',(200.544937391084,47.6327011531995,2.44613062680153));
#1157=CARTESIAN_POINT('Ctrl Pts',(202.284769522084,49.1749077945718,2.55731838256523));
#1158=CARTESIAN_POINT('Ctrl Pts',(201.931774111243,51.4730669818092,2.66850613832894));
#1159=CARTESIAN_POINT('Ctrl Pts',(199.808784823503,52.4215589216176,2.77969389409264));
#1160=CARTESIAN_POINT('Ctrl Pts',(197.861716668875,51.1522980636765,2.89088164985635));
#1161=CARTESIAN_POINT('Ctrl Pts',(197.871671132662,48.8263788558405,3.00206940562005));
#1162=CARTESIAN_POINT('Ctrl Pts',(199.834487532537,47.5783729365753,3.11325716138376));
#1163=CARTESIAN_POINT('Ctrl Pts',(201.237034182201,48.2226429669283,3.1873823318929));
#1164=CARTESIAN_POINT('Ctrl Pts',(201.646133134774,48.770266994385,3.22444491714747));
#1165=CARTESIAN_POINT('Ctrl Pts',(199.503265102912,51.8599788000028,-0.0748149723824893));
#1166=CARTESIAN_POINT('Ctrl Pts',(198.884500399181,51.694728517887,-0.0377523871279207));
#1167=CARTESIAN_POINT('Ctrl Pts',(197.835867894012,50.6989400214282,0.0363727833812167));
#1168=CARTESIAN_POINT('Ctrl Pts',(198.238267443523,48.5571249196043,0.147560539144922));
#1169=CARTESIAN_POINT('Ctrl Pts',(200.258069140161,47.7388638470512,0.258748294908628));
#1170=CARTESIAN_POINT('Ctrl Pts',(202.039903694866,48.9907740634344,0.369936050672334));
#1171=CARTESIAN_POINT('Ctrl Pts',(201.953797553795,51.1676657799556,0.48112380643604));
#1172=CARTESIAN_POINT('Ctrl Pts',(200.077548790933,52.2746680662468,0.592311562199746));
#1173=CARTESIAN_POINT('Ctrl Pts',(198.130418977797,51.2980344604218,0.703499317963451));
#1174=CARTESIAN_POINT('Ctrl Pts',(197.895870769914,49.1322694671903,0.814687073727158));
#1175=CARTESIAN_POINT('Ctrl Pts',(199.588872731321,47.7614234967062,0.925874829490863));
#1176=CARTESIAN_POINT('Ctrl Pts',(201.658477580237,48.4412452591261,1.03706258525457));
#1177=CARTESIAN_POINT('Ctrl Pts',(202.208818922339,50.5489903029604,1.14825034101827));
#1178=CARTESIAN_POINT('Ctrl Pts',(200.735738395187,52.1538230810206,1.25943809678198));
#1179=CARTESIAN_POINT('Ctrl Pts',(198.588676297247,51.7856180986386,1.37062585254569));
#1180=CARTESIAN_POINT('Ctrl Pts',(197.734475723922,49.7816730416074,1.48181360830939));
#1181=CARTESIAN_POINT('Ctrl Pts',(198.955639519818,47.977729470696,1.5930013640731));
#1182=CARTESIAN_POINT('Ctrl Pts',(201.133504052606,48.0263143231848,1.7041891198368));
#1183=CARTESIAN_POINT('Ctrl Pts',(202.273006197428,49.8829202111993,1.81537687560051));
#1184=CARTESIAN_POINT('Ctrl Pts',(201.33029177526,51.8467796774665,1.92656463136422));
#1185=CARTESIAN_POINT('Ctrl Pts',(199.168942198251,52.1188693108583,2.03775238712792));
#1186=CARTESIAN_POINT('Ctrl Pts',(197.768901643692,50.4499450151201,2.14894014289163));
#1187=CARTESIAN_POINT('Ctrl Pts',(198.4126732468,48.3688317459405,2.26012789865533));
#1188=CARTESIAN_POINT('Ctrl Pts',(200.510570775392,47.7819954593509,2.37131565441904));
#1189=CARTESIAN_POINT('Ctrl Pts',(202.140679948866,49.2269424451554,2.48250341018274));
#1190=CARTESIAN_POINT('Ctrl Pts',(201.80994628373,51.3801676365233,2.59369116594645));
#1191=CARTESIAN_POINT('Ctrl Pts',(199.820843857427,52.2688426899951,2.70487892171015));
#1192=CARTESIAN_POINT('Ctrl Pts',(197.996568053062,51.0796280921058,2.81606667747386));
#1193=CARTESIAN_POINT('Ctrl Pts',(198.005894736049,48.9003935729257,2.92725443323757));
#1194=CARTESIAN_POINT('Ctrl Pts',(199.844925618553,47.7310934655782,3.03844218900127));
#1195=CARTESIAN_POINT('Ctrl Pts',(201.159020305683,48.3347324419831,3.11256735951041));
#1196=CARTESIAN_POINT('Ctrl Pts',(201.542319328367,48.8478204203383,3.14962994476498));
#1197=CARTESIAN_POINT('Ctrl Pts',(199.536700423013,51.7347832743338,-0.149629944764978));
#1198=CARTESIAN_POINT('Ctrl Pts',(198.959584888804,51.5806560200377,-0.11256735951041));
#1199=CARTESIAN_POINT('Ctrl Pts',(197.981536036372,50.651894236071,-0.0384421890012722));
#1200=CARTESIAN_POINT('Ctrl Pts',(198.356849995913,48.6542451148261,0.0727455667624335));
#1201=CARTESIAN_POINT('Ctrl Pts',(200.240698457409,47.891061350204,0.183933322526139));
#1202=CARTESIAN_POINT('Ctrl Pts',(201.902597390411,49.0587052525678,0.295121078289845));
#1203=CARTESIAN_POINT('Ctrl Pts',(201.822287070021,51.0890699749244,0.406308834053551));
#1204=CARTESIAN_POINT('Ctrl Pts',(200.072328967113,52.1215597274443,0.517496589817256));
#1205=CARTESIAN_POINT('Ctrl Pts',(198.256260830863,51.2106635147913,0.628684345580962));
#1206=CARTESIAN_POINT('Ctrl Pts',(198.037500107321,49.1906765738702,0.739872101344669));
#1207=CARTESIAN_POINT('Ctrl Pts',(199.616545785723,47.9121025055636,0.851059857108374));
#1208=CARTESIAN_POINT('Ctrl Pts',(201.546845139874,48.5461653362649,0.962247612872079));
#1209=CARTESIAN_POINT('Ctrl Pts',(202.060142901898,50.5120376615828,1.07343536863579));
#1210=CARTESIAN_POINT('Ctrl Pts',(200.686215704316,52.0088488410852,1.18462312439949));
#1211=CARTESIAN_POINT('Ctrl Pts',(198.683672763257,51.6654278058768,1.2958108801632));
#1212=CARTESIAN_POINT('Ctrl Pts',(197.886968592475,49.7963686705703,1.4069986359269));
#1213=CARTESIAN_POINT('Ctrl Pts',(199.025935621743,48.1138488834338,1.51818639169061));
#1214=CARTESIAN_POINT('Ctrl Pts',(201.057207679919,48.1591634802901,1.62937414745431));
#1215=CARTESIAN_POINT('Ctrl Pts',(202.12000971933,49.8908008739811,1.74056190321802));
#1216=CARTESIAN_POINT('Ctrl Pts',(201.240749583652,51.7224725872379,1.85174965898173));
#1217=CARTESIAN_POINT('Ctrl Pts',(199.22488085645,51.9762478158196,1.96293741474543));
#1218=CARTESIAN_POINT('Ctrl Pts',(197.919077297058,50.4196591308455,2.07412517050914));
#1219=CARTESIAN_POINT('Ctrl Pts',(198.519516511505,48.4786259903809,2.18531292627284));
#1220=CARTESIAN_POINT('Ctrl Pts',(200.476204159699,47.9312897655023,2.29650068203655));
#1221=CARTESIAN_POINT('Ctrl Pts',(201.996590375648,49.2789770957391,2.40768843780025));
#1222=CARTESIAN_POINT('Ctrl Pts',(201.688118456218,51.2872682912375,2.51887619356396));
#1223=CARTESIAN_POINT('Ctrl Pts',(199.83290289135,52.1161264583726,2.63006394932767));
#1224=CARTESIAN_POINT('Ctrl Pts',(198.131419437249,51.0069581205352,2.74125170509137));
#1225=CARTESIAN_POINT('Ctrl Pts',(198.140118339436,48.9744082900108,2.85243946085508));
#1226=CARTESIAN_POINT('Ctrl Pts',(199.85536370457,47.8838139945812,2.96362721661878));
#1227=CARTESIAN_POINT('Ctrl Pts',(201.081006429164,48.4468219170379,3.03775238712792));
#1228=CARTESIAN_POINT('Ctrl Pts',(201.43850552196,48.9253738462916,3.07481497238249));
#1229=CARTESIAN_POINT('Ctrl Pts',(199.570135743114,51.6095877486648,-0.224444917147467));
#1230=CARTESIAN_POINT('Ctrl Pts',(199.034669378427,51.4665835221884,-0.187382331892899));
#1231=CARTESIAN_POINT('Ctrl Pts',(198.127204178733,50.6048484507139,-0.113257161383761));
#1232=CARTESIAN_POINT('Ctrl Pts',(198.475432548303,48.751365310048,-0.00206940562005548));
#1233=CARTESIAN_POINT('Ctrl Pts',(200.223327774656,48.0432588533567,0.10911835014365));
#1234=CARTESIAN_POINT('Ctrl Pts',(201.765291085957,49.1266364417012,0.220306105907356));
#1235=CARTESIAN_POINT('Ctrl Pts',(201.690776586247,51.0104741698932,0.331493861671062));
#1236=CARTESIAN_POINT('Ctrl Pts',(200.067109143292,51.9684513886419,0.442681617434768));
#1237=CARTESIAN_POINT('Ctrl Pts',(198.382102683929,51.1232925691608,0.553869373198473));
#1238=CARTESIAN_POINT('Ctrl Pts',(198.179129444728,49.2490836805501,0.66505712896218));
#1239=CARTESIAN_POINT('Ctrl Pts',(199.644218840125,48.0627815144209,0.776244884725885));
#1240=CARTESIAN_POINT('Ctrl Pts',(201.435212699511,48.6510854134036,0.88743264048959));
#1241=CARTESIAN_POINT('Ctrl Pts',(201.911466881456,50.4750850202053,0.998620396253297));
#1242=CARTESIAN_POINT('Ctrl Pts',(200.636693013444,51.8638746011498,1.109808152017));
#1243=CARTESIAN_POINT('Ctrl Pts',(198.778669229268,51.545237513115,1.22099590778071));
#1244=CARTESIAN_POINT('Ctrl Pts',(198.039461461027,49.8110642995332,1.33218366354441));
#1245=CARTESIAN_POINT('Ctrl Pts',(199.096231723669,48.2499682961715,1.44337141930812));
#1246=CARTESIAN_POINT('Ctrl Pts',(200.980911307233,48.2920126373955,1.55455917507183));
#1247=CARTESIAN_POINT('Ctrl Pts',(201.967013241233,49.8986815367629,1.66574693083553));
#1248=CARTESIAN_POINT('Ctrl Pts',(201.151207392044,51.5981654970094,1.77693468659924));
#1249=CARTESIAN_POINT('Ctrl Pts',(199.28081951465,51.8336263207809,1.88812244236294));
#1250=CARTESIAN_POINT('Ctrl Pts',(198.069252950424,50.3893732465709,1.99931019812665));
#1251=CARTESIAN_POINT('Ctrl Pts',(198.626359776211,48.5884202348214,2.11049795389035));
#1252=CARTESIAN_POINT('Ctrl Pts',(200.441837544006,48.0805840716537,2.22168570965406));
#1253=CARTESIAN_POINT('Ctrl Pts',(201.852500802429,49.3310117463227,2.33287346541776));
#1254=CARTESIAN_POINT('Ctrl Pts',(201.566290628705,51.1943689459516,2.44406122118147));
#1255=CARTESIAN_POINT('Ctrl Pts',(199.844961925274,51.9634102267502,2.55524897694518));
#1256=CARTESIAN_POINT('Ctrl Pts',(198.266270821436,50.9342881489646,2.66643673270888));
#1257=CARTESIAN_POINT('Ctrl Pts',(198.274341942823,49.048423007096,2.77762448847259));
#1258=CARTESIAN_POINT('Ctrl Pts',(199.865801790586,48.0365345235841,2.88881224423629));
#1259=CARTESIAN_POINT('Ctrl Pts',(201.002992552645,48.5589113920928,2.96293741474543));
#1260=CARTESIAN_POINT('Ctrl Pts',(201.334691715553,49.002927272245,3.));
#1261=CARTESIAN_POINT('Ctrl Pts',(201.334691715553,49.002927272245,3.));
#1262=CARTESIAN_POINT('Ctrl Pts',(201.303573244471,48.949362508453,3.));
#1263=CARTESIAN_POINT('Ctrl Pts',(201.269339628958,48.8978889470933,3.));
#1264=CARTESIAN_POINT('Ctrl Pts',(201.232328444905,48.8485807862756,3.));
#1265=CARTESIAN_POINT('Ctrl Pts',(201.19282045651,48.7959462571412,3.));
#1266=CARTESIAN_POINT('Ctrl Pts',(201.150147450022,48.7457783807649,3.));
#1267=CARTESIAN_POINT('Ctrl Pts',(201.104660002263,48.6981834599873,3.));
#1268=CARTESIAN_POINT('Ctrl Pts',(201.064858485474,48.6565379043068,3.));
#1269=CARTESIAN_POINT('Ctrl Pts',(201.022900905485,48.6168622343593,3.));
#1270=CARTESIAN_POINT('Ctrl Pts',(200.978990014979,48.5792439320634,3.));
#1271=CARTESIAN_POINT('Ctrl Pts',(200.95693580917,48.5603501731019,3.));
#1272=CARTESIAN_POINT('Ctrl Pts',(200.934388442977,48.5419756676896,3.));
#1273=CARTESIAN_POINT('Ctrl Pts',(200.911371270093,48.5241333866956,3.));
#1274=CARTESIAN_POINT('Ctrl Pts',(200.90092082377,48.5160324873913,3.));
#1275=CARTESIAN_POINT('Ctrl Pts',(200.890372126049,48.5080404451849,3.));
#1276=CARTESIAN_POINT('Ctrl Pts',(200.879744685865,48.5001710165076,3.));
#1277=CARTESIAN_POINT('Ctrl Pts',(200.825926846633,48.460319872668,3.));
#1278=CARTESIAN_POINT('Ctrl Pts',(200.769997714708,48.4235353014332,3.));
#1279=CARTESIAN_POINT('Ctrl Pts',(200.712302081388,48.3899186350862,3.));
#1280=CARTESIAN_POINT('Ctrl Pts',(200.65356821235,48.3556970351996,3.));
#1281=CARTESIAN_POINT('Ctrl Pts',(200.59300299617,48.3247576506237,3.));
#1282=CARTESIAN_POINT('Ctrl Pts',(200.530925797322,48.297237600575,3.));
#1283=CARTESIAN_POINT('Ctrl Pts',(200.478919735765,48.2741822848803,3.));
#1284=CARTESIAN_POINT('Ctrl Pts',(200.425851447899,48.2535271537062,3.));
#1285=CARTESIAN_POINT('Ctrl Pts',(200.371891120477,48.2353744067082,3.));
#1286=CARTESIAN_POINT('Ctrl Pts',(200.346984335967,48.2269955369097,3.));
#1287=CARTESIAN_POINT('Ctrl Pts',(200.321887313963,48.2191501098283,3.));
#1288=CARTESIAN_POINT('Ctrl Pts',(200.296615990057,48.21184986382,3.));
#1289=CARTESIAN_POINT('Ctrl Pts',(200.285679218217,48.2086905071807,3.));
#1290=CARTESIAN_POINT('Ctrl Pts',(200.274710216788,48.205633485385,3.));
#1291=CARTESIAN_POINT('Ctrl Pts',(200.263723566972,48.2026830971518,3.));
#1292=CARTESIAN_POINT('Ctrl Pts',(200.195917953981,48.1844743723761,3.));
#1293=CARTESIAN_POINT('Ctrl Pts',(200.127315078313,48.1702863888524,3.));
#1294=CARTESIAN_POINT('Ctrl Pts',(200.05825630865,48.1602516424944,3.));
#1295=CARTESIAN_POINT('Ctrl Pts',(199.996311713699,48.1512506379643,3.));
#1296=CARTESIAN_POINT('Ctrl Pts',(199.933999295907,48.1455913557736,3.));
#1297=CARTESIAN_POINT('Ctrl Pts',(199.871546013816,48.1433993724688,3.));
#1298=CARTESIAN_POINT('Ctrl Pts',(199.803707000858,48.1410183609537,3.));
#1299=CARTESIAN_POINT('Ctrl Pts',(199.735701194792,48.1427272233006,3.));
#1300=CARTESIAN_POINT('Ctrl Pts',(199.667790345545,48.1483349094797,3.));
#1301=CARTESIAN_POINT('Ctrl Pts',(199.641758788519,48.1504844452929,3.));
#1302=CARTESIAN_POINT('Ctrl Pts',(199.615741109104,48.1532073949535,3.));
#1303=CARTESIAN_POINT('Ctrl Pts',(199.58975192278,48.1564949831003,3.));
#1304=CARTESIAN_POINT('Ctrl Pts',(199.578324887665,48.1579404837299,3.));
#1305=CARTESIAN_POINT('Ctrl Pts',(199.56690420107,48.1594951318715,3.));
#1306=CARTESIAN_POINT('Ctrl Pts',(199.55550405149,48.1611560643808,3.));
#1307=CARTESIAN_POINT('Ctrl Pts',(199.486289224405,48.171240244034,3.));
#1308=CARTESIAN_POINT('Ctrl Pts',(199.417707443618,48.1852530961404,3.));
#1309=CARTESIAN_POINT('Ctrl Pts',(199.35004045113,48.2029388393141,3.));
#1310=CARTESIAN_POINT('Ctrl Pts',(199.280816568714,48.2210314980964,3.));
#1311=CARTESIAN_POINT('Ctrl Pts',(199.212549189055,48.2429681179396,3.));
#1312=CARTESIAN_POINT('Ctrl Pts',(199.145531194913,48.2685304036774,3.));
#1313=CARTESIAN_POINT('Ctrl Pts',(199.09461360484,48.2879516054486,3.));
#1314=CARTESIAN_POINT('Ctrl Pts',(199.044416914121,48.3094668498919,3.));
#1315=CARTESIAN_POINT('Ctrl Pts',(198.995071154014,48.3330003019248,3.));
#1316=CARTESIAN_POINT('Ctrl Pts',(198.964421528124,48.3476173936293,3.));
#1317=CARTESIAN_POINT('Ctrl Pts',(198.934100229476,48.3630134212703,3.));
#1318=CARTESIAN_POINT('Ctrl Pts',(198.904139378475,48.3791733069293,3.));
#1319=CARTESIAN_POINT('Ctrl Pts',(198.892647769594,48.3853714982139,3.));
#1320=CARTESIAN_POINT('Ctrl Pts',(198.881206741604,48.3916834808341,3.));
#1321=CARTESIAN_POINT('Ctrl Pts',(198.869826441321,48.3981037906748,3.));
#1322=CARTESIAN_POINT('Ctrl Pts',(198.803215761832,48.4356828694669,3.));
#1323=CARTESIAN_POINT('Ctrl Pts',(198.738802492016,48.4768998275338,3.));
#1324=CARTESIAN_POINT('Ctrl Pts',(198.676927317318,48.521516493597,3.));
#1325=CARTESIAN_POINT('Ctrl Pts',(198.630520936295,48.5549789931443,3.));
#1326=CARTESIAN_POINT('Ctrl Pts',(198.585542127899,48.5903551220206,3.));
#1327=CARTESIAN_POINT('Ctrl Pts',(198.542140659386,48.6275646132253,3.));
#1328=CARTESIAN_POINT('Ctrl Pts',(198.525846209439,48.6415343753727,3.));
#1329=CARTESIAN_POINT('Ctrl Pts',(198.509774166337,48.6557627180795,3.));
#1330=CARTESIAN_POINT('Ctrl Pts',(198.493932783842,48.6702459705209,3.));
#1331=CARTESIAN_POINT('Ctrl Pts',(198.481781160355,48.6813557982509,3.));
#1332=CARTESIAN_POINT('Ctrl Pts',(198.469772163295,48.6926093661396,3.));
#1333=CARTESIAN_POINT('Ctrl Pts',(198.45791216695,48.7040015721237,3.));
#1334=CARTESIAN_POINT('Ctrl Pts',(198.403612504195,48.7561595091933,3.));
#1335=CARTESIAN_POINT('Ctrl Pts',(198.352413650712,48.8112388044077,3.));
#1336=CARTESIAN_POINT('Ctrl Pts',(198.304644439418,48.8690474592745,3.));
#1337=CARTESIAN_POINT('Ctrl Pts',(198.267761354643,48.9136820986261,3.));
#1338=CARTESIAN_POINT('Ctrl Pts',(198.232923027513,48.9599448935179,3.));
#1339=CARTESIAN_POINT('Ctrl Pts',(198.200293025403,49.0077649547315,3.));
#1340=CARTESIAN_POINT('Ctrl Pts',(198.193131614178,49.018260176951,3.));
#1341=CARTESIAN_POINT('Ctrl Pts',(198.186076626337,49.0288304640852,3.));
#1342=CARTESIAN_POINT('Ctrl Pts',(198.179127941396,49.0394740827945,3.));
#1343=CARTESIAN_POINT('Ctrl Pts',(198.333269367602,50.001475025335,2.02148036339021));
#1344=CARTESIAN_POINT('Ctrl Pts',(198.337349418079,49.5582247702339,2.05115289355692));
#1345=CARTESIAN_POINT('Ctrl Pts',(198.519504001297,49.1120114750899,2.08082542372364));
#1346=CARTESIAN_POINT('Ctrl Pts',(198.836088266546,48.803939709585,2.11049795389035));
#1347=CARTESIAN_POINT('Ctrl Pts',(199.231519032143,48.4191415137655,2.14756053914492));
#1348=CARTESIAN_POINT('Ctrl Pts',(199.836678288074,48.2498627927095,2.18462312439949));
#1349=CARTESIAN_POINT('Ctrl Pts',(200.374368459111,48.3736280446264,2.22168570965406));
#1350=CARTESIAN_POINT('Ctrl Pts',(200.912058630147,48.4973932965433,2.25874829490863));
#1351=CARTESIAN_POINT('Ctrl Pts',(201.382279716288,48.914202521433,2.2958108801632));
#1352=CARTESIAN_POINT('Ctrl Pts',(201.569688563738,49.4331666671494,2.33287346541777));
#1353=CARTESIAN_POINT('Ctrl Pts',(201.757097411188,49.9521308128657,2.36993605067233));
#1354=CARTESIAN_POINT('Ctrl Pts',(201.661694019946,50.5732498794086,2.4069986359269));
#1355=CARTESIAN_POINT('Ctrl Pts',(201.327104207087,51.0119829594799,2.44406122118147));
#1356=CARTESIAN_POINT('Ctrl Pts',(200.992514394228,51.4507160395511,2.48112380643604));
#1357=CARTESIAN_POINT('Ctrl Pts',(200.418738159751,51.7070631331506,2.51818639169061));
#1358=CARTESIAN_POINT('Ctrl Pts',(199.868734858539,51.6637163336528,2.55524897694518));
#1359=CARTESIAN_POINT('Ctrl Pts',(199.318731557328,51.620369534155,2.59231156219975));
#1360=CARTESIAN_POINT('Ctrl Pts',(198.792501189382,51.2773288415598,2.62937414745431));
#1361=CARTESIAN_POINT('Ctrl Pts',(198.530731192307,50.7914976382841,2.66643673270888));
#1362=CARTESIAN_POINT('Ctrl Pts',(198.401141644038,50.5509863235004,2.68478460960266));
#1363=CARTESIAN_POINT('Ctrl Pts',(198.336364900894,50.2754805272676,2.70313248649643));
#1364=CARTESIAN_POINT('Ctrl Pts',(198.336332747914,49.9999768465344,2.72148036339021));
#1365=CARTESIAN_POINT('Ctrl Pts',(199.469829782811,51.9851743256717,-2.77555756156289E-16));
#1366=CARTESIAN_POINT('Ctrl Pts',(199.401199431841,51.959763051142,-2.61305704331932E-16));
#1367=CARTESIAN_POINT('Ctrl Pts',(199.334272130078,51.9304564269326,2.3032675976225E-16));
#1368=CARTESIAN_POINT('Ctrl Pts',(199.269236162962,51.8975500958187,1.47451495458029E-16));
#1369=CARTESIAN_POINT('Ctrl Pts',(199.202360110707,51.8637127344831,6.22314126009667E-17));
#1370=CARTESIAN_POINT('Ctrl Pts',(199.137483159153,51.826068400029,-1.13287513729378E-16));
#1371=CARTESIAN_POINT('Ctrl Pts',(199.074841242267,51.784893825288,-5.89805981832114E-17));
#1372=CARTESIAN_POINT('Ctrl Pts',(199.021873883806,51.7500783444051,-1.30609647226104E-17));
#1373=CARTESIAN_POINT('Ctrl Pts',(198.970504835577,51.7127378010755,1.0100625478097E-16));
#1374=CARTESIAN_POINT('Ctrl Pts',(198.920899521636,51.6730214248935,1.17961196366423E-16));
#1375=CARTESIAN_POINT('Ctrl Pts',(198.898886405441,51.6553966759653,1.2548521082246E-16));
#1376=CARTESIAN_POINT('Ctrl Pts',(198.877220920673,51.6373038809539,-2.81088024087052E-16));
#1377=CARTESIAN_POINT('Ctrl Pts',(198.855919074133,51.6187553593413,-2.91433543964104E-16));
#1378=CARTESIAN_POINT('Ctrl Pts',(198.8442312791,51.6085782454297,-2.97109874210859E-16));
#1379=CARTESIAN_POINT('Ctrl Pts',(198.832652972948,51.5982639309827,7.46662264730156E-17));
#1380=CARTESIAN_POINT('Ctrl Pts',(198.821186932835,51.5878144096887,8.32667268468867E-17));
#1381=CARTESIAN_POINT('Ctrl Pts',(198.810566981904,51.5781359677585,9.12325887362762E-17));
#1382=CARTESIAN_POINT('Ctrl Pts',(198.800041860232,51.5683399765075,-2.96762077369856E-16));
#1383=CARTESIAN_POINT('Ctrl Pts',(198.789629769299,51.5584435912254,-2.84494650060196E-16));
#1384=CARTESIAN_POINT('Ctrl Pts',(198.736549426834,51.5079922915489,-2.21955891330319E-16));
#1385=CARTESIAN_POINT('Ctrl Pts',(198.686309149107,51.4548505292791,-3.33879099059364E-16));
#1386=CARTESIAN_POINT('Ctrl Pts',(198.639127237425,51.3992798178557,-3.33066907387547E-16));
#1387=CARTESIAN_POINT('Ctrl Pts',(198.592304913858,51.3441326282164,-3.32260905682659E-16));
#1388=CARTESIAN_POINT('Ctrl Pts',(198.548494007556,51.2865924840549,-2.51236425125719E-16));
#1389=CARTESIAN_POINT('Ctrl Pts',(198.507952673127,51.2268907321792,-2.35922392732846E-16));
#1390=CARTESIAN_POINT('Ctrl Pts',(198.474224843147,51.1772226449026,-2.23182084893448E-16));
#1391=CARTESIAN_POINT('Ctrl Pts',(198.442760586291,51.1260578140686,-1.23822337617847E-16));
#1392=CARTESIAN_POINT('Ctrl Pts',(198.413736266342,51.0735229911447,-1.52655665885959E-16));
#1393=CARTESIAN_POINT('Ctrl Pts',(198.401657524474,51.0516601338484,-1.6465492478172E-16));
#1394=CARTESIAN_POINT('Ctrl Pts',(198.39000167352,51.0295599712033,3.70188452737625E-17));
#1395=CARTESIAN_POINT('Ctrl Pts',(198.378782857671,51.0072315596204,6.93889390390723E-17));
#1396=CARTESIAN_POINT('Ctrl Pts',(198.373563382442,50.9968434230529,8.44488976702133E-17));
#1397=CARTESIAN_POINT('Ctrl Pts',(198.368438516305,50.9864058818455,-3.20343838888824E-16));
#1398=CARTESIAN_POINT('Ctrl Pts',(198.363409749534,50.9759198501827,-3.33066907387547E-16));
#1399=CARTESIAN_POINT('Ctrl Pts',(198.35820543465,50.9650677639493,-3.46234122683134E-16));
#1400=CARTESIAN_POINT('Ctrl Pts',(198.353107712263,50.9541713266625,8.97159751549293E-17));
#1401=CARTESIAN_POINT('Ctrl Pts',(198.348119463437,50.9432355090753,8.32667268468867E-17));
#1402=CARTESIAN_POINT('Ctrl Pts',(198.319578503005,50.8806647055909,4.63664543900078E-17));
#1403=CARTESIAN_POINT('Ctrl Pts',(198.294598187382,50.8167655217907,4.33005145291594E-16));
#1404=CARTESIAN_POINT('Ctrl Pts',(198.273401733502,50.7517442860193,3.33066907387547E-16));
#1405=CARTESIAN_POINT('Ctrl Pts',(198.254111165224,50.6925694544494,2.42114646557602E-16));
#1406=CARTESIAN_POINT('Ctrl Pts',(198.237954893018,50.6324646738437,1.73884811112084E-16));
#1407=CARTESIAN_POINT('Ctrl Pts',(198.225138459451,50.5715806536076,2.08166817117217E-16));
#1408=CARTESIAN_POINT('Ctrl Pts',(198.210033938499,50.4998271541261,2.47744571522525E-16));
#1409=CARTESIAN_POINT('Ctrl Pts',(198.199567645844,50.4269898277215,-2.31927578812076E-16));
#1410=CARTESIAN_POINT('Ctrl Pts',(198.193664547117,50.35349064032,-3.05311331771918E-16));
#1411=CARTESIAN_POINT('Ctrl Pts',(198.192359323736,50.337239369198,-3.21537079395341E-16));
#1412=CARTESIAN_POINT('Ctrl Pts',(198.191277415573,50.3209558235614,-1.57417865141289E-16));
#1413=CARTESIAN_POINT('Ctrl Pts',(198.190418386631,50.3046447326217,-1.66533453693773E-16));
#1414=CARTESIAN_POINT('Ctrl Pts',(198.189559603821,50.2883383152126,-1.75646430404854E-16));
#1415=CARTESIAN_POINT('Ctrl Pts',(198.188923569239,50.2719987228432,-1.94835807912067E-16));
#1416=CARTESIAN_POINT('Ctrl Pts',(198.188510372683,50.2556630191502,-1.94289029309402E-16));
#1417=CARTESIAN_POINT('Ctrl Pts',(198.186776670051,50.1871211785284,-1.9199483907777E-16));
#1418=CARTESIAN_POINT('Ctrl Pts',(198.188954294084,50.1185569439258,-2.55692728322309E-16));
#1419=CARTESIAN_POINT('Ctrl Pts',(198.194922570515,50.0503070699458,-2.22044604925031E-16));
#1420=CARTESIAN_POINT('Ctrl Pts',(198.200890033313,49.9820665002144,-1.88401068649912E-16));
#1421=CARTESIAN_POINT('Ctrl Pts',(198.210647568258,49.9141391373395,-2.53394263726847E-16));
#1422=CARTESIAN_POINT('Ctrl Pts',(198.224124164573,49.8468766511366,-2.22044604925031E-16));
#1423=CARTESIAN_POINT('Ctrl Pts',(198.233930856909,49.7979308719134,-1.99231985810581E-16));
#1424=CARTESIAN_POINT('Ctrl Pts',(198.245707928666,49.7493374192416,-6.94859764347457E-17));
#1425=CARTESIAN_POINT('Ctrl Pts',(198.259442500407,49.7012416367171,-2.77555756156289E-17));
#1426=CARTESIAN_POINT('Ctrl Pts',(198.265152677213,49.6812457149645,-1.04060745640306E-17));
#1427=CARTESIAN_POINT('Ctrl Pts',(198.271201343463,49.6613359365449,-3.63594777104503E-16));
#1428=CARTESIAN_POINT('Ctrl Pts',(198.277588131285,49.6415233182007,-3.88578058618805E-16));
#1429=CARTESIAN_POINT('Ctrl Pts',(198.28189184116,49.6281726693938,-4.05412936863939E-16));
#1430=CARTESIAN_POINT('Ctrl Pts',(198.286349087867,49.6148661451924,-3.3088460835577E-16));
#1431=CARTESIAN_POINT('Ctrl Pts',(198.290959837209,49.6016072155972,-3.33066907387547E-16));
#1432=CARTESIAN_POINT('Ctrl Pts',(198.294760594838,49.5906775436344,-3.34865831830946E-16));
#1433=CARTESIAN_POINT('Ctrl Pts',(198.298664847563,49.5797827142616,-3.66219256333373E-16));
#1434=CARTESIAN_POINT('Ctrl Pts',(198.30266940242,49.5689325062098,-3.60822483003176E-16));
#1435=CARTESIAN_POINT('Ctrl Pts',(198.325499347747,49.5070755294822,-3.30055507780577E-16));
#1436=CARTESIAN_POINT('Ctrl Pts',(198.351612358232,49.4465901686173,-6.43033591948929E-17));
#1437=CARTESIAN_POINT('Ctrl Pts',(198.380956427252,49.3878087176201,-3.05311331771918E-16));
#1438=CARTESIAN_POINT('Ctrl Pts',(198.40171804099,49.3462194690512,-4.75830097616725E-16));
#1439=CARTESIAN_POINT('Ctrl Pts',(198.424097955286,49.3054836925061,-3.99158662131431E-16));
#1440=CARTESIAN_POINT('Ctrl Pts',(198.448088495291,49.2657305123695,-6.10622663543836E-16));
#1441=CARTESIAN_POINT('Ctrl Pts',(198.456259890573,49.2521902190467,-6.8264921831241E-16));
#1442=CARTESIAN_POINT('Ctrl Pts',(198.464618211908,49.2387640152034,-6.10701613311044E-16));
#1443=CARTESIAN_POINT('Ctrl Pts',(198.473163365444,49.2254573112839,-6.66133814775094E-16));
#1444=CARTESIAN_POINT('Ctrl Pts',(198.480601982051,49.2138737313841,-7.14387938302898E-16));
#1445=CARTESIAN_POINT('Ctrl Pts',(198.488177120061,49.2023885977236,-1.02723822620154E-16));
#1446=CARTESIAN_POINT('Ctrl Pts',(198.495887838106,49.1910057092806,-1.11022302462516E-16));
#1447=CARTESIAN_POINT('Ctrl Pts',(198.531119247118,49.1389956116337,-1.48939281890129E-16));
#1448=CARTESIAN_POINT('Ctrl Pts',(198.569181854466,49.0891121936878,-2.4083207747153E-16));
#1449=CARTESIAN_POINT('Ctrl Pts',(198.61004741659,49.0416742625157,-4.71844785465692E-16));
#1450=CARTESIAN_POINT('Ctrl Pts',(198.640456815197,49.0063741495803,-6.43748881622764E-16));
#1451=CARTESIAN_POINT('Ctrl Pts',(198.672419004201,48.9724288370205,3.76831677949127E-17));
#1452=CARTESIAN_POINT('Ctrl Pts',(198.705932212685,48.9399857524001,2.77555756156289E-17));
#1453=CARTESIAN_POINT('Ctrl Pts',(198.71336473951,48.932790556607,2.55538438654047E-17));
#1454=CARTESIAN_POINT('Ctrl Pts',(198.720873584994,48.9256693099491,2.88624522717587E-16));
#1455=CARTESIAN_POINT('Ctrl Pts',(198.728457383774,48.9186225851293,3.05311331771918E-16));
#1456=CARTESIAN_POINT('Origin',(200.,50.,3.));
#1457=CARTESIAN_POINT('',(201.195433962891,45.5385797133984,3.));
#1458=CARTESIAN_POINT('',(204.461420286602,48.8045660371093,3.));
#1459=CARTESIAN_POINT('',(201.195433962891,45.5385797133984,3.));
#1460=CARTESIAN_POINT('',(203.265986323711,53.2659863237109,3.));
#1461=CARTESIAN_POINT('',(204.461420286602,48.8045660371093,3.));
#1462=CARTESIAN_POINT('',(198.804566037109,54.4614202866017,3.));
#1463=CARTESIAN_POINT('',(203.265986323711,53.2659863237109,3.));
#1464=CARTESIAN_POINT('',(195.538579713398,51.1954339628907,3.));
#1465=CARTESIAN_POINT('',(198.804566037109,54.4614202866017,3.));
#1466=CARTESIAN_POINT('',(196.734013676289,46.7340136762891,3.));
#1467=CARTESIAN_POINT('',(195.538579713398,51.1954339628907,3.));
#1468=CARTESIAN_POINT('',(196.734013676289,46.7340136762891,3.));
#1469=CARTESIAN_POINT('Origin',(200.,50.,0.));
#1470=CARTESIAN_POINT('Origin',(196.734013676289,46.7340136762891,0.));
#1471=CARTESIAN_POINT('',(196.734013676289,46.7340136762891,0.));
#1472=CARTESIAN_POINT('',(201.195433962891,45.5385797133984,0.));
#1473=CARTESIAN_POINT('',(196.734013676289,46.7340136762891,0.));
#1474=CARTESIAN_POINT('',(201.195433962891,45.5385797133984,0.));
#1475=CARTESIAN_POINT('',(196.734013676289,46.7340136762891,0.));
#1476=CARTESIAN_POINT('Origin',(195.538579713398,51.1954339628907,0.));
#1477=CARTESIAN_POINT('',(195.538579713398,51.1954339628907,0.));
#1478=CARTESIAN_POINT('',(195.538579713398,51.1954339628907,0.));
#1479=CARTESIAN_POINT('',(195.538579713398,51.1954339628907,0.));
#1480=CARTESIAN_POINT('Origin',(198.804566037109,54.4614202866017,0.));
#1481=CARTESIAN_POINT('',(198.804566037109,54.4614202866017,0.));
#1482=CARTESIAN_POINT('',(198.804566037109,54.4614202866017,0.));
#1483=CARTESIAN_POINT('',(198.804566037109,54.4614202866017,0.));
#1484=CARTESIAN_POINT('Origin',(203.265986323711,53.2659863237109,0.));
#1485=CARTESIAN_POINT('',(203.265986323711,53.2659863237109,0.));
#1486=CARTESIAN_POINT('',(203.265986323711,53.2659863237109,0.));
#1487=CARTESIAN_POINT('',(203.265986323711,53.2659863237109,0.));
#1488=CARTESIAN_POINT('Origin',(204.461420286602,48.8045660371093,0.));
#1489=CARTESIAN_POINT('',(204.461420286602,48.8045660371093,0.));
#1490=CARTESIAN_POINT('',(204.461420286602,48.8045660371093,0.));
#1491=CARTESIAN_POINT('',(204.461420286602,48.8045660371093,0.));
#1492=CARTESIAN_POINT('Origin',(201.195433962891,45.5385797133984,0.));
#1493=CARTESIAN_POINT('',(201.195433962891,45.5385797133984,0.));
#1494=CARTESIAN_POINT('Origin',(200.,50.,0.));
#1495=UNCERTAINTY_MEASURE_WITH_UNIT(LENGTH_MEASURE(0.01),#1499,
'DISTANCE_ACCURACY_VALUE',
'Maximum model space distance between geometric entities at asserted c
onnectivities');
#1496=UNCERTAINTY_MEASURE_WITH_UNIT(LENGTH_MEASURE(0.01),#1499,
'DISTANCE_ACCURACY_VALUE',
'Maximum model space distance between geometric entities at asserted c
onnectivities');
#1497=(
GEOMETRIC_REPRESENTATION_CONTEXT(3)
GLOBAL_UNCERTAINTY_ASSIGNED_CONTEXT((#1495))
GLOBAL_UNIT_ASSIGNED_CONTEXT((#1499,#1501,#1502))
REPRESENTATION_CONTEXT('','3D')
);
#1498=(
GEOMETRIC_REPRESENTATION_CONTEXT(3)
GLOBAL_UNCERTAINTY_ASSIGNED_CONTEXT((#1496))
GLOBAL_UNIT_ASSIGNED_CONTEXT((#1499,#1501,#1502))
REPRESENTATION_CONTEXT('','3D')
);
#1499=(
LENGTH_UNIT()
NAMED_UNIT(*)
SI_UNIT(.MILLI.,.METRE.)
);
#1500=(
LENGTH_UNIT()
NAMED_UNIT(*)
SI_UNIT($,.METRE.)
);
#1501=(
NAMED_UNIT(*)
PLANE_ANGLE_UNIT()
SI_UNIT($,.RADIAN.)
);
#1502=(
NAMED_UNIT(*)
SI_UNIT($,.STERADIAN.)
SOLID_ANGLE_UNIT()
);
#1503=SHAPE_DEFINITION_REPRESENTATION(#1504,#1505);
#1504=PRODUCT_DEFINITION_SHAPE('',$,#1507);
#1505=SHAPE_REPRESENTATION('',(#409),#1497);
#1506=PRODUCT_DEFINITION_CONTEXT('part definition',#1511,'design');
#1507=PRODUCT_DEFINITION('mass_small_bolt','mass_small_bolt',#1508,#1506);
#1508=PRODUCT_DEFINITION_FORMATION('',$,#1513);
#1509=PRODUCT_RELATED_PRODUCT_CATEGORY('mass_small_bolt',
'mass_small_bolt',(#1513));
#1510=APPLICATION_PROTOCOL_DEFINITION('international standard',
'automotive_design',2009,#1511);
#1511=APPLICATION_CONTEXT(
'Core Data for Automotive Mechanical Design Process');
#1512=PRODUCT_CONTEXT('part definition',#1511,'mechanical');
#1513=PRODUCT('mass_small_bolt','mass_small_bolt',$,(#1512));
#1514=PRESENTATION_STYLE_ASSIGNMENT((#1515));
#1515=SURFACE_STYLE_USAGE(.BOTH.,#1516);
#1516=SURFACE_SIDE_STYLE('',(#1517));
#1517=SURFACE_STYLE_FILL_AREA(#1518);
#1518=FILL_AREA_STYLE('Steel - Satin',(#1519));
#1519=FILL_AREA_STYLE_COLOUR('Steel - Satin',#1520);
#1520=COLOUR_RGB('Steel - Satin',0.627450980392157,0.627450980392157,0.627450980392157);
ENDSEC;
END-ISO-10303-21;
