ISO-10303-21;
HEADER;
/* Generated by software containing ST-Developer
 * from STEP Tools, Inc. (www.steptools.com) 
 */

FILE_DESCRIPTION(
/* description */ (''),
/* implementation_level */ '2;1');

FILE_NAME(
/* name */ 'mass_big_bolt_L.step',
/* time_stamp */ '2026-05-25T06:49:19+05:30',
/* author */ (''),
/* organization */ (''),
/* preprocessor_version */ 'ST-DEVELOPER v20.1',
/* originating_system */ 'Autodesk Translation Framework v15.8.0.0',
/* authorisation */ '');

FILE_SCHEMA (('AUTOMOTIVE_DESIGN { 1 0 10303 214 3 1 1 }'));
ENDSEC;

DATA;
#10=MECHANICAL_DESIGN_GEOMETRIC_PRESENTATION_REPRESENTATION('',(#13),#2691);
#11=SHAPE_REPRESENTATION_RELATIONSHIP('SRR','None',#2698,#12);
#12=ADVANCED_BREP_SHAPE_REPRESENTATION('',(#14),#2690);
#13=STYLED_ITEM('',(#2707),#14);
#14=MANIFOLD_SOLID_BREP('Body1',#491);
#15=FACE_BOUND('',#71,.T.);
#16=FACE_BOUND('',#80,.T.);
#17=PLANE('',#525);
#18=PLANE('',#527);
#19=PLANE('',#528);
#20=PLANE('',#529);
#21=PLANE('',#530);
#22=PLANE('',#531);
#23=PLANE('',#532);
#24=PLANE('',#533);
#25=B_SPLINE_SURFACE_WITH_KNOTS('',3,3,((#1402,#1403,#1404,#1405,#1406,
#1407,#1408,#1409,#1410,#1411,#1412,#1413,#1414,#1415,#1416,#1417,#1418,
#1419,#1420,#1421,#1422,#1423,#1424,#1425,#1426,#1427,#1428,#1429,#1430,
#1431,#1432,#1433,#1434,#1435,#1436,#1437,#1438,#1439,#1440,#1441,#1442,
#1443,#1444,#1445,#1446,#1447,#1448,#1449,#1450,#1451,#1452,#1453,#1454,
#1455,#1456,#1457,#1458,#1459,#1460,#1461,#1462,#1463,#1464,#1465,#1466,
#1467,#1468,#1469,#1470,#1471,#1472,#1473,#1474,#1475,#1476,#1477,#1478,
#1479,#1480,#1481,#1482,#1483,#1484,#1485,#1486,#1487,#1488,#1489,#1490,
#1491,#1492),(#1493,#1494,#1495,#1496,#1497,#1498,#1499,#1500,#1501,#1502,
#1503,#1504,#1505,#1506,#1507,#1508,#1509,#1510,#1511,#1512,#1513,#1514,
#1515,#1516,#1517,#1518,#1519,#1520,#1521,#1522,#1523,#1524,#1525,#1526,
#1527,#1528,#1529,#1530,#1531,#1532,#1533,#1534,#1535,#1536,#1537,#1538,
#1539,#1540,#1541,#1542,#1543,#1544,#1545,#1546,#1547,#1548,#1549,#1550,
#1551,#1552,#1553,#1554,#1555,#1556,#1557,#1558,#1559,#1560,#1561,#1562,
#1563,#1564,#1565,#1566,#1567,#1568,#1569,#1570,#1571,#1572,#1573,#1574,
#1575,#1576,#1577,#1578,#1579,#1580,#1581,#1582,#1583),(#1584,#1585,#1586,
#1587,#1588,#1589,#1590,#1591,#1592,#1593,#1594,#1595,#1596,#1597,#1598,
#1599,#1600,#1601,#1602,#1603,#1604,#1605,#1606,#1607,#1608,#1609,#1610,
#1611,#1612,#1613,#1614,#1615,#1616,#1617,#1618,#1619,#1620,#1621,#1622,
#1623,#1624,#1625,#1626,#1627,#1628,#1629,#1630,#1631,#1632,#1633,#1634,
#1635,#1636,#1637,#1638,#1639,#1640,#1641,#1642,#1643,#1644,#1645,#1646,
#1647,#1648,#1649,#1650,#1651,#1652,#1653,#1654,#1655,#1656,#1657,#1658,
#1659,#1660,#1661,#1662,#1663,#1664,#1665,#1666,#1667,#1668,#1669,#1670,
#1671,#1672,#1673,#1674),(#1675,#1676,#1677,#1678,#1679,#1680,#1681,#1682,
#1683,#1684,#1685,#1686,#1687,#1688,#1689,#1690,#1691,#1692,#1693,#1694,
#1695,#1696,#1697,#1698,#1699,#1700,#1701,#1702,#1703,#1704,#1705,#1706,
#1707,#1708,#1709,#1710,#1711,#1712,#1713,#1714,#1715,#1716,#1717,#1718,
#1719,#1720,#1721,#1722,#1723,#1724,#1725,#1726,#1727,#1728,#1729,#1730,
#1731,#1732,#1733,#1734,#1735,#1736,#1737,#1738,#1739,#1740,#1741,#1742,
#1743,#1744,#1745,#1746,#1747,#1748,#1749,#1750,#1751,#1752,#1753,#1754,
#1755,#1756,#1757,#1758,#1759,#1760,#1761,#1762,#1763,#1764,#1765)),
 .UNSPECIFIED.,.F.,.F.,.F.,(4,4),(4,1,1,1,1,1,1,1,1,1,1,1,1,1,1,1,1,1,1,
1,1,1,1,1,1,1,1,1,1,1,1,1,1,1,1,1,1,1,1,1,1,1,1,1,1,1,1,1,1,1,1,1,1,1,1,
1,1,1,1,1,1,1,1,1,1,1,1,1,1,1,1,1,1,1,1,1,1,1,1,1,1,1,1,1,1,1,1,1,4),(0.,
0.096532965008506),(11.852942864427,12.3519165432815,12.850890222136,13.3498639009906,
13.8488375798451,14.3478112586996,14.8467849375541,15.3457586164086,15.8447322952631,
16.3437059741176,16.8426796529721,17.3416533318266,17.8406270106812,18.3396006895357,
18.8385743683902,19.3375480472447,19.8365217260992,20.3354954049537,20.8344690838082,
21.3334427626627,21.8324164415172,22.3313901203718,22.8303637992263,23.3293374780808,
23.8283111569353,24.3272848357898,24.8262585146443,25.3252321934988,25.8242058723533,
26.3231795512079,26.8221532300624,27.3211269089169,27.8201005877714,28.3190742666259,
28.8180479454804,29.3170216243349,29.8159953031894,30.3149689820439,30.8139426608985,
31.312916339753,31.8118900186075,32.310863697462,32.8098373763165,33.308811055171,
33.8077847340255,34.30675841288,34.8057320917345,35.3047057705891,35.8036794494436,
36.3026531282981,36.8016268071526,37.3006004860071,37.7995741648616,38.2985478437161,
38.7975215225706,39.2964952014251,39.7954688802797,40.2944425591342,40.7934162379887,
41.2923899168432,41.7913635956977,42.2903372745522,42.7893109534067,43.2882846322612,
43.7872583111157,44.2862319899703,44.7852056688248,45.2841793476793,45.7831530265338,
46.2821267053883,46.7811003842428,47.2800740630973,47.7790477419518,48.2780214208064,
48.7769950996609,49.2759687785154,49.7749424573699,50.2739161362244,50.7728898150789,
51.2718634939334,51.7708371727879,52.2698108516424,52.7687845304969,53.2677582093515,
53.766731888206,54.2657055670605,54.764679245915,55.2636529247695,55.762626603624),
 .UNSPECIFIED.);
#26=B_SPLINE_SURFACE_WITH_KNOTS('',3,3,((#2027,#2028,#2029,#2030,#2031,
#2032,#2033,#2034,#2035,#2036,#2037,#2038,#2039,#2040,#2041,#2042,#2043,
#2044,#2045,#2046,#2047,#2048,#2049,#2050,#2051,#2052,#2053,#2054,#2055,
#2056,#2057,#2058,#2059,#2060,#2061,#2062,#2063,#2064,#2065,#2066,#2067,
#2068,#2069,#2070,#2071,#2072,#2073,#2074,#2075,#2076,#2077,#2078,#2079,
#2080,#2081,#2082,#2083,#2084,#2085,#2086,#2087,#2088,#2089,#2090,#2091,
#2092,#2093,#2094,#2095,#2096,#2097,#2098,#2099,#2100,#2101,#2102,#2103,
#2104,#2105,#2106,#2107,#2108,#2109,#2110,#2111,#2112,#2113,#2114,#2115,
#2116,#2117),(#2118,#2119,#2120,#2121,#2122,#2123,#2124,#2125,#2126,#2127,
#2128,#2129,#2130,#2131,#2132,#2133,#2134,#2135,#2136,#2137,#2138,#2139,
#2140,#2141,#2142,#2143,#2144,#2145,#2146,#2147,#2148,#2149,#2150,#2151,
#2152,#2153,#2154,#2155,#2156,#2157,#2158,#2159,#2160,#2161,#2162,#2163,
#2164,#2165,#2166,#2167,#2168,#2169,#2170,#2171,#2172,#2173,#2174,#2175,
#2176,#2177,#2178,#2179,#2180,#2181,#2182,#2183,#2184,#2185,#2186,#2187,
#2188,#2189,#2190,#2191,#2192,#2193,#2194,#2195,#2196,#2197,#2198,#2199,
#2200,#2201,#2202,#2203,#2204,#2205,#2206,#2207,#2208),(#2209,#2210,#2211,
#2212,#2213,#2214,#2215,#2216,#2217,#2218,#2219,#2220,#2221,#2222,#2223,
#2224,#2225,#2226,#2227,#2228,#2229,#2230,#2231,#2232,#2233,#2234,#2235,
#2236,#2237,#2238,#2239,#2240,#2241,#2242,#2243,#2244,#2245,#2246,#2247,
#2248,#2249,#2250,#2251,#2252,#2253,#2254,#2255,#2256,#2257,#2258,#2259,
#2260,#2261,#2262,#2263,#2264,#2265,#2266,#2267,#2268,#2269,#2270,#2271,
#2272,#2273,#2274,#2275,#2276,#2277,#2278,#2279,#2280,#2281,#2282,#2283,
#2284,#2285,#2286,#2287,#2288,#2289,#2290,#2291,#2292,#2293,#2294,#2295,
#2296,#2297,#2298,#2299),(#2300,#2301,#2302,#2303,#2304,#2305,#2306,#2307,
#2308,#2309,#2310,#2311,#2312,#2313,#2314,#2315,#2316,#2317,#2318,#2319,
#2320,#2321,#2322,#2323,#2324,#2325,#2326,#2327,#2328,#2329,#2330,#2331,
#2332,#2333,#2334,#2335,#2336,#2337,#2338,#2339,#2340,#2341,#2342,#2343,
#2344,#2345,#2346,#2347,#2348,#2349,#2350,#2351,#2352,#2353,#2354,#2355,
#2356,#2357,#2358,#2359,#2360,#2361,#2362,#2363,#2364,#2365,#2366,#2367,
#2368,#2369,#2370,#2371,#2372,#2373,#2374,#2375,#2376,#2377,#2378,#2379,
#2380,#2381,#2382,#2383,#2384,#2385,#2386,#2387,#2388,#2389,#2390)),
 .UNSPECIFIED.,.F.,.F.,.F.,(4,4),(4,1,1,1,1,1,1,1,1,1,1,1,1,1,1,1,1,1,1,
1,1,1,1,1,1,1,1,1,1,1,1,1,1,1,1,1,1,1,1,1,1,1,1,1,1,1,1,1,1,1,1,1,1,1,1,
1,1,1,1,1,1,1,1,1,1,1,1,1,1,1,1,1,1,1,1,1,1,1,1,1,1,1,1,1,1,1,1,1,4),(0.,
0.096532965008506),(14.399609326548,14.8985830054025,15.397556684257,15.8965303631115,
16.395504041966,16.8944777208205,17.3934513996751,17.8924250785296,18.3913987573841,
18.8903724362386,19.3893461150931,19.8883197939476,20.3872934728021,20.8862671516566,
21.3852408305111,21.8842145093657,22.3831881882202,22.8821618670747,23.3811355459292,
23.8801092247837,24.3790829036382,24.8780565824927,25.3770302613472,25.8760039402017,
26.3749776190563,26.8739512979108,27.3729249767653,27.8718986556198,28.3708723344743,
28.8698460133288,29.3688196921833,29.8677933710378,30.3667670498923,30.8657407287469,
31.3647144076014,31.8636880864559,32.3626617653104,32.8616354441649,33.3606091230194,
33.8595828018739,34.3585564807284,34.857530159583,35.3565038384375,35.855477517292,
36.3544511961465,36.853424875001,37.3523985538555,37.85137223271,38.3503459115645,
38.849319590419,39.3482932692735,39.8472669481281,40.3462406269826,40.8452143058371,
41.3441879846916,41.8431616635461,42.3421353424006,42.8411090212551,43.3400827001096,
43.8390563789641,44.3380300578187,44.8370037366732,45.3359774155277,45.8349510943822,
46.3339247732367,46.8328984520912,47.3318721309457,47.8308458098002,48.3298194886547,
48.8287931675093,49.3277668463638,49.8267405252183,50.3257142040728,50.8246878829273,
51.3236615617818,51.8226352406363,52.3216089194908,52.8205825983454,53.3195562771999,
53.8185299560544,54.3175036349089,54.8164773137634,55.3154509926179,55.8144246714724,
56.3133983503269,56.8123720291814,57.3113457080359,57.8103193868905,58.309293065745),
 .UNSPECIFIED.);
#27=FACE_OUTER_BOUND('',#53,.T.);
#28=FACE_OUTER_BOUND('',#54,.T.);
#29=FACE_OUTER_BOUND('',#55,.T.);
#30=FACE_OUTER_BOUND('',#56,.T.);
#31=FACE_OUTER_BOUND('',#57,.T.);
#32=FACE_OUTER_BOUND('',#58,.T.);
#33=FACE_OUTER_BOUND('',#59,.T.);
#34=FACE_OUTER_BOUND('',#60,.T.);
#35=FACE_OUTER_BOUND('',#61,.T.);
#36=FACE_OUTER_BOUND('',#62,.T.);
#37=FACE_OUTER_BOUND('',#63,.T.);
#38=FACE_OUTER_BOUND('',#64,.T.);
#39=FACE_OUTER_BOUND('',#65,.T.);
#40=FACE_OUTER_BOUND('',#66,.T.);
#41=FACE_OUTER_BOUND('',#67,.T.);
#42=FACE_OUTER_BOUND('',#68,.T.);
#43=FACE_OUTER_BOUND('',#69,.T.);
#44=FACE_OUTER_BOUND('',#70,.T.);
#45=FACE_OUTER_BOUND('',#72,.T.);
#46=FACE_OUTER_BOUND('',#73,.T.);
#47=FACE_OUTER_BOUND('',#74,.T.);
#48=FACE_OUTER_BOUND('',#75,.T.);
#49=FACE_OUTER_BOUND('',#76,.T.);
#50=FACE_OUTER_BOUND('',#77,.T.);
#51=FACE_OUTER_BOUND('',#78,.T.);
#52=FACE_OUTER_BOUND('',#79,.T.);
#53=EDGE_LOOP('',(#305,#306,#307));
#54=EDGE_LOOP('',(#308,#309,#310,#311,#312));
#55=EDGE_LOOP('',(#313,#314,#315,#316));
#56=EDGE_LOOP('',(#317,#318,#319,#320));
#57=EDGE_LOOP('',(#321,#322,#323,#324));
#58=EDGE_LOOP('',(#325,#326,#327,#328));
#59=EDGE_LOOP('',(#329,#330,#331,#332));
#60=EDGE_LOOP('',(#333,#334,#335,#336));
#61=EDGE_LOOP('',(#337,#338,#339,#340));
#62=EDGE_LOOP('',(#341,#342,#343,#344));
#63=EDGE_LOOP('',(#345,#346,#347,#348));
#64=EDGE_LOOP('',(#349,#350,#351,#352));
#65=EDGE_LOOP('',(#353,#354,#355,#356));
#66=EDGE_LOOP('',(#357,#358,#359,#360));
#67=EDGE_LOOP('',(#361,#362,#363,#364));
#68=EDGE_LOOP('',(#365,#366,#367,#368,#369,#370,#371,#372,#373,#374,#375,
#376,#377,#378,#379,#380,#381,#382));
#69=EDGE_LOOP('',(#383,#384,#385,#386,#387,#388,#389,#390,#391,#392,#393,
#394,#395,#396,#397,#398,#399));
#70=EDGE_LOOP('',(#400,#401,#402,#403,#404,#405));
#71=EDGE_LOOP('',(#406,#407,#408,#409));
#72=EDGE_LOOP('',(#410,#411,#412,#413));
#73=EDGE_LOOP('',(#414,#415,#416,#417));
#74=EDGE_LOOP('',(#418,#419,#420,#421));
#75=EDGE_LOOP('',(#422,#423,#424,#425));
#76=EDGE_LOOP('',(#426,#427,#428,#429));
#77=EDGE_LOOP('',(#430,#431,#432,#433));
#78=EDGE_LOOP('',(#434,#435,#436,#437));
#79=EDGE_LOOP('',(#438,#439,#440,#441,#442,#443));
#80=EDGE_LOOP('',(#444,#445,#446,#447,#448));
#81=B_SPLINE_CURVE_WITH_KNOTS('',3,(#633,#634,#635,#636),.UNSPECIFIED.,
 .F.,.F.,(4,4),(-41.8879020478639,-41.5541322465995),.UNSPECIFIED.);
#82=B_SPLINE_CURVE_WITH_KNOTS('',3,(#642,#643,#644,#645,#646,#647,#648,
#649,#650,#651,#652,#653,#654,#655,#656,#657,#658,#659,#660,#661,#662,#663,
#664,#665,#666,#667,#668,#669,#670,#671,#672),.UNSPECIFIED.,.F.,.F.,(4,
3,3,3,3,3,3,3,3,3,4),(39.0074657844785,39.4189206295064,39.9178943083609,
40.4168679872154,40.9158416660699,41.4148153449244,41.9137890237789,42.4127627026334,
42.911736381488,43.4107100603425,43.909683739197),.UNSPECIFIED.);
#83=B_SPLINE_CURVE_WITH_KNOTS('',3,(#674,#675,#676,#677,#678,#679,#680,
#681,#682,#683,#684,#685,#686,#687,#688,#689,#690,#691,#692,#693,#694,#695,
#696,#697,#698,#699,#700,#701,#702,#703,#704,#705,#706,#707,#708,#709,#710,
#711,#712,#713,#714,#715,#716),.UNSPECIFIED.,.F.,.F.,(4,3,3,3,3,3,3,3,3,
3,3,3,3,3,4),(-41.5541322465995,-41.4148153449244,-40.9158416660699,-40.4168679872154,
-39.9178943083609,-39.4189206295064,-38.9199469506519,-38.4209732717974,
-37.9219995929428,-37.4230259140883,-36.9240522352338,-36.4250785563793,
-35.9261048775248,-35.4271311986703,-35.2709469394199),.UNSPECIFIED.);
#84=B_SPLINE_CURVE_WITH_KNOTS('',3,(#721,#722,#723,#724,#725,#726,#727,
#728,#729,#730,#731,#732,#733,#734,#735,#736,#737,#738,#739,#740,#741,#742,
#743,#744,#745,#746,#747,#748,#749,#750,#751,#752,#753,#754,#755,#756,#757,
#758,#759,#760,#761,#762,#763),.UNSPECIFIED.,.F.,.F.,(4,3,3,3,3,3,3,3,3,
3,3,3,3,3,4),(32.7242804772989,32.9322628043977,33.4312364832522,33.9302101621068,
34.4291838409613,34.9281575198158,35.4271311986703,35.9261048775248,36.4250785563793,
36.9240522352338,37.4230259140883,37.9219995929429,38.4209732717974,38.9199469506519,
39.0074657844785),.UNSPECIFIED.);
#85=B_SPLINE_CURVE_WITH_KNOTS('',3,(#764,#765,#766,#767,#768,#769,#770,
#771,#772,#773,#774,#775,#776,#777,#778,#779,#780,#781,#782,#783,#784,#785,
#786,#787,#788,#789,#790,#791,#792,#793,#794,#795,#796,#797,#798,#799,#800,
#801,#802,#803),.UNSPECIFIED.,.F.,.F.,(4,3,3,3,3,3,3,3,3,3,3,3,3,4),(-35.2709469394199,
-34.9281575198158,-34.4291838409613,-33.9302101621068,-33.4312364832522,
-32.9322628043977,-32.4332891255432,-31.9343154466887,-31.4353417678342,
-30.9363680889797,-30.4373944101252,-29.9384207312707,-29.4394470524162,
-28.9877616322403),.UNSPECIFIED.);
#86=B_SPLINE_CURVE_WITH_KNOTS('',3,(#808,#809,#810,#811,#812,#813,#814,
#815,#816,#817,#818,#819,#820,#821,#822,#823,#824,#825,#826,#827,#828,#829,
#830,#831,#832,#833,#834,#835,#836,#837,#838,#839,#840,#841,#842,#843,#844,
#845,#846,#847,#848,#849,#850),.UNSPECIFIED.,.F.,.F.,(4,3,3,3,3,3,3,3,3,
3,3,3,3,3,4),(26.4410951701193,26.4456049792891,26.9445786581436,27.4435523369981,
27.9425260158526,28.4414996947071,28.9404733735616,29.4394470524162,29.9384207312707,
30.4373944101252,30.9363680889797,31.4353417678342,31.9343154466887,32.4332891255432,
32.7242804772989),.UNSPECIFIED.);
#87=B_SPLINE_CURVE_WITH_KNOTS('',3,(#851,#852,#853,#854,#855,#856,#857,
#858,#859,#860,#861,#862,#863,#864,#865,#866,#867,#868,#869,#870,#871,#872,
#873,#874,#875,#876,#877,#878,#879,#880,#881,#882,#883,#884,#885,#886,#887,
#888,#889,#890,#891,#892,#893),.UNSPECIFIED.,.F.,.F.,(4,3,3,3,3,3,3,3,3,
3,3,3,3,3,4),(-28.9877616322403,-28.9404733735617,-28.4414996947071,-27.9425260158526,
-27.4435523369981,-26.9445786581436,-26.4456049792891,-25.9466313004346,
-25.4476576215801,-24.9486839427256,-24.449710263871,-23.9507365850165,
-23.451762906162,-22.9527892273075,-22.7045763250607),.UNSPECIFIED.);
#88=B_SPLINE_CURVE_WITH_KNOTS('',3,(#898,#899,#900,#901,#902,#903,#904,
#905,#906,#907,#908,#909,#910,#911,#912,#913,#914,#915,#916,#917,#918,#919,
#920,#921,#922,#923,#924,#925,#926,#927,#928,#929,#930,#931,#932,#933,#934,
#935,#936,#937),.UNSPECIFIED.,.F.,.F.,(4,3,3,3,3,3,3,3,3,3,3,3,3,4),(20.1579098629397,
20.457920833035,20.9568945118895,21.455868190744,21.9548418695985,22.453815548453,
22.9527892273075,23.451762906162,23.9507365850165,24.449710263871,24.9486839427256,
25.4476576215801,25.9466313004346,26.4410951701193),.UNSPECIFIED.);
#89=B_SPLINE_CURVE_WITH_KNOTS('',3,(#938,#939,#940,#941,#942,#943,#944,
#945,#946,#947,#948,#949,#950,#951,#952,#953,#954,#955,#956,#957,#958,#959,
#960,#961,#962,#963,#964,#965,#966,#967,#968,#969,#970,#971,#972,#973,#974,
#975,#976,#977,#978,#979,#980),.UNSPECIFIED.,.F.,.F.,(4,3,3,3,3,3,3,3,3,
3,3,3,3,3,4),(-22.7045763250607,-22.453815548453,-21.9548418695985,-21.455868190744,
-20.9568945118895,-20.457920833035,-19.9589471541804,-19.4599734753259,
-18.9609997964714,-18.4620261176169,-17.9630524387624,-17.4640787599079,
-16.9651050810534,-16.4661314021989,-16.4213910178811),.UNSPECIFIED.);
#90=B_SPLINE_CURVE_WITH_KNOTS('',3,(#985,#986,#987,#988,#989,#990,#991,
#992,#993,#994,#995,#996,#997,#998,#999,#1000,#1001,#1002,#1003,#1004,#1005,
#1006,#1007,#1008,#1009,#1010,#1011,#1012,#1013,#1014,#1015,#1016,#1017,
#1018,#1019,#1020,#1021,#1022,#1023,#1024,#1025,#1026,#1027),
 .UNSPECIFIED.,.F.,.F.,(4,3,3,3,3,3,3,3,3,3,3,3,3,3,4),(13.8747245557601,
13.9712630079263,14.4702366867808,14.9692103656353,15.4681840444898,15.9671577233444,
16.4661314021989,16.9651050810534,17.4640787599079,17.9630524387624,18.4620261176169,
18.9609997964714,19.4599734753259,19.9589471541804,20.1579098629397),
 .UNSPECIFIED.);
#91=B_SPLINE_CURVE_WITH_KNOTS('',3,(#1028,#1029,#1030,#1031,#1032,#1033,
#1034,#1035,#1036,#1037,#1038,#1039,#1040,#1041,#1042,#1043,#1044,#1045,
#1046,#1047,#1048,#1049,#1050,#1051,#1052,#1053,#1054,#1055,#1056,#1057,
#1058,#1059,#1060,#1061,#1062,#1063,#1064,#1065,#1066,#1067),
 .UNSPECIFIED.,.F.,.F.,(4,3,3,3,3,3,3,3,3,3,3,3,3,4),(-16.4213910178811,
-15.9671577233444,-15.4681840444898,-14.9692103656353,-14.4702366867808,
-13.9712630079263,-13.4722893290718,-12.9733156502173,-12.4743419713628,
-11.9753682925083,-11.4763946136538,-10.9774209347992,-10.4784472559447,
-10.1382057107015),.UNSPECIFIED.);
#92=B_SPLINE_CURVE_WITH_KNOTS('',3,(#1073,#1074,#1075,#1076,#1077,#1078,
#1079,#1080,#1081,#1082,#1083,#1084,#1085,#1086,#1087,#1088,#1089,#1090,
#1091,#1092,#1093,#1094,#1095,#1096,#1097),.UNSPECIFIED.,.F.,.F.,(4,3,3,
3,3,3,3,3,4),(-3.85502040352192,-3.49281575198157,-2.99384207312706,-2.49486839427255,
-1.99589471541804,-1.49692103656353,-0.99794735770902,-0.498973678854508,
0.),.UNSPECIFIED.);
#93=B_SPLINE_CURVE_WITH_KNOTS('',3,(#1100,#1101,#1102,#1103,#1104,#1105,
#1106,#1107,#1108,#1109,#1110,#1111,#1112,#1113,#1114,#1115,#1116,#1117,
#1118,#1119,#1120,#1121,#1122,#1123,#1124,#1125,#1126,#1127,#1128,#1129,
#1130,#1131,#1132,#1133,#1134,#1135,#1136),.UNSPECIFIED.,.F.,.F.,(4,3,3,
3,3,3,3,3,3,3,3,3,4),(2.02178169133314,2.49486839427255,2.99384207312707,
3.49281575198158,3.99178943083609,4.4907631096906,4.98973678854511,5.48871046739962,
5.98768414625413,6.48665782510864,6.98563150396315,7.48460518281767,7.59153924858053),
 .UNSPECIFIED.);
#94=B_SPLINE_CURVE_WITH_KNOTS('',3,(#1142,#1143,#1144,#1145,#1146,#1147,
#1148,#1149),.UNSPECIFIED.,.F.,.F.,(4,1,1,1,1,4),(53.4070751110265,53.766731888206,
54.2657055670605,54.764679245915,55.2636529247695,55.762626603624),
 .UNSPECIFIED.);
#95=B_SPLINE_CURVE_WITH_KNOTS('',3,(#1152,#1153,#1154,#1155,#1156,#1157,
#1158,#1159,#1160),.UNSPECIFIED.,.F.,.F.,(4,1,1,1,1,1,4),(53.4070751110265,
53.8185299560544,54.3175036349089,54.8164773137634,55.3154509926179,55.8144246714724,
56.2875113744119),.UNSPECIFIED.);
#96=B_SPLINE_CURVE_WITH_KNOTS('',3,(#1165,#1166,#1167,#1168,#1169,#1170,
#1171,#1172,#1173,#1174,#1175,#1176,#1177,#1178,#1179,#1180,#1181),
 .UNSPECIFIED.,.F.,.F.,(4,1,1,1,1,1,1,1,1,1,1,1,1,1,4),(47.1238898038469,
47.2800740630973,47.7790477419518,48.2780214208064,48.7769950996609,49.2759687785154,
49.7749424573699,50.2739161362244,50.7728898150789,51.2718634939334,51.7708371727879,
52.2698108516424,52.7687845304969,53.2677582093515,53.4070751110265),
 .UNSPECIFIED.);
#97=B_SPLINE_CURVE_WITH_KNOTS('',3,(#1182,#1183,#1184,#1185,#1186,#1187,
#1188,#1189,#1190,#1191,#1192,#1193,#1194,#1195,#1196,#1197,#1198),
 .UNSPECIFIED.,.F.,.F.,(4,1,1,1,1,1,1,1,1,1,1,1,1,1,4),(47.1238898038469,
47.3318721309457,47.8308458098002,48.3298194886547,48.8287931675093,49.3277668463638,
49.8267405252183,50.3257142040728,50.8246878829273,51.3236615617818,51.8226352406363,
52.3216089194908,52.8205825983454,53.3195562771999,53.4070751110265),
 .UNSPECIFIED.);
#98=B_SPLINE_CURVE_WITH_KNOTS('',3,(#1203,#1204,#1205,#1206,#1207,#1208,
#1209,#1210,#1211,#1212,#1213,#1214,#1215,#1216,#1217,#1218),
 .UNSPECIFIED.,.F.,.F.,(4,1,1,1,1,1,1,1,1,1,1,1,1,4),(40.8407044966673,
41.2923899168432,41.7913635956977,42.2903372745522,42.7893109534067,43.2882846322612,
43.7872583111157,44.2862319899703,44.7852056688248,45.2841793476793,45.7831530265338,
46.2821267053883,46.7811003842428,47.1238898038469),.UNSPECIFIED.);
#99=B_SPLINE_CURVE_WITH_KNOTS('',3,(#1219,#1220,#1221,#1222,#1223,#1224,
#1225,#1226,#1227,#1228,#1229,#1230,#1231,#1232,#1233,#1234,#1235),
 .UNSPECIFIED.,.F.,.F.,(4,1,1,1,1,1,1,1,1,1,1,1,1,1,4),(40.8407044966673,
40.8452143058371,41.3441879846916,41.8431616635461,42.3421353424006,42.8411090212551,
43.3400827001096,43.8390563789641,44.3380300578187,44.8370037366732,45.3359774155277,
45.8349510943822,46.3339247732367,46.8328984520912,47.1238898038469),
 .UNSPECIFIED.);
#100=B_SPLINE_CURVE_WITH_KNOTS('',3,(#1240,#1241,#1242,#1243,#1244,#1245,
#1246,#1247,#1248,#1249,#1250,#1251,#1252,#1253,#1254,#1255,#1256),
 .UNSPECIFIED.,.F.,.F.,(4,1,1,1,1,1,1,1,1,1,1,1,1,1,4),(34.5575191894877,
34.8057320917345,35.3047057705891,35.8036794494436,36.3026531282981,36.8016268071526,
37.3006004860071,37.7995741648616,38.2985478437161,38.7975215225706,39.2964952014251,
39.7954688802797,40.2944425591342,40.7934162379887,40.8407044966673),
 .UNSPECIFIED.);
#101=B_SPLINE_CURVE_WITH_KNOTS('',3,(#1257,#1258,#1259,#1260,#1261,#1262,
#1263,#1264,#1265,#1266,#1267,#1268,#1269,#1270,#1271,#1272),
 .UNSPECIFIED.,.F.,.F.,(4,1,1,1,1,1,1,1,1,1,1,1,1,4),(34.5575191894877,
34.857530159583,35.3565038384375,35.855477517292,36.3544511961465,36.853424875001,
37.3523985538555,37.85137223271,38.3503459115645,38.849319590419,39.3482932692735,
39.8472669481281,40.3462406269826,40.8407044966673),.UNSPECIFIED.);
#102=B_SPLINE_CURVE_WITH_KNOTS('',3,(#1277,#1278,#1279,#1280,#1281,#1282,
#1283,#1284,#1285,#1286,#1287,#1288,#1289,#1290,#1291,#1292,#1293),
 .UNSPECIFIED.,.F.,.F.,(4,1,1,1,1,1,1,1,1,1,1,1,1,1,4),(28.2743338823081,
28.3190742666259,28.8180479454804,29.3170216243349,29.8159953031894,30.3149689820439,
30.8139426608985,31.312916339753,31.8118900186075,32.310863697462,32.8098373763165,
33.308811055171,33.8077847340255,34.30675841288,34.5575191894877),
 .UNSPECIFIED.);
#103=B_SPLINE_CURVE_WITH_KNOTS('',3,(#1294,#1295,#1296,#1297,#1298,#1299,
#1300,#1301,#1302,#1303,#1304,#1305,#1306,#1307,#1308,#1309,#1310),
 .UNSPECIFIED.,.F.,.F.,(4,1,1,1,1,1,1,1,1,1,1,1,1,1,4),(28.2743338823081,
28.3708723344743,28.8698460133288,29.3688196921833,29.8677933710378,30.3667670498923,
30.8657407287469,31.3647144076014,31.8636880864559,32.3626617653104,32.8616354441649,
33.3606091230194,33.8595828018739,34.3585564807284,34.5575191894877),
 .UNSPECIFIED.);
#104=B_SPLINE_CURVE_WITH_KNOTS('',3,(#1315,#1316,#1317,#1318,#1319,#1320,
#1321,#1322,#1323,#1324,#1325,#1326,#1327,#1328,#1329,#1330),
 .UNSPECIFIED.,.F.,.F.,(4,1,1,1,1,1,1,1,1,1,1,1,1,4),(21.9911485751285,
22.3313901203718,22.8303637992263,23.3293374780808,23.8283111569353,24.3272848357898,
24.8262585146443,25.3252321934988,25.8242058723533,26.3231795512079,26.8221532300624,
27.3211269089169,27.8201005877714,28.2743338823081),.UNSPECIFIED.);
#105=B_SPLINE_CURVE_WITH_KNOTS('',3,(#1331,#1332,#1333,#1334,#1335,#1336,
#1337,#1338,#1339,#1340,#1341,#1342,#1343,#1344,#1345,#1346),
 .UNSPECIFIED.,.F.,.F.,(4,1,1,1,1,1,1,1,1,1,1,1,1,4),(21.9911485751285,
22.3831881882202,22.8821618670747,23.3811355459292,23.8801092247837,24.3790829036382,
24.8780565824927,25.3770302613472,25.8760039402017,26.3749776190563,26.8739512979108,
27.3729249767653,27.8718986556198,28.2743338823081),.UNSPECIFIED.);
#106=B_SPLINE_CURVE_WITH_KNOTS('',3,(#1352,#1353,#1354,#1355,#1356,#1357),
 .UNSPECIFIED.,.F.,.F.,(4,1,1,4),(14.399609326548,14.8985830054025,15.397556684257,
15.7079632679489),.UNSPECIFIED.);
#107=B_SPLINE_CURVE_WITH_KNOTS('',3,(#1360,#1361,#1362,#1363,#1364,#1365,
#1366),.UNSPECIFIED.,.F.,.F.,(4,1,1,1,4),(13.8747245557601,14.3478112586996,
14.8467849375541,15.3457586164086,15.7079632679489),.UNSPECIFIED.);
#108=B_SPLINE_CURVE_WITH_KNOTS('',3,(#1368,#1369,#1370,#1371,#1372,#1373,
#1374,#1375,#1376,#1377,#1378,#1379,#1380,#1381,#1382,#1383,#1384),
 .UNSPECIFIED.,.F.,.F.,(4,1,1,1,1,1,1,1,1,1,1,1,1,1,4),(15.7079632679489,
15.8447322952631,16.3437059741176,16.8426796529721,17.3416533318266,17.8406270106812,
18.3396006895357,18.8385743683902,19.3375480472447,19.8365217260992,20.3354954049537,
20.8344690838082,21.3334427626627,21.8324164415172,21.9911485751285),
 .UNSPECIFIED.);
#109=B_SPLINE_CURVE_WITH_KNOTS('',3,(#1385,#1386,#1387,#1388,#1389,#1390,
#1391,#1392,#1393,#1394,#1395,#1396,#1397,#1398,#1399,#1400,#1401),
 .UNSPECIFIED.,.F.,.F.,(4,1,1,1,1,1,1,1,1,1,1,1,1,1,4),(15.7079632679489,
15.8965303631115,16.395504041966,16.8944777208205,17.3934513996751,17.8924250785296,
18.3913987573841,18.8903724362386,19.3893461150931,19.8883197939476,20.3872934728021,
20.8862671516566,21.3852408305111,21.8842145093657,21.9911485751285),
 .UNSPECIFIED.);
#110=B_SPLINE_CURVE_WITH_KNOTS('',3,(#1766,#1767,#1768,#1769,#1770,#1771,
#1772,#1773,#1774,#1775,#1776,#1777,#1778,#1779,#1780,#1781,#1782,#1783,
#1784,#1785,#1786,#1787,#1788,#1789,#1790,#1791,#1792,#1793,#1794,#1795,
#1796,#1797,#1798,#1799,#1800,#1801,#1802,#1803,#1804,#1805,#1806,#1807,
#1808,#1809,#1810,#1811,#1812,#1813,#1814,#1815,#1816,#1817,#1818,#1819,
#1820,#1821,#1822,#1823,#1824,#1825,#1826,#1827,#1828,#1829,#1830,#1831,
#1832,#1833,#1834,#1835,#1836,#1837,#1838,#1839,#1840,#1841,#1842,#1843,
#1844,#1845,#1846,#1847,#1848,#1849,#1850,#1851,#1852,#1853,#1854,#1855,
#1856,#1857,#1858,#1859,#1860,#1861,#1862,#1863,#1864,#1865,#1866,#1867,
#1868,#1869,#1870,#1871,#1872,#1873,#1874),.UNSPECIFIED.,.F.,.F.,(4,3,3,
3,3,3,3,3,3,3,3,3,3,3,3,3,3,3,3,3,3,3,3,3,3,3,3,3,3,3,3,3,3,3,3,3,4),(0.,
0.0441190065085448,0.0885896239794885,0.132709150514838,0.176247552679354,
0.192234594745101,0.1994690613199,0.242718389733023,0.250992849093412,0.294408845291059,
0.337714102114195,0.376294392273558,0.383993455942099,0.389271543001315,
0.431570502795849,0.4734965558042,0.492035262751645,0.534277628215976,0.557860179456773,
0.566950633223,0.571828733986401,0.613088814067927,0.654215341328009,0.694595675401099,
0.722938038142358,0.736820943021119,0.743722588894791,0.749165184524059,
0.789597826093469,0.828008593396924,0.843198542029346,0.850701889422189,
0.857628333024236,0.897196418556984,0.93612107780483,0.943240895307288,
0.9543820971391),.UNSPECIFIED.);
#111=B_SPLINE_CURVE_WITH_KNOTS('',3,(#1875,#1876,#1877,#1878,#1879,#1880,
#1881,#1882,#1883,#1884,#1885,#1886,#1887,#1888,#1889,#1890,#1891,#1892,
#1893,#1894,#1895,#1896,#1897,#1898,#1899,#1900,#1901,#1902,#1903,#1904,
#1905,#1906,#1907,#1908,#1909,#1910,#1911,#1912,#1913,#1914,#1915,#1916,
#1917,#1918,#1919,#1920,#1921,#1922,#1923,#1924,#1925,#1926,#1927,#1928,
#1929,#1930,#1931,#1932,#1933,#1934,#1935,#1936,#1937,#1938,#1939,#1940,
#1941,#1942,#1943,#1944,#1945,#1946,#1947,#1948,#1949,#1950,#1951,#1952,
#1953,#1954,#1955,#1956,#1957,#1958,#1959,#1960,#1961,#1962,#1963,#1964,
#1965,#1966,#1967,#1968,#1969,#1970,#1971,#1972,#1973,#1974,#1975,#1976,
#1977,#1978,#1979,#1980,#1981,#1982,#1983),.UNSPECIFIED.,.F.,.F.,(4,3,3,
3,3,3,3,3,3,3,3,3,3,3,3,3,3,3,3,3,3,3,3,3,3,3,3,3,3,3,3,3,3,3,3,3,4),(0.,
0.0384955447978719,0.0777044456465472,0.117481456590038,0.157168246428222,
0.164873184901877,0.172525773488981,0.213162922982585,0.219371561572454,
0.259588787871321,0.300294688572105,0.337449825578709,0.343456239909157,
0.348874534350476,0.390361173859374,0.432307036609274,0.44891523659852,
0.490638537616154,0.515366436792053,0.52454239442139,0.530140746053632,
0.572622465099633,0.615523830821944,0.658447610867013,0.688461731023351,
0.704056637424931,0.710728550842143,0.716920489377543,0.760092411816485,
0.804466192335573,0.821629591780702,0.829363042778036,0.837170011194342,
0.881586088988405,0.926088494428509,0.937587533892838,0.950777871811553),
 .UNSPECIFIED.);
#112=B_SPLINE_CURVE_WITH_KNOTS('',3,(#1984,#1985,#1986,#1987,#1988,#1989,
#1990,#1991,#1992,#1993,#1994,#1995,#1996,#1997,#1998,#1999,#2000,#2001,
#2002,#2003,#2004,#2005,#2006,#2007,#2008,#2009,#2010,#2011,#2012,#2013,
#2014,#2015,#2016,#2017,#2018,#2019,#2020,#2021,#2022,#2023,#2024,#2025,
#2026),.UNSPECIFIED.,.F.,.F.,(4,3,3,3,3,3,3,3,3,3,3,3,3,3,4),(-10.1382057107015,
-9.97947357709022,-9.48049989823571,-8.9815262193812,-8.48255254052669,
-7.98357886167218,-7.48460518281767,-6.98563150396316,-6.48665782510864,
-5.98768414625413,-5.48871046739962,-4.98973678854511,-4.4907631096906,
-3.99178943083609,-3.85502040352192),.UNSPECIFIED.);
#113=B_SPLINE_CURVE_WITH_KNOTS('',3,(#2391,#2392,#2393,#2394,#2395,#2396,
#2397,#2398,#2399,#2400,#2401,#2402,#2403,#2404,#2405,#2406,#2407,#2408,
#2409,#2410,#2411,#2412,#2413,#2414,#2415,#2416,#2417,#2418,#2419,#2420,
#2421,#2422,#2423,#2424,#2425,#2426,#2427,#2428,#2429,#2430,#2431,#2432,
#2433,#2434,#2435,#2436,#2437,#2438,#2439,#2440,#2441,#2442,#2443,#2444,
#2445,#2446,#2447,#2448,#2449,#2450,#2451,#2452,#2453,#2454,#2455,#2456,
#2457,#2458,#2459,#2460,#2461,#2462,#2463,#2464,#2465,#2466,#2467,#2468,
#2469,#2470,#2471,#2472,#2473,#2474,#2475,#2476,#2477,#2478,#2479,#2480,
#2481,#2482,#2483,#2484,#2485,#2486,#2487,#2488,#2489,#2490,#2491,#2492,
#2493,#2494,#2495,#2496,#2497,#2498,#2499),.UNSPECIFIED.,.F.,.F.,(4,3,3,
3,3,3,3,3,3,3,3,3,3,3,3,3,3,3,3,3,3,3,3,3,3,3,3,3,3,3,3,3,3,3,3,3,4),(0.,
0.0384955417930066,0.0777044402434413,0.117481450567567,0.157168240986822,
0.164873177743137,0.172525774446893,0.213162922474801,0.219371561572428,
0.259588789724908,0.300294691552159,0.33744982781374,0.343456240472928,
0.348874534462656,0.390361175512017,0.432307038760009,0.448915236598482,
0.490638537271045,0.515366436490067,0.524542394714638,0.530140746131691,
0.572622464671914,0.615523830109456,0.658447610116553,0.68846173102322,
0.704056637432622,0.710728550979483,0.716920489488767,0.760092411958861,
0.804466192442316,0.821629591930851,0.829363043046844,0.837170011240502,
0.881586089015054,0.926088494457797,0.937587533892682,0.950777871811395),
 .UNSPECIFIED.);
#114=B_SPLINE_CURVE_WITH_KNOTS('',3,(#2500,#2501,#2502,#2503,#2504,#2505,
#2506,#2507,#2508,#2509,#2510,#2511,#2512,#2513,#2514,#2515,#2516,#2517,
#2518,#2519,#2520,#2521,#2522,#2523,#2524,#2525,#2526,#2527,#2528,#2529,
#2530,#2531,#2532,#2533,#2534,#2535,#2536,#2537,#2538,#2539),
 .UNSPECIFIED.,.F.,.F.,(4,3,3,3,3,3,3,3,3,3,3,3,3,4),(7.59153924858053,
7.98357886167218,8.48255254052669,8.9815262193812,9.48049989823571,9.97947357709022,
10.4784472559447,10.9774209347992,11.4763946136538,11.9753682925083,12.4743419713628,
12.9733156502173,13.4722893290718,13.8747245557601),.UNSPECIFIED.);
#115=B_SPLINE_CURVE_WITH_KNOTS('',3,(#2540,#2541,#2542,#2543,#2544,#2545,
#2546,#2547,#2548,#2549,#2550,#2551,#2552,#2553,#2554,#2555,#2556,#2557,
#2558,#2559,#2560,#2561,#2562,#2563,#2564,#2565,#2566,#2567,#2568,#2569,
#2570,#2571,#2572,#2573,#2574,#2575,#2576,#2577,#2578,#2579,#2580,#2581,
#2582,#2583,#2584,#2585,#2586,#2587,#2588,#2589,#2590,#2591,#2592,#2593,
#2594,#2595,#2596,#2597,#2598,#2599,#2600,#2601,#2602,#2603,#2604,#2605,
#2606,#2607,#2608,#2609,#2610,#2611,#2612,#2613,#2614,#2615,#2616,#2617,
#2618,#2619,#2620,#2621,#2622,#2623,#2624,#2625,#2626,#2627,#2628,#2629,
#2630,#2631,#2632,#2633,#2634,#2635,#2636,#2637,#2638,#2639,#2640,#2641,
#2642,#2643,#2644,#2645,#2646,#2647,#2648),.UNSPECIFIED.,.F.,.F.,(4,3,3,
3,3,3,3,3,3,3,3,3,3,3,3,3,3,3,3,3,3,3,3,3,3,3,3,3,3,3,3,3,3,3,3,3,4),(0.,
0.0441190046124688,0.0885896216144489,0.132709149425069,0.176247553314427,
0.192234597354121,0.199469061497401,0.24271839065865,0.25099284909345,0.294408845740268,
0.337714102469511,0.376294392540059,0.383993458204723,0.389271547221169,
0.431570507122078,0.473496559842441,0.492035262751702,0.534277628186682,
0.557860179431147,0.566950633254018,0.571828734100556,0.613088814141511,
0.654215341356649,0.694595675228184,0.722938038142396,0.736820943029884,
0.743722588935957,0.749165184616712,0.789597826152476,0.828008593441184,
0.843198542097833,0.850701889337267,0.857628333016947,0.897196418633229,
0.936121078075424,0.943240895307308,0.954382097139121),.UNSPECIFIED.);
#116=CIRCLE('',#506,4.263);
#117=CIRCLE('',#508,4.263);
#118=CIRCLE('',#514,4.263);
#119=CIRCLE('',#516,5.09900000000002);
#120=CIRCLE('',#523,5.09900000000002);
#121=LINE('',#630,#153);
#122=LINE('',#640,#154);
#123=LINE('',#720,#155);
#124=LINE('',#807,#156);
#125=LINE('',#897,#157);
#126=LINE('',#984,#158);
#127=LINE('',#1071,#159);
#128=LINE('',#1140,#160);
#129=LINE('',#1164,#161);
#130=LINE('',#1202,#162);
#131=LINE('',#1239,#163);
#132=LINE('',#1276,#164);
#133=LINE('',#1314,#165);
#134=LINE('',#1350,#166);
#135=LINE('',#2652,#167);
#136=LINE('',#2654,#168);
#137=LINE('',#2656,#169);
#138=LINE('',#2658,#170);
#139=LINE('',#2660,#171);
#140=LINE('',#2661,#172);
#141=LINE('',#2666,#173);
#142=LINE('',#2667,#174);
#143=LINE('',#2668,#175);
#144=LINE('',#2671,#176);
#145=LINE('',#2672,#177);
#146=LINE('',#2675,#178);
#147=LINE('',#2676,#179);
#148=LINE('',#2679,#180);
#149=LINE('',#2680,#181);
#150=LINE('',#2683,#182);
#151=LINE('',#2684,#183);
#152=LINE('',#2686,#184);
#153=VECTOR('',#538,5.);
#154=VECTOR('',#543,5.);
#155=VECTOR('',#548,5.);
#156=VECTOR('',#551,5.);
#157=VECTOR('',#554,5.);
#158=VECTOR('',#557,5.);
#159=VECTOR('',#560,5.);
#160=VECTOR('',#565,5.09900000000002);
#161=VECTOR('',#570,5.09900000000002);
#162=VECTOR('',#573,5.09900000000002);
#163=VECTOR('',#576,5.09900000000002);
#164=VECTOR('',#579,5.09900000000002);
#165=VECTOR('',#582,5.09900000000002);
#166=VECTOR('',#585,5.09900000000002);
#167=VECTOR('',#592,10.);
#168=VECTOR('',#593,10.);
#169=VECTOR('',#594,10.);
#170=VECTOR('',#595,10.);
#171=VECTOR('',#596,10.);
#172=VECTOR('',#597,10.);
#173=VECTOR('',#602,10.);
#174=VECTOR('',#603,10.);
#175=VECTOR('',#604,10.);
#176=VECTOR('',#607,10.);
#177=VECTOR('',#608,10.);
#178=VECTOR('',#611,10.);
#179=VECTOR('',#612,10.);
#180=VECTOR('',#615,10.);
#181=VECTOR('',#616,10.);
#182=VECTOR('',#619,10.);
#183=VECTOR('',#620,10.);
#184=VECTOR('',#623,10.);
#185=VERTEX_POINT('',#628);
#186=VERTEX_POINT('',#629);
#187=VERTEX_POINT('',#631);
#188=VERTEX_POINT('',#638);
#189=VERTEX_POINT('',#639);
#190=VERTEX_POINT('',#641);
#191=VERTEX_POINT('',#718);
#192=VERTEX_POINT('',#719);
#193=VERTEX_POINT('',#805);
#194=VERTEX_POINT('',#806);
#195=VERTEX_POINT('',#895);
#196=VERTEX_POINT('',#896);
#197=VERTEX_POINT('',#982);
#198=VERTEX_POINT('',#983);
#199=VERTEX_POINT('',#1069);
#200=VERTEX_POINT('',#1070);
#201=VERTEX_POINT('',#1072);
#202=VERTEX_POINT('',#1098);
#203=VERTEX_POINT('',#1138);
#204=VERTEX_POINT('',#1139);
#205=VERTEX_POINT('',#1141);
#206=VERTEX_POINT('',#1150);
#207=VERTEX_POINT('',#1162);
#208=VERTEX_POINT('',#1163);
#209=VERTEX_POINT('',#1200);
#210=VERTEX_POINT('',#1201);
#211=VERTEX_POINT('',#1237);
#212=VERTEX_POINT('',#1238);
#213=VERTEX_POINT('',#1274);
#214=VERTEX_POINT('',#1275);
#215=VERTEX_POINT('',#1312);
#216=VERTEX_POINT('',#1313);
#217=VERTEX_POINT('',#1348);
#218=VERTEX_POINT('',#1349);
#219=VERTEX_POINT('',#1351);
#220=VERTEX_POINT('',#1358);
#221=VERTEX_POINT('',#2650);
#222=VERTEX_POINT('',#2651);
#223=VERTEX_POINT('',#2653);
#224=VERTEX_POINT('',#2655);
#225=VERTEX_POINT('',#2657);
#226=VERTEX_POINT('',#2659);
#227=VERTEX_POINT('',#2664);
#228=VERTEX_POINT('',#2665);
#229=VERTEX_POINT('',#2670);
#230=VERTEX_POINT('',#2674);
#231=VERTEX_POINT('',#2678);
#232=VERTEX_POINT('',#2682);
#233=EDGE_CURVE('',#185,#186,#121,.T.);
#234=EDGE_CURVE('',#187,#186,#116,.F.);
#235=EDGE_CURVE('',#187,#185,#81,.T.);
#236=EDGE_CURVE('',#188,#189,#122,.T.);
#237=EDGE_CURVE('',#189,#190,#82,.T.);
#238=EDGE_CURVE('',#186,#190,#117,.F.);
#239=EDGE_CURVE('',#185,#188,#83,.T.);
#240=EDGE_CURVE('',#191,#192,#123,.T.);
#241=EDGE_CURVE('',#192,#189,#84,.T.);
#242=EDGE_CURVE('',#188,#191,#85,.T.);
#243=EDGE_CURVE('',#193,#194,#124,.T.);
#244=EDGE_CURVE('',#194,#192,#86,.T.);
#245=EDGE_CURVE('',#191,#193,#87,.T.);
#246=EDGE_CURVE('',#195,#196,#125,.T.);
#247=EDGE_CURVE('',#196,#194,#88,.T.);
#248=EDGE_CURVE('',#193,#195,#89,.T.);
#249=EDGE_CURVE('',#197,#198,#126,.T.);
#250=EDGE_CURVE('',#198,#196,#90,.T.);
#251=EDGE_CURVE('',#195,#197,#91,.T.);
#252=EDGE_CURVE('',#199,#200,#127,.T.);
#253=EDGE_CURVE('',#199,#201,#92,.T.);
#254=EDGE_CURVE('',#202,#201,#118,.T.);
#255=EDGE_CURVE('',#202,#200,#93,.T.);
#256=EDGE_CURVE('',#203,#204,#128,.T.);
#257=EDGE_CURVE('',#204,#205,#94,.T.);
#258=EDGE_CURVE('',#206,#205,#119,.T.);
#259=EDGE_CURVE('',#203,#206,#95,.T.);
#260=EDGE_CURVE('',#207,#208,#129,.T.);
#261=EDGE_CURVE('',#208,#204,#96,.T.);
#262=EDGE_CURVE('',#207,#203,#97,.T.);
#263=EDGE_CURVE('',#209,#210,#130,.T.);
#264=EDGE_CURVE('',#210,#208,#98,.T.);
#265=EDGE_CURVE('',#209,#207,#99,.T.);
#266=EDGE_CURVE('',#211,#212,#131,.T.);
#267=EDGE_CURVE('',#212,#210,#100,.T.);
#268=EDGE_CURVE('',#211,#209,#101,.T.);
#269=EDGE_CURVE('',#213,#214,#132,.T.);
#270=EDGE_CURVE('',#214,#212,#102,.T.);
#271=EDGE_CURVE('',#213,#211,#103,.T.);
#272=EDGE_CURVE('',#215,#216,#133,.T.);
#273=EDGE_CURVE('',#216,#214,#104,.T.);
#274=EDGE_CURVE('',#215,#213,#105,.T.);
#275=EDGE_CURVE('',#217,#218,#134,.T.);
#276=EDGE_CURVE('',#219,#217,#106,.T.);
#277=EDGE_CURVE('',#220,#219,#120,.T.);
#278=EDGE_CURVE('',#220,#218,#107,.T.);
#279=EDGE_CURVE('',#218,#216,#108,.T.);
#280=EDGE_CURVE('',#217,#215,#109,.T.);
#281=EDGE_CURVE('',#205,#187,#110,.T.);
#282=EDGE_CURVE('',#201,#220,#111,.T.);
#283=EDGE_CURVE('',#197,#199,#112,.T.);
#284=EDGE_CURVE('',#190,#206,#113,.T.);
#285=EDGE_CURVE('',#200,#198,#114,.T.);
#286=EDGE_CURVE('',#219,#202,#115,.T.);
#287=EDGE_CURVE('',#221,#222,#135,.T.);
#288=EDGE_CURVE('',#222,#223,#136,.T.);
#289=EDGE_CURVE('',#223,#224,#137,.T.);
#290=EDGE_CURVE('',#224,#225,#138,.T.);
#291=EDGE_CURVE('',#225,#226,#139,.T.);
#292=EDGE_CURVE('',#226,#221,#140,.T.);
#293=EDGE_CURVE('',#227,#228,#141,.T.);
#294=EDGE_CURVE('',#228,#221,#142,.T.);
#295=EDGE_CURVE('',#227,#226,#143,.T.);
#296=EDGE_CURVE('',#229,#227,#144,.T.);
#297=EDGE_CURVE('',#229,#225,#145,.T.);
#298=EDGE_CURVE('',#230,#229,#146,.T.);
#299=EDGE_CURVE('',#230,#224,#147,.T.);
#300=EDGE_CURVE('',#231,#230,#148,.T.);
#301=EDGE_CURVE('',#231,#223,#149,.T.);
#302=EDGE_CURVE('',#232,#231,#150,.T.);
#303=EDGE_CURVE('',#232,#222,#151,.T.);
#304=EDGE_CURVE('',#228,#232,#152,.T.);
#305=ORIENTED_EDGE('',*,*,#233,.T.);
#306=ORIENTED_EDGE('',*,*,#234,.F.);
#307=ORIENTED_EDGE('',*,*,#235,.T.);
#308=ORIENTED_EDGE('',*,*,#236,.T.);
#309=ORIENTED_EDGE('',*,*,#237,.T.);
#310=ORIENTED_EDGE('',*,*,#238,.F.);
#311=ORIENTED_EDGE('',*,*,#233,.F.);
#312=ORIENTED_EDGE('',*,*,#239,.T.);
#313=ORIENTED_EDGE('',*,*,#240,.T.);
#314=ORIENTED_EDGE('',*,*,#241,.T.);
#315=ORIENTED_EDGE('',*,*,#236,.F.);
#316=ORIENTED_EDGE('',*,*,#242,.T.);
#317=ORIENTED_EDGE('',*,*,#243,.T.);
#318=ORIENTED_EDGE('',*,*,#244,.T.);
#319=ORIENTED_EDGE('',*,*,#240,.F.);
#320=ORIENTED_EDGE('',*,*,#245,.T.);
#321=ORIENTED_EDGE('',*,*,#246,.T.);
#322=ORIENTED_EDGE('',*,*,#247,.T.);
#323=ORIENTED_EDGE('',*,*,#243,.F.);
#324=ORIENTED_EDGE('',*,*,#248,.T.);
#325=ORIENTED_EDGE('',*,*,#249,.T.);
#326=ORIENTED_EDGE('',*,*,#250,.T.);
#327=ORIENTED_EDGE('',*,*,#246,.F.);
#328=ORIENTED_EDGE('',*,*,#251,.T.);
#329=ORIENTED_EDGE('',*,*,#252,.F.);
#330=ORIENTED_EDGE('',*,*,#253,.T.);
#331=ORIENTED_EDGE('',*,*,#254,.F.);
#332=ORIENTED_EDGE('',*,*,#255,.T.);
#333=ORIENTED_EDGE('',*,*,#256,.T.);
#334=ORIENTED_EDGE('',*,*,#257,.T.);
#335=ORIENTED_EDGE('',*,*,#258,.F.);
#336=ORIENTED_EDGE('',*,*,#259,.F.);
#337=ORIENTED_EDGE('',*,*,#260,.T.);
#338=ORIENTED_EDGE('',*,*,#261,.T.);
#339=ORIENTED_EDGE('',*,*,#256,.F.);
#340=ORIENTED_EDGE('',*,*,#262,.F.);
#341=ORIENTED_EDGE('',*,*,#263,.T.);
#342=ORIENTED_EDGE('',*,*,#264,.T.);
#343=ORIENTED_EDGE('',*,*,#260,.F.);
#344=ORIENTED_EDGE('',*,*,#265,.F.);
#345=ORIENTED_EDGE('',*,*,#266,.T.);
#346=ORIENTED_EDGE('',*,*,#267,.T.);
#347=ORIENTED_EDGE('',*,*,#263,.F.);
#348=ORIENTED_EDGE('',*,*,#268,.F.);
#349=ORIENTED_EDGE('',*,*,#269,.T.);
#350=ORIENTED_EDGE('',*,*,#270,.T.);
#351=ORIENTED_EDGE('',*,*,#266,.F.);
#352=ORIENTED_EDGE('',*,*,#271,.F.);
#353=ORIENTED_EDGE('',*,*,#272,.T.);
#354=ORIENTED_EDGE('',*,*,#273,.T.);
#355=ORIENTED_EDGE('',*,*,#269,.F.);
#356=ORIENTED_EDGE('',*,*,#274,.F.);
#357=ORIENTED_EDGE('',*,*,#275,.F.);
#358=ORIENTED_EDGE('',*,*,#276,.F.);
#359=ORIENTED_EDGE('',*,*,#277,.F.);
#360=ORIENTED_EDGE('',*,*,#278,.T.);
#361=ORIENTED_EDGE('',*,*,#275,.T.);
#362=ORIENTED_EDGE('',*,*,#279,.T.);
#363=ORIENTED_EDGE('',*,*,#272,.F.);
#364=ORIENTED_EDGE('',*,*,#280,.F.);
#365=ORIENTED_EDGE('',*,*,#281,.F.);
#366=ORIENTED_EDGE('',*,*,#257,.F.);
#367=ORIENTED_EDGE('',*,*,#261,.F.);
#368=ORIENTED_EDGE('',*,*,#264,.F.);
#369=ORIENTED_EDGE('',*,*,#267,.F.);
#370=ORIENTED_EDGE('',*,*,#270,.F.);
#371=ORIENTED_EDGE('',*,*,#273,.F.);
#372=ORIENTED_EDGE('',*,*,#279,.F.);
#373=ORIENTED_EDGE('',*,*,#278,.F.);
#374=ORIENTED_EDGE('',*,*,#282,.F.);
#375=ORIENTED_EDGE('',*,*,#253,.F.);
#376=ORIENTED_EDGE('',*,*,#283,.F.);
#377=ORIENTED_EDGE('',*,*,#251,.F.);
#378=ORIENTED_EDGE('',*,*,#248,.F.);
#379=ORIENTED_EDGE('',*,*,#245,.F.);
#380=ORIENTED_EDGE('',*,*,#242,.F.);
#381=ORIENTED_EDGE('',*,*,#239,.F.);
#382=ORIENTED_EDGE('',*,*,#235,.F.);
#383=ORIENTED_EDGE('',*,*,#284,.F.);
#384=ORIENTED_EDGE('',*,*,#237,.F.);
#385=ORIENTED_EDGE('',*,*,#241,.F.);
#386=ORIENTED_EDGE('',*,*,#244,.F.);
#387=ORIENTED_EDGE('',*,*,#247,.F.);
#388=ORIENTED_EDGE('',*,*,#250,.F.);
#389=ORIENTED_EDGE('',*,*,#285,.F.);
#390=ORIENTED_EDGE('',*,*,#255,.F.);
#391=ORIENTED_EDGE('',*,*,#286,.F.);
#392=ORIENTED_EDGE('',*,*,#276,.T.);
#393=ORIENTED_EDGE('',*,*,#280,.T.);
#394=ORIENTED_EDGE('',*,*,#274,.T.);
#395=ORIENTED_EDGE('',*,*,#271,.T.);
#396=ORIENTED_EDGE('',*,*,#268,.T.);
#397=ORIENTED_EDGE('',*,*,#265,.T.);
#398=ORIENTED_EDGE('',*,*,#262,.T.);
#399=ORIENTED_EDGE('',*,*,#259,.T.);
#400=ORIENTED_EDGE('',*,*,#287,.T.);
#401=ORIENTED_EDGE('',*,*,#288,.T.);
#402=ORIENTED_EDGE('',*,*,#289,.T.);
#403=ORIENTED_EDGE('',*,*,#290,.T.);
#404=ORIENTED_EDGE('',*,*,#291,.T.);
#405=ORIENTED_EDGE('',*,*,#292,.T.);
#406=ORIENTED_EDGE('',*,*,#282,.T.);
#407=ORIENTED_EDGE('',*,*,#277,.T.);
#408=ORIENTED_EDGE('',*,*,#286,.T.);
#409=ORIENTED_EDGE('',*,*,#254,.T.);
#410=ORIENTED_EDGE('',*,*,#252,.T.);
#411=ORIENTED_EDGE('',*,*,#285,.T.);
#412=ORIENTED_EDGE('',*,*,#249,.F.);
#413=ORIENTED_EDGE('',*,*,#283,.T.);
#414=ORIENTED_EDGE('',*,*,#293,.T.);
#415=ORIENTED_EDGE('',*,*,#294,.T.);
#416=ORIENTED_EDGE('',*,*,#292,.F.);
#417=ORIENTED_EDGE('',*,*,#295,.F.);
#418=ORIENTED_EDGE('',*,*,#296,.T.);
#419=ORIENTED_EDGE('',*,*,#295,.T.);
#420=ORIENTED_EDGE('',*,*,#291,.F.);
#421=ORIENTED_EDGE('',*,*,#297,.F.);
#422=ORIENTED_EDGE('',*,*,#298,.T.);
#423=ORIENTED_EDGE('',*,*,#297,.T.);
#424=ORIENTED_EDGE('',*,*,#290,.F.);
#425=ORIENTED_EDGE('',*,*,#299,.F.);
#426=ORIENTED_EDGE('',*,*,#300,.T.);
#427=ORIENTED_EDGE('',*,*,#299,.T.);
#428=ORIENTED_EDGE('',*,*,#289,.F.);
#429=ORIENTED_EDGE('',*,*,#301,.F.);
#430=ORIENTED_EDGE('',*,*,#302,.T.);
#431=ORIENTED_EDGE('',*,*,#301,.T.);
#432=ORIENTED_EDGE('',*,*,#288,.F.);
#433=ORIENTED_EDGE('',*,*,#303,.F.);
#434=ORIENTED_EDGE('',*,*,#304,.T.);
#435=ORIENTED_EDGE('',*,*,#303,.T.);
#436=ORIENTED_EDGE('',*,*,#287,.F.);
#437=ORIENTED_EDGE('',*,*,#294,.F.);
#438=ORIENTED_EDGE('',*,*,#304,.F.);
#439=ORIENTED_EDGE('',*,*,#293,.F.);
#440=ORIENTED_EDGE('',*,*,#296,.F.);
#441=ORIENTED_EDGE('',*,*,#298,.F.);
#442=ORIENTED_EDGE('',*,*,#300,.F.);
#443=ORIENTED_EDGE('',*,*,#302,.F.);
#444=ORIENTED_EDGE('',*,*,#281,.T.);
#445=ORIENTED_EDGE('',*,*,#234,.T.);
#446=ORIENTED_EDGE('',*,*,#238,.T.);
#447=ORIENTED_EDGE('',*,*,#284,.T.);
#448=ORIENTED_EDGE('',*,*,#258,.T.);
#449=CYLINDRICAL_SURFACE('',#505,4.263);
#450=CYLINDRICAL_SURFACE('',#507,4.263);
#451=CYLINDRICAL_SURFACE('',#509,4.263);
#452=CYLINDRICAL_SURFACE('',#510,4.263);
#453=CYLINDRICAL_SURFACE('',#511,4.263);
#454=CYLINDRICAL_SURFACE('',#512,4.263);
#455=CYLINDRICAL_SURFACE('',#513,4.263);
#456=CYLINDRICAL_SURFACE('',#515,5.09900000000002);
#457=CYLINDRICAL_SURFACE('',#517,5.09900000000002);
#458=CYLINDRICAL_SURFACE('',#518,5.09900000000002);
#459=CYLINDRICAL_SURFACE('',#519,5.09900000000002);
#460=CYLINDRICAL_SURFACE('',#520,5.09900000000002);
#461=CYLINDRICAL_SURFACE('',#521,5.09900000000002);
#462=CYLINDRICAL_SURFACE('',#522,5.09900000000002);
#463=CYLINDRICAL_SURFACE('',#524,5.09900000000002);
#464=CYLINDRICAL_SURFACE('',#526,4.263);
#465=ADVANCED_FACE('',(#27),#449,.F.);
#466=ADVANCED_FACE('',(#28),#450,.F.);
#467=ADVANCED_FACE('',(#29),#451,.F.);
#468=ADVANCED_FACE('',(#30),#452,.F.);
#469=ADVANCED_FACE('',(#31),#453,.F.);
#470=ADVANCED_FACE('',(#32),#454,.F.);
#471=ADVANCED_FACE('',(#33),#455,.F.);
#472=ADVANCED_FACE('',(#34),#456,.F.);
#473=ADVANCED_FACE('',(#35),#457,.F.);
#474=ADVANCED_FACE('',(#36),#458,.F.);
#475=ADVANCED_FACE('',(#37),#459,.F.);
#476=ADVANCED_FACE('',(#38),#460,.F.);
#477=ADVANCED_FACE('',(#39),#461,.F.);
#478=ADVANCED_FACE('',(#40),#462,.F.);
#479=ADVANCED_FACE('',(#41),#463,.F.);
#480=ADVANCED_FACE('',(#42),#25,.F.);
#481=ADVANCED_FACE('',(#43),#26,.F.);
#482=ADVANCED_FACE('',(#44,#15),#17,.T.);
#483=ADVANCED_FACE('',(#45),#464,.F.);
#484=ADVANCED_FACE('',(#46),#18,.T.);
#485=ADVANCED_FACE('',(#47),#19,.T.);
#486=ADVANCED_FACE('',(#48),#20,.T.);
#487=ADVANCED_FACE('',(#49),#21,.T.);
#488=ADVANCED_FACE('',(#50),#22,.T.);
#489=ADVANCED_FACE('',(#51),#23,.T.);
#490=ADVANCED_FACE('',(#52,#16),#24,.F.);
#491=CLOSED_SHELL('',(#465,#466,#467,#468,#469,#470,#471,#472,#473,#474,
#475,#476,#477,#478,#479,#480,#481,#482,#483,#484,#485,#486,#487,#488,#489,
#490));
#492=DERIVED_UNIT_ELEMENT(#494,1.);
#493=DERIVED_UNIT_ELEMENT(#2693,-3.);
#494=(
MASS_UNIT()
NAMED_UNIT(*)
SI_UNIT(.KILO.,.GRAM.)
);
#495=DERIVED_UNIT((#492,#493));
#496=MEASURE_REPRESENTATION_ITEM('density measure',
POSITIVE_RATIO_MEASURE(7850.),#495);
#497=PROPERTY_DEFINITION_REPRESENTATION(#502,#499);
#498=PROPERTY_DEFINITION_REPRESENTATION(#503,#500);
#499=REPRESENTATION('material name',(#501),#2690);
#500=REPRESENTATION('density',(#496),#2690);
#501=DESCRIPTIVE_REPRESENTATION_ITEM('Steel','Steel');
#502=PROPERTY_DEFINITION('material property','material name',#2700);
#503=PROPERTY_DEFINITION('material property','density of part',#2700);
#504=AXIS2_PLACEMENT_3D('',#626,#534,#535);
#505=AXIS2_PLACEMENT_3D('',#627,#536,#537);
#506=AXIS2_PLACEMENT_3D('',#632,#539,#540);
#507=AXIS2_PLACEMENT_3D('',#637,#541,#542);
#508=AXIS2_PLACEMENT_3D('',#673,#544,#545);
#509=AXIS2_PLACEMENT_3D('',#717,#546,#547);
#510=AXIS2_PLACEMENT_3D('',#804,#549,#550);
#511=AXIS2_PLACEMENT_3D('',#894,#552,#553);
#512=AXIS2_PLACEMENT_3D('',#981,#555,#556);
#513=AXIS2_PLACEMENT_3D('',#1068,#558,#559);
#514=AXIS2_PLACEMENT_3D('',#1099,#561,#562);
#515=AXIS2_PLACEMENT_3D('',#1137,#563,#564);
#516=AXIS2_PLACEMENT_3D('',#1151,#566,#567);
#517=AXIS2_PLACEMENT_3D('',#1161,#568,#569);
#518=AXIS2_PLACEMENT_3D('',#1199,#571,#572);
#519=AXIS2_PLACEMENT_3D('',#1236,#574,#575);
#520=AXIS2_PLACEMENT_3D('',#1273,#577,#578);
#521=AXIS2_PLACEMENT_3D('',#1311,#580,#581);
#522=AXIS2_PLACEMENT_3D('',#1347,#583,#584);
#523=AXIS2_PLACEMENT_3D('',#1359,#586,#587);
#524=AXIS2_PLACEMENT_3D('',#1367,#588,#589);
#525=AXIS2_PLACEMENT_3D('',#2649,#590,#591);
#526=AXIS2_PLACEMENT_3D('',#2662,#598,#599);
#527=AXIS2_PLACEMENT_3D('',#2663,#600,#601);
#528=AXIS2_PLACEMENT_3D('',#2669,#605,#606);
#529=AXIS2_PLACEMENT_3D('',#2673,#609,#610);
#530=AXIS2_PLACEMENT_3D('',#2677,#613,#614);
#531=AXIS2_PLACEMENT_3D('',#2681,#617,#618);
#532=AXIS2_PLACEMENT_3D('',#2685,#621,#622);
#533=AXIS2_PLACEMENT_3D('',#2687,#624,#625);
#534=DIRECTION('axis',(0.,0.,1.));
#535=DIRECTION('refdir',(1.,0.,0.));
#536=DIRECTION('center_axis',(0.,0.,-1.));
#537=DIRECTION('ref_axis',(0.986108393710305,-0.16610308803295,0.));
#538=DIRECTION('',(0.,0.,-1.));
#539=DIRECTION('center_axis',(0.,0.,-1.));
#540=DIRECTION('ref_axis',(-1.,0.,0.));
#541=DIRECTION('center_axis',(0.,0.,-1.));
#542=DIRECTION('ref_axis',(-1.,0.,0.));
#543=DIRECTION('',(0.,0.,-1.));
#544=DIRECTION('center_axis',(0.,0.,-1.));
#545=DIRECTION('ref_axis',(-1.,0.,0.));
#546=DIRECTION('center_axis',(0.,0.,-1.));
#547=DIRECTION('ref_axis',(-1.,0.,0.));
#548=DIRECTION('',(0.,0.,-1.));
#549=DIRECTION('center_axis',(0.,0.,-1.));
#550=DIRECTION('ref_axis',(-1.,0.,0.));
#551=DIRECTION('',(0.,0.,-1.));
#552=DIRECTION('center_axis',(0.,0.,-1.));
#553=DIRECTION('ref_axis',(-1.,0.,0.));
#554=DIRECTION('',(0.,0.,-1.));
#555=DIRECTION('center_axis',(0.,0.,-1.));
#556=DIRECTION('ref_axis',(-1.,0.,0.));
#557=DIRECTION('',(0.,0.,-1.));
#558=DIRECTION('center_axis',(0.,0.,-1.));
#559=DIRECTION('ref_axis',(-0.937046433442313,0.349204784579251,0.));
#560=DIRECTION('',(0.,0.,-1.));
#561=DIRECTION('center_axis',(0.,0.,-1.));
#562=DIRECTION('ref_axis',(-1.,0.,0.));
#563=DIRECTION('center_axis',(0.,0.,-1.));
#564=DIRECTION('ref_axis',(0.130215732993338,-0.991485684657629,0.));
#565=DIRECTION('',(-1.22464679914735E-16,2.23696869536859E-30,-1.));
#566=DIRECTION('center_axis',(0.,0.,1.));
#567=DIRECTION('ref_axis',(-1.,1.81437709149201E-14,0.));
#568=DIRECTION('center_axis',(0.,0.,-1.));
#569=DIRECTION('ref_axis',(-1.,1.81437709149201E-14,0.));
#570=DIRECTION('',(-1.22464679914735E-16,2.23696869536859E-30,-1.));
#571=DIRECTION('center_axis',(0.,0.,-1.));
#572=DIRECTION('ref_axis',(-1.,1.81437709149201E-14,0.));
#573=DIRECTION('',(-1.22464679914735E-16,2.23696869536859E-30,-1.));
#574=DIRECTION('center_axis',(0.,0.,-1.));
#575=DIRECTION('ref_axis',(-1.,1.81437709149201E-14,0.));
#576=DIRECTION('',(-1.22464679914735E-16,2.23696869536859E-30,-1.));
#577=DIRECTION('center_axis',(0.,0.,-1.));
#578=DIRECTION('ref_axis',(-1.,1.81437709149201E-14,0.));
#579=DIRECTION('',(-1.22464679914735E-16,2.23696869536859E-30,-1.));
#580=DIRECTION('center_axis',(0.,0.,-1.));
#581=DIRECTION('ref_axis',(-1.,1.81437709149201E-14,0.));
#582=DIRECTION('',(-1.22464679914735E-16,2.23696869536859E-30,-1.));
#583=DIRECTION('center_axis',(0.,0.,-1.));
#584=DIRECTION('ref_axis',(0.608513043885363,0.793543871138433,0.));
#585=DIRECTION('',(-1.22464679914735E-16,2.23696869536859E-30,-1.));
#586=DIRECTION('center_axis',(0.,0.,-1.));
#587=DIRECTION('ref_axis',(-1.,1.81437709149201E-14,0.));
#588=DIRECTION('center_axis',(0.,0.,-1.));
#589=DIRECTION('ref_axis',(-1.,1.81437709149201E-14,0.));
#590=DIRECTION('center_axis',(0.,0.,1.));
#591=DIRECTION('ref_axis',(1.,0.,0.));
#592=DIRECTION('',(0.866025403784438,-0.500000000000001,0.));
#593=DIRECTION('',(0.866025403784438,0.5,0.));
#594=DIRECTION('',(0.,1.,0.));
#595=DIRECTION('',(-0.866025403784439,0.5,0.));
#596=DIRECTION('',(-0.866025403784439,-0.5,0.));
#597=DIRECTION('',(0.,-1.,0.));
#598=DIRECTION('center_axis',(0.,0.,-1.));
#599=DIRECTION('ref_axis',(-1.,0.,0.));
#600=DIRECTION('center_axis',(-1.,0.,0.));
#601=DIRECTION('ref_axis',(0.,-1.,0.));
#602=DIRECTION('',(0.,-1.,0.));
#603=DIRECTION('',(0.,0.,1.));
#604=DIRECTION('',(0.,0.,1.));
#605=DIRECTION('center_axis',(-0.5,0.866025403784439,0.));
#606=DIRECTION('ref_axis',(-0.866025403784439,-0.5,0.));
#607=DIRECTION('',(-0.866025403784439,-0.5,0.));
#608=DIRECTION('',(0.,0.,1.));
#609=DIRECTION('center_axis',(0.5,0.866025403784439,0.));
#610=DIRECTION('ref_axis',(-0.866025403784439,0.5,0.));
#611=DIRECTION('',(-0.866025403784439,0.5,0.));
#612=DIRECTION('',(0.,0.,1.));
#613=DIRECTION('center_axis',(1.,0.,0.));
#614=DIRECTION('ref_axis',(0.,1.,0.));
#615=DIRECTION('',(0.,1.,0.));
#616=DIRECTION('',(0.,0.,1.));
#617=DIRECTION('center_axis',(0.5,-0.866025403784438,0.));
#618=DIRECTION('ref_axis',(0.866025403784438,0.5,0.));
#619=DIRECTION('',(0.866025403784438,0.5,0.));
#620=DIRECTION('',(0.,0.,1.));
#621=DIRECTION('center_axis',(-0.500000000000001,-0.866025403784438,0.));
#622=DIRECTION('ref_axis',(0.866025403784438,-0.500000000000001,0.));
#623=DIRECTION('',(0.866025403784438,-0.500000000000001,0.));
#624=DIRECTION('center_axis',(0.,0.,1.));
#625=DIRECTION('ref_axis',(1.,0.,0.));
#626=CARTESIAN_POINT('',(0.,0.,0.));
#627=CARTESIAN_POINT('Origin',(200.,0.,10.));
#628=CARTESIAN_POINT('',(204.262904932467,0.0001079115891503,0.0796816705890553));
#629=CARTESIAN_POINT('',(204.263,-5.22066930476517E-16,0.));
#630=CARTESIAN_POINT('',(204.263,-5.22066930476517E-16,10.));
#631=CARTESIAN_POINT('',(204.028063076807,-1.39673895434338,6.37094337045554E-15));
#632=CARTESIAN_POINT('Origin',(200.,0.,0.));
#633=CARTESIAN_POINT('Ctrl Pts',(204.028063932791,-1.39673935418452,4.70110061989715E-15));
#634=CARTESIAN_POINT('Ctrl Pts',(204.183196571638,-0.948665278596665,0.0265605568630216));
#635=CARTESIAN_POINT('Ctrl Pts',(204.262453510456,-0.474204875321965,0.0531211137260384));
#636=CARTESIAN_POINT('Ctrl Pts',(204.262904932467,0.0001079115891503,0.0796816705890553));
#637=CARTESIAN_POINT('Origin',(200.,0.,10.));
#638=CARTESIAN_POINT('',(204.262836001799,-0.00010008291291802,1.57968167058906));
#639=CARTESIAN_POINT('',(204.26313310022,0.00010173170512138,1.17031832941096));
#640=CARTESIAN_POINT('',(204.263,-5.22066930476517E-16,10.));
#641=CARTESIAN_POINT('',(200.804389495495,4.18642168677956,0.));
#642=CARTESIAN_POINT('Ctrl Pts',(204.26313310022,0.00010173170512138,1.17031832941096));
#643=CARTESIAN_POINT('Ctrl Pts',(204.262544199722,-0.584516213172126,1.13757579318831));
#644=CARTESIAN_POINT('Ctrl Pts',(204.14132991843,-1.16937080590012,1.10483325696566));
#645=CARTESIAN_POINT('Ctrl Pts',(203.907554466178,-1.70510811548599,1.07209072074301));
#646=CARTESIAN_POINT('Ctrl Pts',(203.624053618282,-2.35479986050737,1.03238365701178));
#647=CARTESIAN_POINT('Ctrl Pts',(203.175014080055,-2.9322570094012,0.992676593280562));
#648=CARTESIAN_POINT('Ctrl Pts',(202.61518612103,-3.367072351562,0.95296952954934));
#649=CARTESIAN_POINT('Ctrl Pts',(202.055358162006,-3.8018876937228,0.913262465818117));
#650=CARTESIAN_POINT('Ctrl Pts',(201.384741782183,-4.09406122915056,0.873555402086895));
#651=CARTESIAN_POINT('Ctrl Pts',(200.685100856178,-4.20797000565086,0.833848338355673));
#652=CARTESIAN_POINT('Ctrl Pts',(199.985459930173,-4.32187878215116,0.79414127462445));
#653=CARTESIAN_POINT('Ctrl Pts',(199.256794457987,-4.25752279972399,0.754434210893228));
#654=CARTESIAN_POINT('Ctrl Pts',(198.587951056488,-4.02274754632029,0.714727147162006));
#655=CARTESIAN_POINT('Ctrl Pts',(197.919107654988,-3.78797229291659,0.675020083430783));
#656=CARTESIAN_POINT('Ctrl Pts',(197.310086324176,-3.38277776853635,0.635313019699561));
#657=CARTESIAN_POINT('Ctrl Pts',(196.835135003729,-2.85657032924301,0.595605955968338));
#658=CARTESIAN_POINT('Ctrl Pts',(196.360183683283,-2.33036288994968,0.555898892237116));
#659=CARTESIAN_POINT('Ctrl Pts',(196.019302373201,-1.68314253574324,0.516191828505894));
#660=CARTESIAN_POINT('Ctrl Pts',(195.854069417097,-0.993816958920877,0.476484764774671));
#661=CARTESIAN_POINT('Ctrl Pts',(195.688836460993,-0.304491382098518,0.436777701043449));
#662=CARTESIAN_POINT('Ctrl Pts',(195.699251858866,0.42693941733976,0.397070637312226));
#663=CARTESIAN_POINT('Ctrl Pts',(195.884010293664,1.11128149197838,0.357363573581004));
#664=CARTESIAN_POINT('Ctrl Pts',(196.068768728462,1.79562356661701,0.317656509849781));
#665=CARTESIAN_POINT('Ctrl Pts',(196.427870200185,2.43287691645598,0.277949446118559));
#666=CARTESIAN_POINT('Ctrl Pts',(196.917605412168,2.94536383487187,0.238242382387337));
#667=CARTESIAN_POINT('Ctrl Pts',(197.407340624151,3.45785075328777,0.198535318656114));
#668=CARTESIAN_POINT('Ctrl Pts',(198.027709576393,3.84557124028057,0.158828254924892));
#669=CARTESIAN_POINT('Ctrl Pts',(198.702895608372,4.06116140580342,0.119121191193669));
#670=CARTESIAN_POINT('Ctrl Pts',(199.37808164035,4.27675157132627,0.0794141274624467));
#671=CARTESIAN_POINT('Ctrl Pts',(200.108084752065,4.32021141537916,0.0397070637312225));
#672=CARTESIAN_POINT('Ctrl Pts',(200.804389495495,4.18642168677956,6.93889390390723E-17));
#673=CARTESIAN_POINT('Origin',(200.,0.,0.));
#674=CARTESIAN_POINT('Ctrl Pts',(204.262904932467,0.0001079115891503,0.0796816705890553));
#675=CARTESIAN_POINT('Ctrl Pts',(204.263093357889,0.198088039350769,0.090768157367969));
#676=CARTESIAN_POINT('Ctrl Pts',(204.249551795362,0.396042448470148,0.101854644146883));
#677=CARTESIAN_POINT('Ctrl Pts',(204.222067180547,0.592041517529368,0.112941130925797));
#678=CARTESIAN_POINT('Ctrl Pts',(204.123629021204,1.29402652699123,0.152648194657018));
#679=CARTESIAN_POINT('Ctrl Pts',(203.846334037697,1.97092908634777,0.19235525838824));
#680=CARTESIAN_POINT('Ctrl Pts',(203.423983944808,2.54021926988449,0.232062322119462));
#681=CARTESIAN_POINT('Ctrl Pts',(203.001633851919,3.10950945342121,0.271769385850683));
#682=CARTESIAN_POINT('Ctrl Pts',(202.434228649647,3.57118726113811,0.311476449581905));
#683=CARTESIAN_POINT('Ctrl Pts',(201.790953221352,3.868961264103,0.351183513313127));
#684=CARTESIAN_POINT('Ctrl Pts',(201.147677793057,4.1667352670679,0.390890577044348));
#685=CARTESIAN_POINT('Ctrl Pts',(200.428532138739,4.30060546528078,0.43059764077557));
#686=CARTESIAN_POINT('Ctrl Pts',(199.72119706944,4.25425005703682,0.470304704506792));
#687=CARTESIAN_POINT('Ctrl Pts',(199.013862000141,4.20789464879287,0.510011768238014));
#688=CARTESIAN_POINT('Ctrl Pts',(198.318337515861,3.98131363409206,0.549718831969237));
#689=CARTESIAN_POINT('Ctrl Pts',(197.719426789333,3.60213289262134,0.589425895700459));
#690=CARTESIAN_POINT('Ctrl Pts',(197.120516062806,3.22295215115063,0.62913295943168));
#691=CARTESIAN_POINT('Ctrl Pts',(196.618219094031,2.69117168291001,0.668840023162901));
#692=CARTESIAN_POINT('Ctrl Pts',(196.273778521175,2.071629370529,0.708547086894122));
#693=CARTESIAN_POINT('Ctrl Pts',(195.929337948318,1.45208705814797,0.748254150625345));
#694=CARTESIAN_POINT('Ctrl Pts',(195.742753771379,0.744782901626565,0.787961214356566));
#695=CARTESIAN_POINT('Ctrl Pts',(195.736775587312,0.0359555220019023,0.827668278087788));
#696=CARTESIAN_POINT('Ctrl Pts',(195.730797403245,-0.672871857622741,0.867375341819009));
#697=CARTESIAN_POINT('Ctrl Pts',(195.90542521205,-1.38322246035062,0.90708240555023));
#698=CARTESIAN_POINT('Ctrl Pts',(196.239367293978,-2.0084861608979,0.946789469281451));
#699=CARTESIAN_POINT('Ctrl Pts',(196.573309375907,-2.63374986144519,0.986496533012672));
#700=CARTESIAN_POINT('Ctrl Pts',(197.066565730959,-3.17392665981189,1.02620359674389));
#701=CARTESIAN_POINT('Ctrl Pts',(197.658995690439,-3.56315504686934,1.06591066047511));
#702=CARTESIAN_POINT('Ctrl Pts',(198.251425649919,-3.9523834339268,1.10561772420634));
#703=CARTESIAN_POINT('Ctrl Pts',(198.943029213827,-4.190663409675,1.14532478793756));
#704=CARTESIAN_POINT('Ctrl Pts',(199.649482009774,-4.24894247984405,1.18503185166878));
#705=CARTESIAN_POINT('Ctrl Pts',(200.355934805722,-4.3072215500131,1.2247389154));
#706=CARTESIAN_POINT('Ctrl Pts',(201.077236833709,-4.18549971460299,1.26444597913122));
#707=CARTESIAN_POINT('Ctrl Pts',(201.725442734049,-3.89861801455771,1.30415304286244));
#708=CARTESIAN_POINT('Ctrl Pts',(202.37364863439,-3.61173631451242,1.34386010659367));
#709=CARTESIAN_POINT('Ctrl Pts',(202.948758407085,-3.15969474983194,1.38356717032489));
#710=CARTESIAN_POINT('Ctrl Pts',(203.380651297492,-2.59760887423749,1.42327423405611));
#711=CARTESIAN_POINT('Ctrl Pts',(203.812544187899,-2.03552299864305,1.46298129778733));
#712=CARTESIAN_POINT('Ctrl Pts',(204.101220196018,-1.36339281213464,1.50268836151855));
#713=CARTESIAN_POINT('Ctrl Pts',(204.211482254083,-0.663168363351538,1.54239542524978));
#714=CARTESIAN_POINT('Ctrl Pts',(204.245995493142,-0.44399039570142,1.5548241736962));
#715=CARTESIAN_POINT('Ctrl Pts',(204.26302846532,-0.222059867490732,1.56725292214263));
#716=CARTESIAN_POINT('Ctrl Pts',(204.262836001799,-0.00010008291291802,
1.57968167058906));
#717=CARTESIAN_POINT('Origin',(200.,0.,10.));
#718=CARTESIAN_POINT('',(204.263290956192,6.60065171197502E-5,3.07968167058906));
#719=CARTESIAN_POINT('',(204.262684401198,-5.29295278111824E-5,2.67031832941096));
#720=CARTESIAN_POINT('',(204.263,-5.22066930476517E-16,10.));
#721=CARTESIAN_POINT('Ctrl Pts',(204.262684401198,-5.29295278111824E-5,
2.67031832941096));
#722=CARTESIAN_POINT('Ctrl Pts',(204.26281354476,-0.295655168692533,2.65376762169419));
#723=CARTESIAN_POINT('Ctrl Pts',(204.232507494229,-0.591231301558538,2.63721691397742));
#724=CARTESIAN_POINT('Ctrl Pts',(204.171498254177,-0.880328017124705,2.62066620626066));
#725=CARTESIAN_POINT('Ctrl Pts',(204.025130024831,-1.57390450375685,2.58095914252943));
#726=CARTESIAN_POINT('Ctrl Pts',(203.702041714906,-2.23018704258712,2.54125207879821));
#727=CARTESIAN_POINT('Ctrl Pts',(203.241626143063,-2.76915782341866,2.50154501506699));
#728=CARTESIAN_POINT('Ctrl Pts',(202.781210571221,-3.30812860425019,2.46183795133577));
#729=CARTESIAN_POINT('Ctrl Pts',(202.183467737461,-3.729787627083,2.42213088760455));
#730=CARTESIAN_POINT('Ctrl Pts',(201.521277948421,-3.98272375466869,2.38242382387332));
#731=CARTESIAN_POINT('Ctrl Pts',(200.859088159382,-4.23565988225438,2.3427167601421));
#732=CARTESIAN_POINT('Ctrl Pts',(200.132451415064,-4.31987311459296,2.30300969641088));
#733=CARTESIAN_POINT('Ctrl Pts',(199.429963522236,-4.22509568131257,2.26330263267966));
#734=CARTESIAN_POINT('Ctrl Pts',(198.727475629409,-4.13031824803218,2.22359556894844));
#735=CARTESIAN_POINT('Ctrl Pts',(198.049136588073,-3.85655014913282,2.18388850521721));
#736=CARTESIAN_POINT('Ctrl Pts',(197.47765346671,-3.43717079425589,2.14418144148599));
#737=CARTESIAN_POINT('Ctrl Pts',(196.906170345348,-3.01779143937897,2.10447437775477));
#738=CARTESIAN_POINT('Ctrl Pts',(196.441543143959,-2.45280082852447,2.06476731402355));
#739=CARTESIAN_POINT('Ctrl Pts',(196.140421930998,-1.8110859256984,2.02506025029233));
#740=CARTESIAN_POINT('Ctrl Pts',(195.839300718036,-1.16937102287232,1.98535318656111));
#741=CARTESIAN_POINT('Ctrl Pts',(195.701685493502,-0.45093182807466,1.94564612282988));
#742=CARTESIAN_POINT('Ctrl Pts',(195.744355112966,0.256635345544665,1.90593905909866));
#743=CARTESIAN_POINT('Ctrl Pts',(195.787024732429,0.964202519163989,1.86623199536744));
#744=CARTESIAN_POINT('Ctrl Pts',(196.009979195891,1.66089767160498,1.82652493163622));
#745=CARTESIAN_POINT('Ctrl Pts',(196.386034586241,2.26177564900823,1.786817867905));
#746=CARTESIAN_POINT('Ctrl Pts',(196.762089976591,2.86265362641148,1.74711080417378));
#747=CARTESIAN_POINT('Ctrl Pts',(197.291246293831,3.367714428777,1.70740374044255));
#748=CARTESIAN_POINT('Ctrl Pts',(197.908985708343,3.71537808802272,1.66769667671133));
#749=CARTESIAN_POINT('Ctrl Pts',(198.526725122856,4.06304174726845,1.62798961298011));
#750=CARTESIAN_POINT('Ctrl Pts',(199.233047634643,4.25330826339438,1.58828254924889));
#751=CARTESIAN_POINT('Ctrl Pts',(199.941834251334,4.26297922320354,1.54857548551767));
#752=CARTESIAN_POINT('Ctrl Pts',(200.650620868025,4.2726501830127,1.50886842178645));
#753=CARTESIAN_POINT('Ctrl Pts',(201.361871589621,4.10172558650509,1.46916135805522));
#754=CARTESIAN_POINT('Ctrl Pts',(201.988866596997,3.77104557302941,1.429454294324));
#755=CARTESIAN_POINT('Ctrl Pts',(202.615861604372,3.44036555955372,1.38974723059278));
#756=CARTESIAN_POINT('Ctrl Pts',(203.158600897527,2.94993012910996,1.35004016686156));
#757=CARTESIAN_POINT('Ctrl Pts',(203.550910450524,2.35953601608258,1.31033310313034));
#758=CARTESIAN_POINT('Ctrl Pts',(203.943220003521,1.7691419030552,1.27062603939912));
#759=CARTESIAN_POINT('Ctrl Pts',(204.185099816362,1.07878910744417,1.23091897566789));
#760=CARTESIAN_POINT('Ctrl Pts',(204.247058644,0.372649539064204,1.19121191193667));
#761=CARTESIAN_POINT('Ctrl Pts',(204.257926079638,0.248794285445811,1.1842473844281));
#762=CARTESIAN_POINT('Ctrl Pts',(204.263258362774,0.124453361994676,1.17728285691953));
#763=CARTESIAN_POINT('Ctrl Pts',(204.26313310022,0.00010173170512138,1.17031832941096));
#764=CARTESIAN_POINT('Ctrl Pts',(204.262836001799,-0.00010008291291802,
1.57968167058906));
#765=CARTESIAN_POINT('Ctrl Pts',(204.262413587536,0.487051862462533,1.60695998587385));
#766=CARTESIAN_POINT('Ctrl Pts',(204.179015552764,0.974344736941813,1.63423830115865));
#767=CARTESIAN_POINT('Ctrl Pts',(204.015336055143,1.43298688786136,1.66151661644344));
#768=CARTESIAN_POINT('Ctrl Pts',(203.777079690126,2.10059897923337,1.70122368017466));
#769=CARTESIAN_POINT('Ctrl Pts',(203.368718852081,2.7075044509196,1.74093074390588));
#770=CARTESIAN_POINT('Ctrl Pts',(202.84004328601,3.17970583379057,1.78063780763711));
#771=CARTESIAN_POINT('Ctrl Pts',(202.311367719938,3.65190721666155,1.82034487136833));
#772=CARTESIAN_POINT('Ctrl Pts',(201.66237742584,3.98940451071727,1.86005193509955));
#773=CARTESIAN_POINT('Ctrl Pts',(200.972201100586,4.15104806958433,1.89975899883077));
#774=CARTESIAN_POINT('Ctrl Pts',(200.282024775332,4.31269162845139,1.93946606256199));
#775=CARTESIAN_POINT('Ctrl Pts',(199.550662418924,4.29848145212979,1.97917312629322));
#776=CARTESIAN_POINT('Ctrl Pts',(198.867286012653,4.11015012850948,2.01888019002444));
#777=CARTESIAN_POINT('Ctrl Pts',(198.183909606383,3.92181880488918,2.05858725375566));
#778=CARTESIAN_POINT('Ctrl Pts',(197.548519150252,3.55936633397018,2.09829431748688));
#779=CARTESIAN_POINT('Ctrl Pts',(197.038585169371,3.06698504347316,2.1380013812181));
#780=CARTESIAN_POINT('Ctrl Pts',(196.528651188489,2.57460375297614,2.17770844494932));
#781=CARTESIAN_POINT('Ctrl Pts',(196.144173682858,1.9522936429011,2.21741550868055));
#782=CARTESIAN_POINT('Ctrl Pts',(195.932030401412,1.27593040600163,2.25712257241177));
#783=CARTESIAN_POINT('Ctrl Pts',(195.719887119965,0.599567169102164,2.29682963614299));
#784=CARTESIAN_POINT('Ctrl Pts',(195.680078062702,-0.130849194621738,2.33653669987421));
#785=CARTESIAN_POINT('Ctrl Pts',(195.817456982993,-0.826262044914509,2.37624376360543));
#786=CARTESIAN_POINT('Ctrl Pts',(195.954835903284,-1.52167489520729,2.41595082733665));
#787=CARTESIAN_POINT('Ctrl Pts',(196.269402801128,-2.18208423206894,2.45565789106787));
#788=CARTESIAN_POINT('Ctrl Pts',(196.722803838295,-2.7269690819105,2.4953649547991));
#789=CARTESIAN_POINT('Ctrl Pts',(197.176204875463,-3.27185393175205,2.53507201853032));
#790=CARTESIAN_POINT('Ctrl Pts',(197.768440051954,-3.7012142945735,2.57477908226154));
#791=CARTESIAN_POINT('Ctrl Pts',(198.427300587026,-3.96270004068127,2.61448614599276));
#792=CARTESIAN_POINT('Ctrl Pts',(199.086161122097,-4.22418578678905,2.65419320972398));
#793=CARTESIAN_POINT('Ctrl Pts',(199.811647015749,-4.31779691618314,2.69390027345521));
#794=CARTESIAN_POINT('Ctrl Pts',(200.515302779512,-4.23211981179789,2.73360733718643));
#795=CARTESIAN_POINT('Ctrl Pts',(201.218958543274,-4.14644270741263,2.77331440091765));
#796=CARTESIAN_POINT('Ctrl Pts',(201.900784177147,-3.88147736924802,2.81302146464887));
#797=CARTESIAN_POINT('Ctrl Pts',(202.477647507199,-3.46952992292293,2.85272852838009));
#798=CARTESIAN_POINT('Ctrl Pts',(203.05451083725,-3.05758247659783,2.89243559211131));
#799=CARTESIAN_POINT('Ctrl Pts',(203.526411863481,-2.49865292211226,2.93214265584254));
#800=CARTESIAN_POINT('Ctrl Pts',(203.835813649403,-1.86088922374125,2.97184971957376));
#801=CARTESIAN_POINT('Ctrl Pts',(204.115893103691,-1.28356705970855,3.00779370324552));
#802=CARTESIAN_POINT('Ctrl Pts',(204.262814269099,-0.641645087792319,3.04373768691729));
#803=CARTESIAN_POINT('Ctrl Pts',(204.263290956192,6.60065171197502E-5,3.07968167058906));
#804=CARTESIAN_POINT('Origin',(200.,0.,10.));
#805=CARTESIAN_POINT('',(204.262644095932,-1.69108032688214E-6,4.57968167058906));
#806=CARTESIAN_POINT('',(204.263375529995,-6.82285859174831E-6,4.17031832941096));
#807=CARTESIAN_POINT('',(204.263,-5.22066930476517E-16,10.));
#808=CARTESIAN_POINT('Ctrl Pts',(204.263375100341,-6.81505237412496E-6,
4.17031832941096));
#809=CARTESIAN_POINT('Ctrl Pts',(204.263375698951,-0.00641354968417574,
4.16995945020008));
#810=CARTESIAN_POINT('Ctrl Pts',(204.263361559724,-0.0128202816620181,4.16960057098919));
#811=CARTESIAN_POINT('Ctrl Pts',(204.26333266669,-0.0192269471025529,4.1692416917783));
#812=CARTESIAN_POINT('Ctrl Pts',(204.260135887593,-0.728072333613194,4.12953462804708));
#813=CARTESIAN_POINT('Ctrl Pts',(204.076328582846,-1.43610319559705,4.08982756431586));
#814=CARTESIAN_POINT('Ctrl Pts',(203.734321615386,-2.05699226425817,4.05012050058464));
#815=CARTESIAN_POINT('Ctrl Pts',(203.392314647926,-2.67788133291929,4.01041343685341));
#816=CARTESIAN_POINT('Ctrl Pts',(202.892108017754,-3.21162860825767,3.97070637312219));
#817=CARTESIAN_POINT('Ctrl Pts',(202.29468984634,-3.59315649693488,3.93099930939097));
#818=CARTESIAN_POINT('Ctrl Pts',(201.697271674926,-3.97468438561208,3.89129224565975));
#819=CARTESIAN_POINT('Ctrl Pts',(201.002641962271,-4.20399288762811,3.85158518192853));
#820=CARTESIAN_POINT('Ctrl Pts',(200.29549403057,-4.25312336762734,3.81187811819731));
#821=CARTESIAN_POINT('Ctrl Pts',(199.588346098869,-4.30225384762656,3.77217105446608));
#822=CARTESIAN_POINT('Ctrl Pts',(198.868679948122,-4.17120630560899,3.73246399073486));
#823=CARTESIAN_POINT('Ctrl Pts',(198.224241489665,-3.87595882528851,3.69275692700364));
#824=CARTESIAN_POINT('Ctrl Pts',(197.579803031208,-3.58071134496803,3.65304986327242));
#825=CARTESIAN_POINT('Ctrl Pts',(197.010592265041,-3.12126392634465,3.6133427995412));
#826=CARTESIAN_POINT('Ctrl Pts',(196.586010700972,-2.55363508913935,3.57363573580997));
#827=CARTESIAN_POINT('Ctrl Pts',(196.161429136904,-1.98600625193405,3.53392867207875));
#828=CARTESIAN_POINT('Ctrl Pts',(195.881476774933,-1.31019599614682,3.49422160834753));
#829=CARTESIAN_POINT('Ctrl Pts',(195.780287046384,-0.608603065588013,3.45451454461631));
#830=CARTESIAN_POINT('Ctrl Pts',(195.679097317834,0.0929898649707939,3.41480748088509));
#831=CARTESIAN_POINT('Ctrl Pts',(195.756670222706,0.82036547030118,3.37510041715387));
#832=CARTESIAN_POINT('Ctrl Pts',(196.003547618183,1.48483785721905,3.33539335342264));
#833=CARTESIAN_POINT('Ctrl Pts',(196.250425013661,2.14931024413692,3.29568628969142));
#834=CARTESIAN_POINT('Ctrl Pts',(196.666606899744,2.75087941264227,3.2559792259602));
#835=CARTESIAN_POINT('Ctrl Pts',(197.201349943795,3.21619852702869,3.21627216222898));
#836=CARTESIAN_POINT('Ctrl Pts',(197.736092987845,3.68151764141512,3.17656509849776));
#837=CARTESIAN_POINT('Ctrl Pts',(198.389397189863,4.01058670168261,3.13685803476654));
#838=CARTESIAN_POINT('Ctrl Pts',(199.081607875906,4.16328368103366,3.09715097103532));
#839=CARTESIAN_POINT('Ctrl Pts',(199.773818561948,4.31598066038472,3.05744390730409));
#840=CARTESIAN_POINT('Ctrl Pts',(200.504935732015,4.29230555881934,3.01773684357287));
#841=CARTESIAN_POINT('Ctrl Pts',(201.185817299438,4.09514498335705,2.97802977984165));
#842=CARTESIAN_POINT('Ctrl Pts',(201.866698866862,3.89798440789475,2.93832271611043));
#843=CARTESIAN_POINT('Ctrl Pts',(202.497344831641,3.52733835853555,2.89861565237921));
#844=CARTESIAN_POINT('Ctrl Pts',(203.000863144804,3.02839817205581,2.85890858864798));
#845=CARTESIAN_POINT('Ctrl Pts',(203.504381457967,2.52945798557607,2.81920152491676));
#846=CARTESIAN_POINT('Ctrl Pts',(203.880772119512,1.90222366197576,2.77949446118554));
#847=CARTESIAN_POINT('Ctrl Pts',(204.084143375901,1.2231712829586,2.73978739745432));
#848=CARTESIAN_POINT('Ctrl Pts',(204.202745376994,0.827161677528679,2.71663104143987));
#849=CARTESIAN_POINT('Ctrl Pts',(204.262503714406,0.413528822135407,2.69347468542542));
#850=CARTESIAN_POINT('Ctrl Pts',(204.262684401198,-5.29295278111824E-5,
2.67031832941096));
#851=CARTESIAN_POINT('Ctrl Pts',(204.263290956192,6.60065171197502E-5,3.07968167058906));
#852=CARTESIAN_POINT('Ctrl Pts',(204.263340861948,0.0672486050008676,3.08344475064851));
#853=CARTESIAN_POINT('Ctrl Pts',(204.261785647724,0.13442889213861,3.08720783070797));
#854=CARTESIAN_POINT('Ctrl Pts',(204.258610067652,0.201532497830577,3.09097091076742));
#855=CARTESIAN_POINT('Ctrl Pts',(204.225102154362,0.90959267877496,3.13067797449864));
#856=CARTESIAN_POINT('Ctrl Pts',(204.011183782168,1.60911519840729,3.17038503822987));
#857=CARTESIAN_POINT('Ctrl Pts',(203.642937131676,2.21481017485443,3.21009210196109));
#858=CARTESIAN_POINT('Ctrl Pts',(203.274690481184,2.82050515130157,3.24979916569231));
#859=CARTESIAN_POINT('Ctrl Pts',(202.752115552393,3.33237258456353,3.28950622942353));
#860=CARTESIAN_POINT('Ctrl Pts',(202.138927740728,3.6880025997723,3.32921329315475));
#861=CARTESIAN_POINT('Ctrl Pts',(201.525739929063,4.04363261498107,3.36892035688598));
#862=CARTESIAN_POINT('Ctrl Pts',(200.821939234524,4.24302521213664,3.4086274206172));
#863=CARTESIAN_POINT('Ctrl Pts',(200.11333715912,4.26186927818621,3.44833448434842));
#864=CARTESIAN_POINT('Ctrl Pts',(199.404735083716,4.28071334423577,3.48804154807964));
#865=CARTESIAN_POINT('Ctrl Pts',(198.691331627448,4.11900887917933,3.52774861181086));
#866=CARTESIAN_POINT('Ctrl Pts',(198.060109117267,3.79647183830916,3.56745567554208));
#867=CARTESIAN_POINT('Ctrl Pts',(197.428886607086,3.47393479743899,3.60716273927331));
#868=CARTESIAN_POINT('Ctrl Pts',(196.879845042994,2.99056518075511,3.64686980300453));
#869=CARTESIAN_POINT('Ctrl Pts',(196.479926787572,2.40529824245016,3.68657686673575));
#870=CARTESIAN_POINT('Ctrl Pts',(196.080008532151,1.82003130414521,3.72628393046697));
#871=CARTESIAN_POINT('Ctrl Pts',(195.829213585402,1.13286704421921,3.76599099419819));
#872=CARTESIAN_POINT('Ctrl Pts',(195.758120335842,0.427588553154099,3.80569805792941));
#873=CARTESIAN_POINT('Ctrl Pts',(195.687027086283,-0.27768993791101,3.84540512166064));
#874=CARTESIAN_POINT('Ctrl Pts',(195.795635533913,-1.00108266011522,3.88511218539186));
#875=CARTESIAN_POINT('Ctrl Pts',(196.070703500807,-1.6543893367082,3.92481924912308));
#876=CARTESIAN_POINT('Ctrl Pts',(196.345771467701,-2.30769601330117,3.9645263128543));
#877=CARTESIAN_POINT('Ctrl Pts',(196.787298953857,-2.8909166442829,4.00423337658552));
#878=CARTESIAN_POINT('Ctrl Pts',(197.341452342659,-3.33294155508774,4.04394044031674));
#879=CARTESIAN_POINT('Ctrl Pts',(197.89560573146,-3.77496646589257,4.08364750404797));
#880=CARTESIAN_POINT('Ctrl Pts',(198.562385022906,-4.07579565652052,4.12335456777919));
#881=CARTESIAN_POINT('Ctrl Pts',(199.260492581242,-4.19875027044794,4.16306163151041));
#882=CARTESIAN_POINT('Ctrl Pts',(199.958600139578,-4.32170488437536,4.20276869524163));
#883=CARTESIAN_POINT('Ctrl Pts',(200.688035964804,-4.26678492160226,4.24247575897285));
#884=CARTESIAN_POINT('Ctrl Pts',(201.359862969663,-4.04068654559147,4.28218282270408));
#885=CARTESIAN_POINT('Ctrl Pts',(202.031689974522,-3.81458816958068,4.3218898864353));
#886=CARTESIAN_POINT('Ctrl Pts',(202.645908159012,-3.4173113803322,4.36159695016652));
#887=CARTESIAN_POINT('Ctrl Pts',(203.12762844533,-2.89729449037348,4.40130401389774));
#888=CARTESIAN_POINT('Ctrl Pts',(203.609348731647,-2.37727760041476,4.44101107762896));
#889=CARTESIAN_POINT('Ctrl Pts',(203.958571119791,-1.7345206097458,4.48071814136018));
#890=CARTESIAN_POINT('Ctrl Pts',(204.132716371215,-1.04739221453965,4.52042520509141));
#891=CARTESIAN_POINT('Ctrl Pts',(204.219344384074,-0.705582334744253,4.54017736025729));
#892=CARTESIAN_POINT('Ctrl Pts',(204.262648963594,-0.352792599882334,4.55992951542317));
#893=CARTESIAN_POINT('Ctrl Pts',(204.262644095932,-1.69108032688214E-6,
4.57968167058906));
#894=CARTESIAN_POINT('Origin',(200.,0.,10.));
#895=CARTESIAN_POINT('',(204.26329903981,-6.29590872691654E-5,6.07968167058906));
#896=CARTESIAN_POINT('',(204.262703422778,6.31766258026673E-5,5.67031832941097));
#897=CARTESIAN_POINT('',(204.263,-5.22066930476517E-16,10.));
#898=CARTESIAN_POINT('Ctrl Pts',(204.262703422778,6.31766258026673E-5,5.67031832941097));
#899=CARTESIAN_POINT('Ctrl Pts',(204.262479816819,-0.426332580671643,5.64644421497474));
#900=CARTESIAN_POINT('Ctrl Pts',(204.198900613604,-0.852793551322612,5.62257010053851));
#901=CARTESIAN_POINT('Ctrl Pts',(204.072944858769,-1.25995844367501,5.59869598610228));
#902=CARTESIAN_POINT('Ctrl Pts',(203.863457164559,-1.93714889498739,5.55898892237106));
#903=CARTESIAN_POINT('Ctrl Pts',(203.481424475764,-2.56096285082056,5.51928185863984));
#904=CARTESIAN_POINT('Ctrl Pts',(202.973426454918,-3.05534126073568,5.47957479490861));
#905=CARTESIAN_POINT('Ctrl Pts',(202.465428434072,-3.54971967065079,5.43986773117739));
#906=CARTESIAN_POINT('Ctrl Pts',(201.831465081174,-3.91466253464785,5.40016066744617));
#907=CARTESIAN_POINT('Ctrl Pts',(201.148832920586,-4.10567388170779,5.36045360371495));
#908=CARTESIAN_POINT('Ctrl Pts',(200.466200759999,-4.29668522876772,5.32074653998373));
#909=CARTESIAN_POINT('Ctrl Pts',(199.734899791722,-4.31376505889054,5.28103947625251));
#910=CARTESIAN_POINT('Ctrl Pts',(199.044094512176,-4.1548308991712,5.24133241252128));
#911=CARTESIAN_POINT('Ctrl Pts',(198.35328923263,-3.99589673945187,5.20162534879006));
#912=CARTESIAN_POINT('Ctrl Pts',(197.702979641816,-3.66094858989039,5.16191828505884));
#913=CARTESIAN_POINT('Ctrl Pts',(197.172455293142,-3.19082529027813,5.12221122132762));
#914=CARTESIAN_POINT('Ctrl Pts',(196.641930944468,-2.72070199066586,5.0825041575964));
#915=CARTESIAN_POINT('Ctrl Pts',(196.231191837935,-2.11540354100283,5.04279709386517));
#916=CARTESIAN_POINT('Ctrl Pts',(195.990317690627,-1.44873147279207,5.00309003013395));
#917=CARTESIAN_POINT('Ctrl Pts',(195.749443543318,-0.782059404581304,4.96338296640273));
#918=CARTESIAN_POINT('Ctrl Pts',(195.678434355234,-0.0540137178228213,4.92367590267151));
#919=CARTESIAN_POINT('Ctrl Pts',(195.785947982403,0.646637994047645,4.88396883894029));
#920=CARTESIAN_POINT('Ctrl Pts',(195.893461609572,1.3472897059181,4.84426177520907));
#921=CARTESIAN_POINT('Ctrl Pts',(196.179498051993,2.02054744290054,4.80455471147785));
#922=CARTESIAN_POINT('Ctrl Pts',(196.609182071629,2.58432367922442,4.76484764774662));
#923=CARTESIAN_POINT('Ctrl Pts',(197.038866091265,3.14809991554831,4.7251405840154));
#924=CARTESIAN_POINT('Ctrl Pts',(197.612197688115,3.60239465121364,4.68543352028418));
#925=CARTESIAN_POINT('Ctrl Pts',(198.259272916564,3.89181761177886,4.64572645655296));
#926=CARTESIAN_POINT('Ctrl Pts',(198.906348145012,4.18124057234408,4.60601939282174));
#927=CARTESIAN_POINT('Ctrl Pts',(199.627167005059,4.30579175780919,4.56631232909052));
#928=CARTESIAN_POINT('Ctrl Pts',(200.3338430403,4.25028515829269,4.5266052653593));
#929=CARTESIAN_POINT('Ctrl Pts',(201.040519075542,4.19477855877618,4.48689820162807));
#930=CARTESIAN_POINT('Ctrl Pts',(201.733052285977,3.95921417427805,4.44719113789685));
#931=CARTESIAN_POINT('Ctrl Pts',(202.327004967239,3.57231339397949,4.40748407416563));
#932=CARTESIAN_POINT('Ctrl Pts',(202.920957648501,3.18541261368093,4.36777701043441));
#933=CARTESIAN_POINT('Ctrl Pts',(203.41632980059,2.64717543758193,4.32806994670319));
#934=CARTESIAN_POINT('Ctrl Pts',(203.752722749911,2.02322689401372,4.28836288297197));
#935=CARTESIAN_POINT('Ctrl Pts',(204.086075322411,1.40491770374712,4.24901469845163));
#936=CARTESIAN_POINT('Ctrl Pts',(204.263309467639,0.702439492276986,4.2096665139313));
#937=CARTESIAN_POINT('Ctrl Pts',(204.263375100341,-6.81505237412496E-6,
4.17031832941096));
#938=CARTESIAN_POINT('Ctrl Pts',(204.262644095932,-1.69108032688214E-6,
4.57968167058906));
#939=CARTESIAN_POINT('Ctrl Pts',(204.262639178304,0.356410572224765,4.5996365791544));
#940=CARTESIAN_POINT('Ctrl Pts',(204.218431117975,0.712824033694336,4.61959148771973));
#941=CARTESIAN_POINT('Ctrl Pts',(204.130034336238,1.05791844557283,4.63954639628507));
#942=CARTESIAN_POINT('Ctrl Pts',(203.954138935133,1.74460091073583,4.67925346001629));
#943=CARTESIAN_POINT('Ctrl Pts',(203.603280018221,2.3864660413185,4.71896052374751));
#944=CARTESIAN_POINT('Ctrl Pts',(203.120236359218,2.90525388195206,4.75866758747874));
#945=CARTESIAN_POINT('Ctrl Pts',(202.637192700215,3.42404172258562,4.79837465120996));
#946=CARTESIAN_POINT('Ctrl Pts',(202.021964299122,3.81975227327009,4.83808171494118));
#947=CARTESIAN_POINT('Ctrl Pts',(201.349563405268,4.04413818645535,4.8777887786724));
#948=CARTESIAN_POINT('Ctrl Pts',(200.677162511414,4.26852409964062,4.91749584240362));
#949=CARTESIAN_POINT('Ctrl Pts',(199.947589124798,4.32158537532668,4.95720290613484));
#950=CARTESIAN_POINT('Ctrl Pts',(199.24979710497,4.19685247206449,4.99690996986606));
#951=CARTESIAN_POINT('Ctrl Pts',(198.552005085142,4.0721195688023,5.03661703359729));
#952=CARTESIAN_POINT('Ctrl Pts',(197.885994432101,3.76959248659187,5.07632409732851));
#953=CARTESIAN_POINT('Ctrl Pts',(197.332969064706,3.32615709884112,5.11603116105973));
#954=CARTESIAN_POINT('Ctrl Pts',(196.779943697311,2.88272171109036,5.15573822479095));
#955=CARTESIAN_POINT('Ctrl Pts',(196.339903615562,2.29837801779928,5.19544528852217));
#956=CARTESIAN_POINT('Ctrl Pts',(196.066501083023,1.64437262386673,5.2351523522534));
#957=CARTESIAN_POINT('Ctrl Pts',(195.793098550483,0.990367229934178,5.27485941598462));
#958=CARTESIAN_POINT('Ctrl Pts',(195.686333567152,0.266700135360154,5.31456647971584));
#959=CARTESIAN_POINT('Ctrl Pts',(195.759223544996,-0.438394930018987,5.35427354344706));
#960=CARTESIAN_POINT('Ctrl Pts',(195.832113522839,-1.14348999539811,5.39398060717828));
#961=CARTESIAN_POINT('Ctrl Pts',(196.084658461856,-1.83001303158235,5.43368767090951));
#962=CARTESIAN_POINT('Ctrl Pts',(196.486066604223,-2.41425912984325,5.47339473464073));
#963=CARTESIAN_POINT('Ctrl Pts',(196.887474746591,-2.99850522810416,5.51310179837195));
#964=CARTESIAN_POINT('Ctrl Pts',(197.437746092309,-3.48047438844172,5.55280886210317));
#965=CARTESIAN_POINT('Ctrl Pts',(198.069788336616,-3.80140210850183,5.59251592583439));
#966=CARTESIAN_POINT('Ctrl Pts',(198.701830580924,-4.12232982856195,5.63222298956561));
#967=CARTESIAN_POINT('Ctrl Pts',(199.41564372382,-4.28221610834462,5.67193005329683));
#968=CARTESIAN_POINT('Ctrl Pts',(200.124195486961,-4.2615666763531,5.71163711702806));
#969=CARTESIAN_POINT('Ctrl Pts',(200.832747250103,-4.24091724436159,5.75134418075928));
#970=CARTESIAN_POINT('Ctrl Pts',(201.536037633488,-4.03973210059589,5.7910512444905));
#971=CARTESIAN_POINT('Ctrl Pts',(202.148317355232,-3.68254091588837,5.83075830822172));
#972=CARTESIAN_POINT('Ctrl Pts',(202.760597076977,-3.32534973118084,5.87046537195294));
#973=CARTESIAN_POINT('Ctrl Pts',(203.28186613708,-2.81215250553149,5.91017243568416));
#974=CARTESIAN_POINT('Ctrl Pts',(203.648568359274,-2.20552124988322,5.94987949941539));
#975=CARTESIAN_POINT('Ctrl Pts',(204.015270581469,-1.59888999423495,5.98958656314661));
#976=CARTESIAN_POINT('Ctrl Pts',(204.227405965756,-0.898824708587778,6.02929362687783));
#977=CARTESIAN_POINT('Ctrl Pts',(204.259109723855,-0.190681452025676,6.06900069060905));
#978=CARTESIAN_POINT('Ctrl Pts',(204.261952435569,-0.127185915500856,6.07256101726905));
#979=CARTESIAN_POINT('Ctrl Pts',(204.263344516763,-0.0636254338697406,6.07612134392906));
#980=CARTESIAN_POINT('Ctrl Pts',(204.26329903981,-6.29590872691654E-5,6.07968167058906));
#981=CARTESIAN_POINT('Origin',(200.,0.,10.));
#982=CARTESIAN_POINT('',(204.262826417095,9.8543420916225E-5,7.57968167058906));
#983=CARTESIAN_POINT('',(204.263093009651,-0.000106138198687724,7.17031832941096));
#984=CARTESIAN_POINT('',(204.263,-5.22066930476517E-16,10.));
#985=CARTESIAN_POINT('Ctrl Pts',(204.263093009651,-0.000106138198687724,
7.17031832941096));
#986=CARTESIAN_POINT('Ctrl Pts',(204.26323391108,-0.137277069281972,7.16263604348062));
#987=CARTESIAN_POINT('Ctrl Pts',(204.256743980892,-0.274434723604548,7.15495375755027));
#988=CARTESIAN_POINT('Ctrl Pts',(204.243524811454,-0.410940721919922,7.14727147161993));
#989=CARTESIAN_POINT('Ctrl Pts',(204.175199522851,-1.11649274431896,7.1075644078887));
#990=CARTESIAN_POINT('Ctrl Pts',(203.92710284254,-1.80463579922703,7.06785734415748));
#991=CARTESIAN_POINT('Ctrl Pts',(203.529484170593,-2.39146745574646,7.02815028042626));
#992=CARTESIAN_POINT('Ctrl Pts',(203.131865498646,-2.97829911226588,6.98844321669504));
#993=CARTESIAN_POINT('Ctrl Pts',(202.584724835064,-3.46381937039666,6.94873615296382));
#994=CARTESIAN_POINT('Ctrl Pts',(201.95477277351,-3.78883075714709,6.9090290892326));
#995=CARTESIAN_POINT('Ctrl Pts',(201.324820711956,-4.11384214389751,6.86932202550138));
#996=CARTESIAN_POINT('Ctrl Pts',(200.612057252429,-4.27834465926759,6.82961496177016));
#997=CARTESIAN_POINT('Ctrl Pts',(199.903386689731,-4.26228119328592,6.78990789803893));
#998=CARTESIAN_POINT('Ctrl Pts',(199.194716127033,-4.24621772730426,6.75020083430771));
#999=CARTESIAN_POINT('Ctrl Pts',(198.490138461164,-4.04958827997086,6.71049377057649));
#1000=CARTESIAN_POINT('Ctrl Pts',(197.875559927028,-3.6963670649317,6.67078670684527));
#1001=CARTESIAN_POINT('Ctrl Pts',(197.260981392893,-3.34314584989254,6.63107964311404));
#1002=CARTESIAN_POINT('Ctrl Pts',(196.73640199049,-2.8333328671476,6.59137257938282));
#1003=CARTESIAN_POINT('Ctrl Pts',(196.365781512406,-2.2290875009274,6.5516655156516));
#1004=CARTESIAN_POINT('Ctrl Pts',(195.995161034322,-1.62484213470718,6.51195845192038));
#1005=CARTESIAN_POINT('Ctrl Pts',(195.778499480556,-0.9261643850117,6.47225138818916));
#1006=CARTESIAN_POINT('Ctrl Pts',(195.742213496474,-0.218241134416516,6.43254432445794));
#1007=CARTESIAN_POINT('Ctrl Pts',(195.705927512392,0.489682116178662,6.39283726072671));
#1008=CARTESIAN_POINT('Ctrl Pts',(195.850017097996,1.20685086767353,6.35313019699549));
#1009=CARTESIAN_POINT('Ctrl Pts',(196.156914007244,1.84582370627308,6.31342313326427));
#1010=CARTESIAN_POINT('Ctrl Pts',(196.463810916492,2.48479654487263,6.27371606953305));
#1011=CARTESIAN_POINT('Ctrl Pts',(196.933515149385,3.04557347057687,6.23400900580183));
#1012=CARTESIAN_POINT('Ctrl Pts',(197.508757615344,3.45978127679393,6.19430194207061));
#1013=CARTESIAN_POINT('Ctrl Pts',(198.084000081303,3.87398908301098,6.15459487833938));
#1014=CARTESIAN_POINT('Ctrl Pts',(198.764780780329,4.14162776974086,6.11488781460816));
#1015=CARTESIAN_POINT('Ctrl Pts',(199.468094943064,4.23006526105287,6.07518075087694));
#1016=CARTESIAN_POINT('Ctrl Pts',(200.1714091058,4.31850275236488,6.03547368714572));
#1017=CARTESIAN_POINT('Ctrl Pts',(200.897256732246,4.22773904825902,5.9957666234145));
#1018=CARTESIAN_POINT('Ctrl Pts',(201.557138229351,3.96884059103599,5.95605955968328));
#1019=CARTESIAN_POINT('Ctrl Pts',(202.217019726456,3.70994213381297,5.91635249595206));
#1020=CARTESIAN_POINT('Ctrl Pts',(202.81093509422,3.28290892347278,5.87664543222083));
#1021=CARTESIAN_POINT('Ctrl Pts',(203.266470693143,2.73980734965069,5.83693836848961));
#1022=CARTESIAN_POINT('Ctrl Pts',(203.722006292066,2.1967057758286,5.79723130475839));
#1023=CARTESIAN_POINT('Ctrl Pts',(204.039162122147,1.5375358385246,5.75752424102717));
#1024=CARTESIAN_POINT('Ctrl Pts',(204.179268687375,0.842667396476796,5.71781717729595));
#1025=CARTESIAN_POINT('Ctrl Pts',(204.235135325064,0.565592846615691,5.70198422800095));
#1026=CARTESIAN_POINT('Ctrl Pts',(204.262851714846,0.282842352495326,5.68615127870596));
#1027=CARTESIAN_POINT('Ctrl Pts',(204.262703422778,6.31766258026673E-5,
5.67031832941097));
#1028=CARTESIAN_POINT('Ctrl Pts',(204.26329903981,-6.29590872691654E-5,
6.07968167058906));
#1029=CARTESIAN_POINT('Ctrl Pts',(204.262837328395,0.645264361399746,6.11582840766028));
#1030=CARTESIAN_POINT('Ctrl Pts',(204.114197549004,1.29079712840572,6.1519751447315));
#1031=CARTESIAN_POINT('Ctrl Pts',(203.831059892192,1.87065634428721,6.18812188180272));
#1032=CARTESIAN_POINT('Ctrl Pts',(203.520034170518,2.50762965656095,6.22782894553394));
#1033=CARTESIAN_POINT('Ctrl Pts',(203.046710595257,3.0653550536314,6.26753600926516));
#1034=CARTESIAN_POINT('Ctrl Pts',(202.468799548405,3.47583138914694,6.30724307299638));
#1035=CARTESIAN_POINT('Ctrl Pts',(201.890888501553,3.88630772466249,6.3469501367276));
#1036=CARTESIAN_POINT('Ctrl Pts',(201.208389983109,4.14953499862313,6.38665720045883));
#1037=CARTESIAN_POINT('Ctrl Pts',(200.504518209032,4.23341900037541,6.42636426419005));
#1038=CARTESIAN_POINT('Ctrl Pts',(199.800646434956,4.3173030021277,6.46607132792127));
#1039=CARTESIAN_POINT('Ctrl Pts',(199.075401405246,4.22184373167164,6.50577839165249));
#1040=CARTESIAN_POINT('Ctrl Pts',(198.417209240831,3.95868014225383,6.54548545538371));
#1041=CARTESIAN_POINT('Ctrl Pts',(197.759017076417,3.69551655283601,6.58519251911494));
#1042=CARTESIAN_POINT('Ctrl Pts',(197.167877777297,3.26464864445644,6.62489958284615));
#1043=CARTESIAN_POINT('Ctrl Pts',(196.715866508429,2.71861035559049,6.66460664657738));
#1044=CARTESIAN_POINT('Ctrl Pts',(196.26385523956,2.17257206672454,6.7043137103086));
#1045=CARTESIAN_POINT('Ctrl Pts',(195.950972000942,1.5113633973722,6.74402077403982));
#1046=CARTESIAN_POINT('Ctrl Pts',(195.815365349215,0.815602780421711,6.78372783777104));
#1047=CARTESIAN_POINT('Ctrl Pts',(195.679758697488,0.119842163471218,6.82343490150227));
#1048=CARTESIAN_POINT('Ctrl Pts',(195.721428632652,-0.61047040107744,6.86314196523349));
#1049=CARTESIAN_POINT('Ctrl Pts',(195.935294512202,-1.28629092877463,6.90284902896471));
#1050=CARTESIAN_POINT('Ctrl Pts',(196.149160391751,-1.96211145647182,6.94255609269593));
#1051=CARTESIAN_POINT('Ctrl Pts',(196.535222215685,-2.58343994731753,6.98226315642715));
#1052=CARTESIAN_POINT('Ctrl Pts',(197.04640906572,-3.07452039331711,7.02197022015838));
#1053=CARTESIAN_POINT('Ctrl Pts',(197.557595915754,-3.56560083931669,7.0616772838896));
#1054=CARTESIAN_POINT('Ctrl Pts',(198.19390779189,-3.92643324047012,7.10138434762082));
#1055=CARTESIAN_POINT('Ctrl Pts',(198.877761824059,-4.11302279746173,7.14109141135204));
#1056=CARTESIAN_POINT('Ctrl Pts',(199.561615856228,-4.29961235445335,7.18079847508326));
#1057=CARTESIAN_POINT('Ctrl Pts',(200.293012044432,-4.31195906728314,7.22050553881448));
#1058=CARTESIAN_POINT('Ctrl Pts',(200.982774282475,-4.14855755241549,7.26021260254571));
#1059=CARTESIAN_POINT('Ctrl Pts',(201.672536520519,-3.98515603754784,7.29991966627693));
#1060=CARTESIAN_POINT('Ctrl Pts',(202.320664808403,-3.64600629498276,7.33962673000815));
#1061=CARTESIAN_POINT('Ctrl Pts',(202.848135549948,-3.17245944735006,7.37933379373937));
#1062=CARTESIAN_POINT('Ctrl Pts',(203.375606291493,-2.69891259971737,7.41904085747059));
#1063=CARTESIAN_POINT('Ctrl Pts',(203.782419486699,-2.09096864701706,7.45874792120181));
#1064=CARTESIAN_POINT('Ctrl Pts',(204.018974088574,-1.42275167594019,7.49845498493303));
#1065=CARTESIAN_POINT('Ctrl Pts',(204.180276591465,-0.967106048862468,7.52553054681838));
#1066=CARTESIAN_POINT('Ctrl Pts',(204.262414962906,-0.483435632807389,7.55260610870372));
#1067=CARTESIAN_POINT('Ctrl Pts',(204.262826417095,9.8543420916225E-5,7.57968167058906));
#1068=CARTESIAN_POINT('Origin',(200.,0.,10.));
#1069=CARTESIAN_POINT('',(204.26291429908,-0.00010865274203381,9.07968167058906));
#1070=CARTESIAN_POINT('',(204.263046155803,0.000109459904802553,8.67031832941096));
#1071=CARTESIAN_POINT('',(204.263,-5.22066930476517E-16,10.));
#1072=CARTESIAN_POINT('',(196.776647216042,-2.78983258102541,10.));
#1073=CARTESIAN_POINT('Ctrl Pts',(204.26291429908,-0.00010865274203381,
9.07968167058906));
#1074=CARTESIAN_POINT('Ctrl Pts',(204.262416009153,0.514607666056655,9.10850500094082));
#1075=CARTESIAN_POINT('Ctrl Pts',(204.169085341525,1.02949976222425,9.13732833129259));
#1076=CARTESIAN_POINT('Ctrl Pts',(203.98675934618,1.51067025516774,9.16615166164435));
#1077=CARTESIAN_POINT('Ctrl Pts',(203.735586777685,2.17353145807944,9.20585872537557));
#1078=CARTESIAN_POINT('Ctrl Pts',(203.315520126588,2.77239627616396,9.24556578910679));
#1079=CARTESIAN_POINT('Ctrl Pts',(202.777777092729,3.23424402550384,9.28527285283801));
#1080=CARTESIAN_POINT('Ctrl Pts',(202.240034058869,3.69609177484372,9.32497991656923));
#1081=CARTESIAN_POINT('Ctrl Pts',(201.584614642246,4.02092245543897,9.36468698030045));
#1082=CARTESIAN_POINT('Ctrl Pts',(200.891429972803,4.16913864474642,9.40439404403168));
#1083=CARTESIAN_POINT('Ctrl Pts',(200.19824530336,4.31735483405387,9.4441011077629));
#1084=CARTESIAN_POINT('Ctrl Pts',(199.467295381096,4.28895653207354,9.48380817149412));
#1085=CARTESIAN_POINT('Ctrl Pts',(198.787705441667,4.08738968017238,9.52351523522534));
#1086=CARTESIAN_POINT('Ctrl Pts',(198.108115502237,3.88582282827122,9.56322229895657));
#1087=CARTESIAN_POINT('Ctrl Pts',(197.479885545643,3.51108742644923,9.60292936268779));
#1088=CARTESIAN_POINT('Ctrl Pts',(196.979607141124,3.00891089074338,9.64263642641901));
#1089=CARTESIAN_POINT('Ctrl Pts',(196.479328736605,2.50673435503752,9.68234349015023));
#1090=CARTESIAN_POINT('Ctrl Pts',(196.107001884163,1.8771166854478,9.72205055388145));
#1091=CARTESIAN_POINT('Ctrl Pts',(195.908042792576,1.19675008585507,9.76175761761267));
#1092=CARTESIAN_POINT('Ctrl Pts',(195.709083700989,0.516383486262335,9.80146468134389));
#1093=CARTESIAN_POINT('Ctrl Pts',(195.683492370258,-0.214732043333397,9.84117174507512));
#1094=CARTESIAN_POINT('Ctrl Pts',(195.834378830159,-0.907255377083887,9.88087880880634));
#1095=CARTESIAN_POINT('Ctrl Pts',(195.985265290061,-1.59977871083437,9.92058587253756));
#1096=CARTESIAN_POINT('Ctrl Pts',(196.312629540595,-2.25370984873961,9.96029293626878));
#1097=CARTESIAN_POINT('Ctrl Pts',(196.776647216042,-2.78983258102541,10.));
#1098=CARTESIAN_POINT('',(203.223643733117,-2.79003602194805,9.99999999999998));
#1099=CARTESIAN_POINT('Origin',(200.,0.,10.));
#1100=CARTESIAN_POINT('Ctrl Pts',(203.223643733117,-2.79003602194805,9.99999999999999));
#1101=CARTESIAN_POINT('Ctrl Pts',(202.783572041532,-3.29801360536116,9.96235295635806));
#1102=CARTESIAN_POINT('Ctrl Pts',(202.221372988235,-3.70048248323059,9.92470591271613));
#1103=CARTESIAN_POINT('Ctrl Pts',(201.59831059791,-3.95243819978746,9.8870588690742));
#1104=CARTESIAN_POINT('Ctrl Pts',(200.941154666186,-4.21818075821845,9.84735180534298));
#1105=CARTESIAN_POINT('Ctrl Pts',(200.216292361194,-4.3164875370979,9.80764474161176));
#1106=CARTESIAN_POINT('Ctrl Pts',(199.512097552799,-4.23536671875242,9.76793767788054));
#1107=CARTESIAN_POINT('Ctrl Pts',(198.807902744403,-4.15424590040693,9.72823061414932));
#1108=CARTESIAN_POINT('Ctrl Pts',(198.124375432605,-3.89369748483651,9.6885235504181));
#1109=CARTESIAN_POINT('Ctrl Pts',(197.544857866577,-3.4854916233275,9.64881648668688));
#1110=CARTESIAN_POINT('Ctrl Pts',(196.96534030055,-3.0772857618185,9.60910942295566));
#1111=CARTESIAN_POINT('Ctrl Pts',(196.489832480294,-2.52142245437091,9.56940235922444));
#1112=CARTESIAN_POINT('Ctrl Pts',(196.176309906382,-1.88567461038557,9.52969529549322));
#1113=CARTESIAN_POINT('Ctrl Pts',(195.86278733247,-1.24992676640024,9.489988231762));
#1114=CARTESIAN_POINT('Ctrl Pts',(195.711250004902,-0.534294385877156,9.45028116803078));
#1115=CARTESIAN_POINT('Ctrl Pts',(195.74017479642,0.17396788951391,9.41057410429955));
#1116=CARTESIAN_POINT('Ctrl Pts',(195.769099587937,0.882230164904975,9.37086704056833));
#1117=CARTESIAN_POINT('Ctrl Pts',(195.978486498539,1.58312233516402,9.33115997683711));
#1118=CARTESIAN_POINT('Ctrl Pts',(196.342805593814,2.1911877783293,9.29145291310589));
#1119=CARTESIAN_POINT('Ctrl Pts',(196.70712468909,2.79925322149458,9.25174584937467));
#1120=CARTESIAN_POINT('Ctrl Pts',(197.226375969039,3.31449193756609,9.21203878564345));
#1121=CARTESIAN_POINT('Ctrl Pts',(197.837249395439,3.67408288710271,9.17233172191223));
#1122=CARTESIAN_POINT('Ctrl Pts',(198.448122821839,4.03367383663934,9.13262465818101));
#1123=CARTESIAN_POINT('Ctrl Pts',(199.15061839469,4.23761701964109,9.09291759444979));
#1124=CARTESIAN_POINT('Ctrl Pts',(199.859083685296,4.26104654360449,9.05321053071856));
#1125=CARTESIAN_POINT('Ctrl Pts',(200.567548975901,4.28447606756789,9.01350346698734));
#1126=CARTESIAN_POINT('Ctrl Pts',(201.281983984261,4.12739193249294,8.97379640325612));
#1127=CARTESIAN_POINT('Ctrl Pts',(201.915280635875,3.80894673074147,8.9340893395249));
#1128=CARTESIAN_POINT('Ctrl Pts',(202.548577287489,3.49050152899,8.89438227579368));
#1129=CARTESIAN_POINT('Ctrl Pts',(203.100735582358,3.010695260562,8.85467521206246));
#1130=CARTESIAN_POINT('Ctrl Pts',(203.504433136121,2.42802872703879,8.81496814833124));
#1131=CARTESIAN_POINT('Ctrl Pts',(203.908130689885,1.84536219351557,8.77526108460002));
#1132=CARTESIAN_POINT('Ctrl Pts',(204.163367502544,1.15983539489712,8.7355540208688));
#1133=CARTESIAN_POINT('Ctrl Pts',(204.239023612691,0.455031767397092,8.69584695713757));
#1134=CARTESIAN_POINT('Ctrl Pts',(204.255237324557,0.303986690979407,8.68733741456204));
#1135=CARTESIAN_POINT('Ctrl Pts',(204.263203266238,0.152056269687221,8.6788278719865));
#1136=CARTESIAN_POINT('Ctrl Pts',(204.263046155803,0.000109459904802553,
8.67031832941096));
#1137=CARTESIAN_POINT('Origin',(200.,0.,13.3123464956316));
#1138=CARTESIAN_POINT('',(205.099159201975,0.000121681905688523,0.687653504368406));
#1139=CARTESIAN_POINT('',(205.09888628915,0.000129073702376712,0.562346495631586));
#1140=CARTESIAN_POINT('',(205.099,-9.31395352980631E-14,13.3123464956316));
#1141=CARTESIAN_POINT('',(196.396781619843,-3.60785508368897,0.));
#1142=CARTESIAN_POINT('Ctrl Pts',(205.09888628915,0.000129073702376664,
0.562346495631586));
#1143=CARTESIAN_POINT('Ctrl Pts',(205.098304462488,-0.611200942895903,0.533725918679278));
#1144=CARTESIAN_POINT('Ctrl Pts',(204.835623044435,-2.07115564629184,0.465398277995748));
#1145=CARTESIAN_POINT('Ctrl Pts',(203.473496989415,-4.0235299851186,0.357363573580995));
#1146=CARTESIAN_POINT('Ctrl Pts',(201.124758627095,-5.19514884416091,0.23824238238733));
#1147=CARTESIAN_POINT('Ctrl Pts',(198.501409884446,-5.09977811321276,0.119121191193665));
#1148=CARTESIAN_POINT('Ctrl Pts',(196.996856527804,-4.20715879397665,0.0397070637312217));
#1149=CARTESIAN_POINT('Ctrl Pts',(196.396781619843,-3.60785508368897,0.));
#1150=CARTESIAN_POINT('',(195.073477297286,-1.31661789980124,3.40717345736808E-15));
#1151=CARTESIAN_POINT('Origin',(200.,0.,0.));
#1152=CARTESIAN_POINT('Ctrl Pts',(205.099159201975,0.000121681905688401,
0.687653504368406));
#1153=CARTESIAN_POINT('Ctrl Pts',(205.098454814539,-0.699143366400436,0.654910968145757));
#1154=CARTESIAN_POINT('Ctrl Pts',(204.777645370052,-2.24703751714982,0.582461368191885));
#1155=CARTESIAN_POINT('Ctrl Pts',(203.260554583341,-4.19799026346388,0.470304704506794));
#1156=CARTESIAN_POINT('Ctrl Pts',(200.854169698952,-5.24640184484754,0.351183513313129));
#1157=CARTESIAN_POINT('Ctrl Pts',(198.239486206567,-5.01547210917116,0.232062322119464));
#1158=CARTESIAN_POINT('Ctrl Pts',(196.091916471795,-3.58664941737134,0.115001151015088));
#1159=CARTESIAN_POINT('Ctrl Pts',(195.281401644,-2.09315322914695,0.037647043641933));
#1160=CARTESIAN_POINT('Ctrl Pts',(195.073477297286,-1.31661789980124,1.47180444914907E-16));
#1161=CARTESIAN_POINT('Origin',(200.,0.,13.3123464956316));
#1162=CARTESIAN_POINT('',(205.098622510371,-6.33093274521324E-5,2.18765350436841));
#1163=CARTESIAN_POINT('',(205.098803840763,-0.000119709775538887,2.06234649563158));
#1164=CARTESIAN_POINT('',(205.099,-9.31395352980631E-14,13.3123464956316));
#1165=CARTESIAN_POINT('Ctrl Pts',(205.098803840763,-0.000119709775539024,
2.06234649563158));
#1166=CARTESIAN_POINT('Ctrl Pts',(205.099034047541,-0.26560714621988,2.04991774718516));
#1167=CARTESIAN_POINT('Ctrl Pts',(205.013572872141,-1.37912060703058,1.99778193500751));
#1168=CARTESIAN_POINT('Ctrl Pts',(204.21491997389,-3.23864029816732,1.90593905909864));
#1169=CARTESIAN_POINT('Ctrl Pts',(202.151243175178,-4.86070922026848,1.78681786790498));
#1170=CARTESIAN_POINT('Ctrl Pts',(199.562982062789,-5.29748588371404,1.66769667671131));
#1171=CARTESIAN_POINT('Ctrl Pts',(197.081288486176,-4.44246153723968,1.54857548551765));
#1172=CARTESIAN_POINT('Ctrl Pts',(195.31132778638,-2.50413536210118,1.42945429432398));
#1173=CARTESIAN_POINT('Ctrl Pts',(194.684707661753,0.0448285529653017,1.31033310313032));
#1174=CARTESIAN_POINT('Ctrl Pts',(195.354231038396,2.58286085001156,1.19121191193665));
#1175=CARTESIAN_POINT('Ctrl Pts',(197.156632335921,4.49105832190384,1.07209072074299));
#1176=CARTESIAN_POINT('Ctrl Pts',(199.652395422017,5.30410307486611,0.952969529549321));
#1177=CARTESIAN_POINT('Ctrl Pts',(202.232918779772,4.82373422146181,0.833848338355656));
#1178=CARTESIAN_POINT('Ctrl Pts',(204.268949129091,3.16708739419336,0.714727147161991));
#1179=CARTESIAN_POINT('Ctrl Pts',(205.024903262718,1.32173382401146,0.624226532920634));
#1180=CARTESIAN_POINT('Ctrl Pts',(205.099111665934,0.236934298064667,0.573432982410499));
#1181=CARTESIAN_POINT('Ctrl Pts',(205.09888628915,0.000129073702376664,
0.562346495631586));
#1182=CARTESIAN_POINT('Ctrl Pts',(205.098622510371,-6.33093274519242E-5,
2.18765350436841));
#1183=CARTESIAN_POINT('Ctrl Pts',(205.098776979763,-0.353634929665412,2.17110279665164));
#1184=CARTESIAN_POINT('Ctrl Pts',(204.975561583651,-1.55535965637911,2.11484502520365));
#1185=CARTESIAN_POINT('Ctrl Pts',(204.041586538118,-3.45252366775684,2.01888019002444));
#1186=CARTESIAN_POINT('Ctrl Pts',(201.896695117047,-4.96557036545177,1.89975899883077));
#1187=CARTESIAN_POINT('Ctrl Pts',(199.289291345562,-5.2677542301206,1.78063780763711));
#1188=CARTESIAN_POINT('Ctrl Pts',(196.855195095193,-4.28538720950987,1.66151661644344));
#1189=CARTESIAN_POINT('Ctrl Pts',(195.18796490527,-2.25802118224239,1.54239542524978));
#1190=CARTESIAN_POINT('Ctrl Pts',(194.694157706185,0.319967174037203,1.42327423405611));
#1191=CARTESIAN_POINT('Ctrl Pts',(195.494189239746,2.81993098986875,1.30415304286245));
#1192=CARTESIAN_POINT('Ctrl Pts',(197.39297042314,4.6322498014534,1.18503185166878));
#1193=CARTESIAN_POINT('Ctrl Pts',(199.92748026663,5.31498658240072,1.06591066047512));
#1194=CARTESIAN_POINT('Ctrl Pts',(202.47967409451,4.70165476143498,0.946789469281453));
#1195=CARTESIAN_POINT('Ctrl Pts',(204.427195316041,2.94181643642952,0.827668278087787));
#1196=CARTESIAN_POINT('Ctrl Pts',(205.056568112721,1.14551411352024,0.741289623116772));
#1197=CARTESIAN_POINT('Ctrl Pts',(205.099309029271,0.148859416563582,0.694618031876978));
#1198=CARTESIAN_POINT('Ctrl Pts',(205.099159201975,0.000121681905688401,
0.687653504368406));
#1199=CARTESIAN_POINT('Origin',(200.,0.,13.3123464956316));
#1200=CARTESIAN_POINT('',(205.099449173691,-8.16086240307592E-6,3.68765350436841));
#1201=CARTESIAN_POINT('',(205.099348014455,7.89507930550419E-5,3.56234649563159));
#1202=CARTESIAN_POINT('',(205.099,-9.31395352980631E-14,13.3123464956316));
#1203=CARTESIAN_POINT('Ctrl Pts',(205.099348014455,7.89507930549355E-5,
3.56234649563159));
#1204=CARTESIAN_POINT('Ctrl Pts',(205.09877784615,-0.767475557741739,3.52640251195982));
#1205=CARTESIAN_POINT('Ctrl Pts',(204.728913234028,-2.38347295672789,3.45075146455683));
#1206=CARTESIAN_POINT('Ctrl Pts',(203.08907516453,-4.32573184294964,3.33539335342262));
#1207=CARTESIAN_POINT('Ctrl Pts',(200.642467911104,-5.27651175801041,3.21627216222896));
#1208=CARTESIAN_POINT('Ctrl Pts',(198.03919375788,-4.94060524936826,3.09715097103529));
#1209=CARTESIAN_POINT('Ctrl Pts',(195.914065562997,-3.39992369410677,2.97802977984163));
#1210=CARTESIAN_POINT('Ctrl Pts',(194.785299474252,-1.03016492657855,2.85890858864796));
#1211=CARTESIAN_POINT('Ctrl Pts',(194.928147034408,1.59080132157637,2.7397873974543));
#1212=CARTESIAN_POINT('Ctrl Pts',(196.307774621468,3.82384794456908,2.62066620626063));
#1213=CARTESIAN_POINT('Ctrl Pts',(198.587757686785,5.12444270123057,2.50154501506697));
#1214=CARTESIAN_POINT('Ctrl Pts',(201.212118457599,5.17543333392857,2.3824238238733));
#1215=CARTESIAN_POINT('Ctrl Pts',(203.540902067458,3.96438568974129,2.26330263267964));
#1216=CARTESIAN_POINT('Ctrl Pts',(204.853342651175,2.01383779848097,2.1566101899324));
#1217=CARTESIAN_POINT('Ctrl Pts',(205.098298588516,0.582565668941204,2.08962481091638));
#1218=CARTESIAN_POINT('Ctrl Pts',(205.098803840763,-0.000119709775539024,
2.06234649563158));
#1219=CARTESIAN_POINT('Ctrl Pts',(205.09944865978,-8.15152533909804E-6,
3.68765350436841));
#1220=CARTESIAN_POINT('Ctrl Pts',(205.099449375781,-0.0076712854421588,
3.68729462515752));
#1221=CARTESIAN_POINT('Ctrl Pts',(205.097561287005,-0.863197461855394,3.64722868221542));
#1222=CARTESIAN_POINT('Ctrl Pts',(204.65586816726,-2.56461167243847,3.56745567554209));
#1223=CARTESIAN_POINT('Ctrl Pts',(202.860967669546,-4.47986667381103,3.44833448434842));
#1224=CARTESIAN_POINT('Ctrl Pts',(200.368415308654,-5.30269851883548,3.32921329315476));
#1225=CARTESIAN_POINT('Ctrl Pts',(197.78602424415,-4.83245825370696,3.21009210196109));
#1226=CARTESIAN_POINT('Ctrl Pts',(195.74351495725,-3.18381477196127,3.09097091076743));
#1227=CARTESIAN_POINT('Ctrl Pts',(194.738956833614,-0.758792608513627,2.97184971957376));
#1228=CARTESIAN_POINT('Ctrl Pts',(195.017313091137,1.85126243130317,2.8527285283801));
#1229=CARTESIAN_POINT('Ctrl Pts',(196.510706079975,4.00988395854372,2.73360733718643));
#1230=CARTESIAN_POINT('Ctrl Pts',(198.854969363641,5.19068841899689,2.61448614599277));
#1231=CARTESIAN_POINT('Ctrl Pts',(201.478450327872,5.10573462386538,2.4953649547991));
#1232=CARTESIAN_POINT('Ctrl Pts',(203.741408649062,3.77573870149902,2.37624376360543));
#1233=CARTESIAN_POINT('Ctrl Pts',(204.904364287954,1.8377371300933,2.27367328012854));
#1234=CARTESIAN_POINT('Ctrl Pts',(205.098406389809,0.494624317163511,2.21080986038286));
#1235=CARTESIAN_POINT('Ctrl Pts',(205.098622510371,-6.33093274519242E-5,
2.18765350436841));
#1236=CARTESIAN_POINT('Origin',(200.,0.,13.3123464956316));
#1237=CARTESIAN_POINT('',(205.098645262196,7.55659429181599E-5,5.18765350436841));
#1238=CARTESIAN_POINT('',(205.098574300999,-2.02271133742805E-6,5.06234649563159));
#1239=CARTESIAN_POINT('',(205.099,-9.31395352980631E-14,13.3123464956316));
#1240=CARTESIAN_POINT('Ctrl Pts',(205.098574300999,-2.02271133762505E-6,
5.06234649563159));
#1241=CARTESIAN_POINT('Ctrl Pts',(205.098580123239,-0.421977355571175,5.0425943404657));
#1242=CARTESIAN_POINT('Ctrl Pts',(204.942657828976,-1.69223065121962,4.9831351215686));
#1243=CARTESIAN_POINT('Ctrl Pts',(203.899456773522,-3.61228158103118,4.88396883894027));
#1244=CARTESIAN_POINT('Ctrl Pts',(201.695446553452,-5.03783706898191,4.76484764774661));
#1245=CARTESIAN_POINT('Ctrl Pts',(199.077998789322,-5.23490736467512,4.64572645655294));
#1246=CARTESIAN_POINT('Ctrl Pts',(196.685382598553,-4.15543653919173,4.52660526535928));
#1247=CARTESIAN_POINT('Ctrl Pts',(195.101041534575,-2.06265540099621,4.40748407416561));
#1248=CARTESIAN_POINT('Ctrl Pts',(194.711319877665,0.533107787265084,4.28836288297194));
#1249=CARTESIAN_POINT('Ctrl Pts',(195.611251920928,2.99887172911076,4.16924169177828));
#1250=CARTESIAN_POINT('Ctrl Pts',(197.581387695248,4.73335566681037,4.05012050058461));
#1251=CARTESIAN_POINT('Ctrl Pts',(200.141306219887,5.31360272333592,3.93099930939095));
#1252=CARTESIAN_POINT('Ctrl Pts',(202.666766980941,4.59811866077696,3.81187811819728));
#1253=CARTESIAN_POINT('Ctrl Pts',(204.541932049135,2.76137549244288,3.69275692700362));
#1254=CARTESIAN_POINT('Ctrl Pts',(205.077919136925,1.00867405639371,3.60957971948172));
#1255=CARTESIAN_POINT('Ctrl Pts',(205.099407707031,0.0804364618577114,3.56610957569104));
#1256=CARTESIAN_POINT('Ctrl Pts',(205.099348014455,7.89507930549355E-5,
3.56234649563159));
#1257=CARTESIAN_POINT('Ctrl Pts',(205.098645262196,7.55659429179517E-5,
5.18765350436841));
#1258=CARTESIAN_POINT('Ctrl Pts',(205.098377805761,-0.509938969937821,5.16377938993218));
#1259=CARTESIAN_POINT('Ctrl Pts',(204.895849345844,-1.86840965269084,5.10019821176474));
#1260=CARTESIAN_POINT('Ctrl Pts',(203.707201201444,-3.80933073824244,4.99690996986607));
#1261=CARTESIAN_POINT('Ctrl Pts',(201.432339036472,-5.11886181742683,4.8777887786724));
#1262=CARTESIAN_POINT('Ctrl Pts',(198.8081985458,-5.18014968075986,4.75866758747874));
#1263=CARTESIAN_POINT('Ctrl Pts',(196.474680879675,-3.9782491778647,4.63954639628507));
#1264=CARTESIAN_POINT('Ctrl Pts',(195.000818315135,-1.80624580359879,4.5204252050914));
#1265=CARTESIAN_POINT('Ctrl Pts',(194.746014761271,0.806213701525432,4.40130401389774));
#1266=CARTESIAN_POINT('Ctrl Pts',(195.772404500826,3.2220766155814,4.28218282270407));
#1267=CARTESIAN_POINT('Ctrl Pts',(197.829700638996,4.85223063187803,4.16306163151041));
#1268=CARTESIAN_POINT('Ctrl Pts',(200.416227991127,5.29915990329718,4.04394044031674));
#1269=CARTESIAN_POINT('Ctrl Pts',(202.901257435188,4.45387996201924,3.92481924912308));
#1270=CARTESIAN_POINT('Ctrl Pts',(204.673455012523,2.52833244084282,3.8060569371403));
#1271=CARTESIAN_POINT('Ctrl Pts',(205.099370156109,0.840192111452034,3.72700168888874));
#1272=CARTESIAN_POINT('Ctrl Pts',(205.09944865978,-8.15152533909804E-6,
3.68765350436841));
#1273=CARTESIAN_POINT('Origin',(200.,0.,13.3123464956316));
#1274=CARTESIAN_POINT('',(205.099111249404,-0.000126952539371838,6.68765350436841));
#1275=CARTESIAN_POINT('',(205.09935768332,-7.53057438389432E-5,6.56234649563159));
#1276=CARTESIAN_POINT('',(205.099,-9.31395352980631E-14,13.3123464956316));
#1277=CARTESIAN_POINT('Ctrl Pts',(205.09935768332,-7.53057438389673E-5,
6.56234649563159));
#1278=CARTESIAN_POINT('Ctrl Pts',(205.099412078578,-0.0761027650250546,
6.55878616897159));
#1279=CARTESIAN_POINT('Ctrl Pts',(205.079176990372,-1.00000860989815,6.51551877858036));
#1280=CARTESIAN_POINT('Ctrl Pts',(204.548952937001,-2.74979426979101,6.43254432445791));
#1281=CARTESIAN_POINT('Ctrl Pts',(202.678473741037,-4.5913091561992,6.31342313326425));
#1282=CARTESIAN_POINT('Ctrl Pts',(200.154844138726,-5.31322544617899,6.19430194207058));
#1283=CARTESIAN_POINT('Ctrl Pts',(197.593455528149,-4.73950261675476,6.07518075087692));
#1284=CARTESIAN_POINT('Ctrl Pts',(195.618906906182,-3.01004396189114,5.95605955968326));
#1285=CARTESIAN_POINT('Ctrl Pts',(194.712695334016,-0.546580934795085,5.83693836848959));
#1286=CARTESIAN_POINT('Ctrl Pts',(195.095802054636,2.05016678880303,5.71781717729593));
#1287=CARTESIAN_POINT('Ctrl Pts',(196.674805838477,4.14697783179475,5.59869598610226));
#1288=CARTESIAN_POINT('Ctrl Pts',(199.064663910156,5.23254123235139,5.4795747949086));
#1289=CARTESIAN_POINT('Ctrl Pts',(201.682605288306,5.04214049714856,5.36045360371493));
#1290=CARTESIAN_POINT('Ctrl Pts',(203.890240486881,3.62220517136383,5.24133241252126));
#1291=CARTESIAN_POINT('Ctrl Pts',(204.940473102803,1.70089816542048,5.14196337649348));
#1292=CARTESIAN_POINT('Ctrl Pts',(205.098568418995,0.426304834101379,5.08230140419693));
#1293=CARTESIAN_POINT('Ctrl Pts',(205.098574300999,-2.02271133762505E-6,
5.06234649563159));
#1294=CARTESIAN_POINT('Ctrl Pts',(205.099111249404,-0.000126952539371786,
6.68765350436841));
#1295=CARTESIAN_POINT('Ctrl Pts',(205.099279782453,-0.164197930159263,6.67997121843807));
#1296=CARTESIAN_POINT('Ctrl Pts',(205.051394727967,-1.17619675912323,6.6325818687765));
#1297=CARTESIAN_POINT('Ctrl Pts',(204.400481449965,-2.98162781544338,6.54548545538371));
#1298=CARTESIAN_POINT('Ctrl Pts',(202.437166711328,-4.72382893874304,6.42636426419005));
#1299=CARTESIAN_POINT('Ctrl Pts',(199.879544698571,-5.31411628981413,6.30724307299639));
#1300=CARTESIAN_POINT('Ctrl Pts',(197.351295917243,-4.60854728773601,6.18812188180271));
#1301=CARTESIAN_POINT('Ctrl Pts',(195.468938160136,-2.77917614134867,6.06900069060905));
#1302=CARTESIAN_POINT('Ctrl Pts',(194.691487588247,-0.272098135931815,5.94987949941539));
#1303=CARTESIAN_POINT('Ctrl Pts',(195.20852685425,2.3013314656673,5.83075830822172));
#1304=CARTESIAN_POINT('Ctrl Pts',(196.893975048143,4.31357745030202,5.71163711702806));
#1305=CARTESIAN_POINT('Ctrl Pts',(199.336832742957,5.27395019036934,5.59251592583439));
#1306=CARTESIAN_POINT('Ctrl Pts',(201.941404908507,4.94826114938708,5.47339473464073));
#1307=CARTESIAN_POINT('Ctrl Pts',(204.072562164123,3.41593015746264,5.35427354344706));
#1308=CARTESIAN_POINT('Ctrl Pts',(204.98253045949,1.52467139027771,5.25902646668962));
#1309=CARTESIAN_POINT('Ctrl Pts',(205.098822635233,0.338309442968209,5.20348645366341));
#1310=CARTESIAN_POINT('Ctrl Pts',(205.098645262196,7.55659429179517E-5,
5.18765350436841));
#1311=CARTESIAN_POINT('Origin',(200.,0.,13.3123464956316));
#1312=CARTESIAN_POINT('',(205.099055207234,0.00013092565198998,8.18765350436841));
#1313=CARTESIAN_POINT('',(205.098792376441,0.000117868379856891,8.06234649563159));
#1314=CARTESIAN_POINT('',(205.099,-9.31395352980631E-14,13.3123464956316));
#1315=CARTESIAN_POINT('Ctrl Pts',(205.098792376441,0.000117868379856771,
8.06234649563159));
#1316=CARTESIAN_POINT('Ctrl Pts',(205.098300233605,-0.57824027484983,8.03527093374625));
#1317=CARTESIAN_POINT('Ctrl Pts',(204.85597324867,-2.00517864200565,7.96848830812968));
#1318=CARTESIAN_POINT('Ctrl Pts',(203.55099132019,-3.95535105812285,7.8619986187819));
#1319=CARTESIAN_POINT('Ctrl Pts',(201.225300862821,-5.17232821318223,7.74287742758823));
#1320=CARTESIAN_POINT('Ctrl Pts',(198.600818692766,-5.12802428023424,7.62375623639457));
#1321=CARTESIAN_POINT('Ctrl Pts',(196.317529279384,-3.83324284921286,7.50463504520091));
#1322=CARTESIAN_POINT('Ctrl Pts',(194.932216654304,-1.60371858825416,7.38551385400724));
#1323=CARTESIAN_POINT('Ctrl Pts',(194.782691672317,1.01687519544296,7.26639266281357));
#1324=CARTESIAN_POINT('Ctrl Pts',(195.905416256211,3.38950222220407,7.1472714716199));
#1325=CARTESIAN_POINT('Ctrl Pts',(198.026612094501,4.93559333045702,7.02815028042624));
#1326=CARTESIAN_POINT('Ctrl Pts',(200.629021951285,5.27813155709703,6.90902908923257));
#1327=CARTESIAN_POINT('Ctrl Pts',(203.078043728587,4.33358836925375,6.78990789803891));
#1328=CARTESIAN_POINT('Ctrl Pts',(204.725715969217,2.39210752469234,6.67434703350525));
#1329=CARTESIAN_POINT('Ctrl Pts',(205.098805427513,0.771804592722803,6.59849323270281));
#1330=CARTESIAN_POINT('Ctrl Pts',(205.09935768332,-7.53057438389673E-5,
6.56234649563159));
#1331=CARTESIAN_POINT('Ctrl Pts',(205.099055207234,0.000130925651989963,
8.18765350436841));
#1332=CARTESIAN_POINT('Ctrl Pts',(205.098366255842,-0.666177243549202,8.15645598321273));
#1333=CARTESIAN_POINT('Ctrl Pts',(204.799995649871,-2.18113688930876,8.08555139832582));
#1334=CARTESIAN_POINT('Ctrl Pts',(203.341440725187,-4.13389831665333,7.9749397497077));
#1335=CARTESIAN_POINT('Ctrl Pts',(200.955860647659,-5.22883082983048,7.85581855851403));
#1336=CARTESIAN_POINT('Ctrl Pts',(198.337192313893,-5.04870399404332,7.73669736732036));
#1337=CARTESIAN_POINT('Ctrl Pts',(196.12400248108,-3.63744204828176,7.6175761761267));
#1338=CARTESIAN_POINT('Ctrl Pts',(194.855981277327,-1.33918363278014,7.49845498493303));
#1339=CARTESIAN_POINT('Ctrl Pts',(194.842337843949,1.28563700366162,7.37933379373937));
#1340=CARTESIAN_POINT('Ctrl Pts',(196.086399155353,3.59695285626226,7.2602126025457));
#1341=CARTESIAN_POINT('Ctrl Pts',(198.284798731443,5.03114559813308,7.14109141135204));
#1342=CARTESIAN_POINT('Ctrl Pts',(200.901453072674,5.23848487437813,7.02197022015837));
#1343=CARTESIAN_POINT('Ctrl Pts',(203.298286539171,4.1684106475766,6.90284902896471));
#1344=CARTESIAN_POINT('Ctrl Pts',(204.788122097978,2.21642665729341,6.79141012370138));
#1345=CARTESIAN_POINT('Ctrl Pts',(205.098408693748,0.683827881931921,6.71967828216929));
#1346=CARTESIAN_POINT('Ctrl Pts',(205.099111249404,-0.000126952539371786,
6.68765350436841));
#1347=CARTESIAN_POINT('Origin',(200.,0.,13.3123464956316));
#1348=CARTESIAN_POINT('',(205.098682194628,-0.000110411617668948,9.68765350436841));
#1349=CARTESIAN_POINT('',(205.098897492612,-0.000129960199772225,9.56234649563159));
#1350=CARTESIAN_POINT('',(205.099,-9.31395352980631E-14,13.3123464956316));
#1351=CARTESIAN_POINT('',(201.322884965569,4.9244061944433,10.));
#1352=CARTESIAN_POINT('Ctrl Pts',(201.322884965569,4.9244061944433,10.));
#1353=CARTESIAN_POINT('Ctrl Pts',(202.141934657241,4.70437793511953,9.96029293626878));
#1354=CARTESIAN_POINT('Ctrl Pts',(203.667242326818,3.84770608783064,9.88087880880633));
#1355=CARTESIAN_POINT('Ctrl Pts',(204.885874313995,1.90368742748675,9.77676331026247));
#1356=CARTESIAN_POINT('Ctrl Pts',(205.098363733833,0.527553923793791,9.71235487544983));
#1357=CARTESIAN_POINT('Ctrl Pts',(205.098682194628,-0.000110411617669018,
9.68765350436841));
#1358=CARTESIAN_POINT('',(198.676963196978,4.92480275527697,10.));
#1359=CARTESIAN_POINT('Origin',(200.,0.,10.));
#1360=CARTESIAN_POINT('Ctrl Pts',(198.676963196978,4.92480275527697,10.));
#1361=CARTESIAN_POINT('Ctrl Pts',(199.453424692708,5.13300265456668,9.96235295635807));
#1362=CARTESIAN_POINT('Ctrl Pts',(201.15208774294,5.17782431565268,9.88499884898492));
#1363=CARTESIAN_POINT('Ctrl Pts',(203.463269357619,4.03238571887708,9.76793767788054));
#1364=CARTESIAN_POINT('Ctrl Pts',(204.83288180473,2.07980817709037,9.65970022006634));
#1365=CARTESIAN_POINT('Ctrl Pts',(205.098301485027,0.615525331743582,9.59116982598335));
#1366=CARTESIAN_POINT('Ctrl Pts',(205.098897492612,-0.00012996019977219,
9.56234649563159));
#1367=CARTESIAN_POINT('Origin',(200.,0.,13.3123464956316));
#1368=CARTESIAN_POINT('Ctrl Pts',(205.098897492612,-0.00012996019977219,
9.56234649563159));
#1369=CARTESIAN_POINT('Ctrl Pts',(205.099122545983,-0.232602334814028,9.55146276225213));
#1370=CARTESIAN_POINT('Ctrl Pts',(205.026576720398,-1.31306303023292,9.50087196514145));
#1371=CARTESIAN_POINT('Ctrl Pts',(204.277000667734,-3.15620180154542,9.41057410429954));
#1372=CARTESIAN_POINT('Ctrl Pts',(202.245203567403,-4.81802867945464,9.29145291310588));
#1373=CARTESIAN_POINT('Ctrl Pts',(199.665909891221,-5.30497182267789,9.17233172191222));
#1374=CARTESIAN_POINT('Ctrl Pts',(197.168084587644,-4.49828813391963,9.05321053071855));
#1375=CARTESIAN_POINT('Ctrl Pts',(195.360826738099,-2.59468935652174,8.93408933952488));
#1376=CARTESIAN_POINT('Ctrl Pts',(194.684839213617,-0.0583710586712726,
8.81496814833122));
#1377=CARTESIAN_POINT('Ctrl Pts',(195.304962751717,2.49218108491058,8.69584695713755));
#1378=CARTESIAN_POINT('Ctrl Pts',(197.069979155737,4.43501062224171,8.57672576594389));
#1379=CARTESIAN_POINT('Ctrl Pts',(199.549486159315,5.29635522030239,8.45760457475022));
#1380=CARTESIAN_POINT('Ctrl Pts',(202.138851733356,4.86617453605612,8.33848338355656));
#1381=CARTESIAN_POINT('Ctrl Pts',(204.206654651592,3.24936886034796,8.21936219236289));
#1382=CARTESIAN_POINT('Ctrl Pts',(205.011816345878,1.38778947893224,8.12731656305457));
#1383=CARTESIAN_POINT('Ctrl Pts',(205.099021974747,0.269938010422412,8.07497799747747));
#1384=CARTESIAN_POINT('Ctrl Pts',(205.098792376441,0.000117868379856771,
8.06234649563159));
#1385=CARTESIAN_POINT('Ctrl Pts',(205.098682194628,-0.000110411617669018,
9.68765350436841));
#1386=CARTESIAN_POINT('Ctrl Pts',(205.098875654529,-0.320658158273013,9.67264781171861));
#1387=CARTESIAN_POINT('Ctrl Pts',(204.990357141389,-1.48928532099793,9.61793505533759));
#1388=CARTESIAN_POINT('Ctrl Pts',(204.107865454315,-3.3734244392519,9.52351523522534));
#1389=CARTESIAN_POINT('Ctrl Pts',(201.992732943006,-4.92780610383522,9.40439404403167));
#1390=CARTESIAN_POINT('Ctrl Pts',(199.391696424249,-5.28056209645052,9.28527285283801));
#1391=CARTESIAN_POINT('Ctrl Pts',(196.938983009146,-4.3456315046183,9.16615166164434));
#1392=CARTESIAN_POINT('Ctrl Pts',(195.232709697756,-2.35101714524092,9.04703047045068));
#1393=CARTESIAN_POINT('Ctrl Pts',(194.688945564562,0.216899468613555,8.92790927925702));
#1394=CARTESIAN_POINT('Ctrl Pts',(195.440292402817,2.73192351938829,8.80878808806335));
#1395=CARTESIAN_POINT('Ctrl Pts',(197.303531161761,4.58076392280042,8.68966689686969));
#1396=CARTESIAN_POINT('Ctrl Pts',(199.824308731056,5.31257693485244,8.57054570567602));
#1397=CARTESIAN_POINT('Ctrl Pts',(202.387928792721,4.74890909196212,8.45142451448236));
#1398=CARTESIAN_POINT('Ctrl Pts',(204.369248388453,3.0272115812553,8.33230332328869));
#1399=CARTESIAN_POINT('Ctrl Pts',(205.04525512962,1.21156150990082,8.24437965325071));
#1400=CARTESIAN_POINT('Ctrl Pts',(205.099243127973,0.181875420862079,8.19616304694395));
#1401=CARTESIAN_POINT('Ctrl Pts',(205.099055207234,0.000130925651989963,
8.18765350436841));
#1402=CARTESIAN_POINT('Ctrl Pts',(196.776647216042,-2.78983258102542,10.));
#1403=CARTESIAN_POINT('Ctrl Pts',(196.312629540595,-2.25370984873962,9.96029293626878));
#1404=CARTESIAN_POINT('Ctrl Pts',(195.657901039527,-0.945847572929129,9.88087880880634));
#1405=CARTESIAN_POINT('Ctrl Pts',(195.73467503172,1.24749901585807,9.76175761761267));
#1406=CARTESIAN_POINT('Ctrl Pts',(196.851655589048,3.13635202462725,9.642636426419));
#1407=CARTESIAN_POINT('Ctrl Pts',(198.736345458832,4.2605582300932,9.52351523522534));
#1408=CARTESIAN_POINT('Ctrl Pts',(200.929195225624,4.34575313603421,9.40439404403168));
#1409=CARTESIAN_POINT('Ctrl Pts',(202.895453475491,3.37126109424848,9.28527285283801));
#1410=CARTESIAN_POINT('Ctrl Pts',(204.155653428782,1.57466663999493,9.16615166164435));
#1411=CARTESIAN_POINT('Ctrl Pts',(204.402488886459,-0.605906123221769,9.04703047045068));
#1412=CARTESIAN_POINT('Ctrl Pts',(203.575770513149,-2.63873078642638,8.92790927925701));
#1413=CARTESIAN_POINT('Ctrl Pts',(201.877094098419,-4.02809497166408,8.80878808806335));
#1414=CARTESIAN_POINT('Ctrl Pts',(199.720685206173,-4.43520197687308,8.68966689686969));
#1415=CARTESIAN_POINT('Ctrl Pts',(197.632387644073,-3.76077707685808,8.57054570567602));
#1416=CARTESIAN_POINT('Ctrl Pts',(196.121436435481,-2.1692803935776,8.45142451448235));
#1417=CARTESIAN_POINT('Ctrl Pts',(195.556279577888,-0.0488009066710407,
8.33230332328869));
#1418=CARTESIAN_POINT('Ctrl Pts',(196.07473155728,2.08357873406036,8.21318213209502));
#1419=CARTESIAN_POINT('Ctrl Pts',(197.550366962327,3.70787414838525,8.09406094090136));
#1420=CARTESIAN_POINT('Ctrl Pts',(199.623349577792,4.42799809847991,7.97493974970769));
#1421=CARTESIAN_POINT('Ctrl Pts',(201.788179042812,4.06834713614576,7.85581855851403));
#1422=CARTESIAN_POINT('Ctrl Pts',(203.516957987789,2.71662275969079,7.73669736732036));
#1423=CARTESIAN_POINT('Ctrl Pts',(204.388120707535,0.702445274043538,7.6175761761267));
#1424=CARTESIAN_POINT('Ctrl Pts',(204.189232681905,-1.48302469431675,7.49845498493303));
#1425=CARTESIAN_POINT('Ctrl Pts',(202.968793096288,-3.30685655241767,7.37933379373937));
#1426=CARTESIAN_POINT('Ctrl Pts',(201.024408232635,-4.32430578011293,7.2602126025457));
#1427=CARTESIAN_POINT('Ctrl Pts',(198.830219668025,-4.28726564162356,7.14109141135204));
#1428=CARTESIAN_POINT('Ctrl Pts',(196.921284039619,-3.20476843816325,7.02197022015838));
#1429=CARTESIAN_POINT('Ctrl Pts',(195.763098567817,-1.3407829656261,6.90284902896471));
#1430=CARTESIAN_POINT('Ctrl Pts',(195.638088762323,0.850154728019875,6.78372783777104));
#1431=CARTESIAN_POINT('Ctrl Pts',(196.576738478178,2.83378073607687,6.66460664657737));
#1432=CARTESIAN_POINT('Ctrl Pts',(198.350156375536,4.12638446121558,6.54548545538371));
#1433=CARTESIAN_POINT('Ctrl Pts',(200.525891464665,4.41276227258376,6.42636426419005));
#1434=CARTESIAN_POINT('Ctrl Pts',(202.573387019997,3.62308045070185,6.30724307299638));
#1435=CARTESIAN_POINT('Ctrl Pts',(203.993357745778,1.9499042594905,6.18812188180271));
#1436=CARTESIAN_POINT('Ctrl Pts',(204.439541350043,-0.198759422940602,6.06900069060905));
#1437=CARTESIAN_POINT('Ctrl Pts',(203.803135197182,-2.29895527988214,5.94987949941538));
#1438=CARTESIAN_POINT('Ctrl Pts',(202.239328016874,-3.8385469568302,5.83075830822172));
#1439=CARTESIAN_POINT('Ctrl Pts',(200.129456866717,-4.44210238812729,5.71163711702806));
#1440=CARTESIAN_POINT('Ctrl Pts',(197.988017438027,-3.96244354877928,5.59251592583439));
#1441=CARTESIAN_POINT('Ctrl Pts',(196.337203400873,-2.51653606776661,5.47339473464073));
#1442=CARTESIAN_POINT('Ctrl Pts',(195.579568583822,-0.456966959213854,5.35427354344706));
#1443=CARTESIAN_POINT('Ctrl Pts',(195.899863533813,1.7140343245082,5.2351523522534));
#1444=CARTESIAN_POINT('Ctrl Pts',(197.21998377906,3.46706540438145,5.11603116105973));
#1445=CARTESIAN_POINT('Ctrl Pts',(199.218015738183,4.37464665101274,4.99690996986606));
#1446=CARTESIAN_POINT('Ctrl Pts',(201.406735898029,4.21546282395456,4.8777887786724));
#1447=CARTESIAN_POINT('Ctrl Pts',(203.252421101309,3.02833117190116,4.75866758747873));
#1448=CARTESIAN_POINT('Ctrl Pts',(204.304997852045,1.10273578015317,4.63954639628507));
#1449=CARTESIAN_POINT('Ctrl Pts',(204.307793507935,-1.09176361907684,4.52042520509141));
#1450=CARTESIAN_POINT('Ctrl Pts',(203.260126343503,-3.02003459108373,4.40130401389774));
#1451=CARTESIAN_POINT('Ctrl Pts',(201.417471790031,-4.21186495882916,4.28218282270407));
#1452=CARTESIAN_POINT('Ctrl Pts',(199.229164314352,-4.37662484714846,4.16306163151041));
#1453=CARTESIAN_POINT('Ctrl Pts',(197.228826440014,-3.47413727526463,4.04394044031674));
#1454=CARTESIAN_POINT('Ctrl Pts',(195.904243981544,-1.72447538231944,3.92481924912308));
#1455=CARTESIAN_POINT('Ctrl Pts',(195.578418638652,0.445702784293205,3.80569805792941));
#1456=CARTESIAN_POINT('Ctrl Pts',(196.330803478901,2.50719556407122,3.68657686673575));
#1457=CARTESIAN_POINT('Ctrl Pts',(197.977928171179,3.95730441412288,3.56745567554208));
#1458=CARTESIAN_POINT('Ctrl Pts',(200.118138539984,4.44241780929222,3.44833448434842));
#1459=CARTESIAN_POINT('Ctrl Pts',(202.229540623603,3.84424001782549,3.32921329315475));
#1460=CARTESIAN_POINT('Ctrl Pts',(203.797265409975,2.30863771803961,3.21009210196109));
#1461=CARTESIAN_POINT('Ctrl Pts',(204.439020526556,0.210070159142633,3.09097091076742));
#1462=CARTESIAN_POINT('Ctrl Pts',(203.998312889711,-1.93972336762668,2.97184971957376));
#1463=CARTESIAN_POINT('Ctrl Pts',(202.58260981102,-3.61651203108341,2.85272852838009));
#1464=CARTESIAN_POINT('Ctrl Pts',(200.537132909401,-4.41140804557724,2.73360733718643));
#1465=CARTESIAN_POINT('Ctrl Pts',(198.360675228445,-4.13057465739495,2.61448614599276));
#1466=CARTESIAN_POINT('Ctrl Pts',(196.583969698972,-2.8424935689306,2.4953649547991));
#1467=CARTESIAN_POINT('Ctrl Pts',(195.64026900544,-0.861265558345627,2.37624376360543));
#1468=CARTESIAN_POINT('Ctrl Pts',(195.759696177227,1.32998353282605,2.25712257241177));
#1469=CARTESIAN_POINT('Ctrl Pts',(196.91312869412,3.19691386305118,2.1380013812181));
#1470=CARTESIAN_POINT('Ctrl Pts',(198.819300062515,4.28427127580819,2.01888019002444));
#1471=CARTESIAN_POINT('Ctrl Pts',(201.013387131741,4.32690180477299,1.89975899883077));
#1472=CARTESIAN_POINT('Ctrl Pts',(202.960358014037,3.31440992260582,1.78063780763711));
#1473=CARTESIAN_POINT('Ctrl Pts',(204.18544052817,1.49369350754714,1.66151661644344));
#1474=CARTESIAN_POINT('Ctrl Pts',(204.389896204138,-0.691262625626229,1.54239542524978));
#1475=CARTESIAN_POINT('Ctrl Pts',(203.523868179779,-2.70765318515146,1.42327423405611));
#1476=CARTESIAN_POINT('Ctrl Pts',(201.798538861695,-4.06377787919288,1.30415304286245));
#1477=CARTESIAN_POINT('Ctrl Pts',(199.634632777735,-4.4289433854232,1.18503185166878));
#1478=CARTESIAN_POINT('Ctrl Pts',(197.559822086011,-3.71410345817861,1.06591066047512));
#1479=CARTESIAN_POINT('Ctrl Pts',(196.080053020854,-2.09357306307851,0.946789469281452));
#1480=CARTESIAN_POINT('Ctrl Pts',(195.55616959444,0.0374787451051339,0.827668278087788));
#1481=CARTESIAN_POINT('Ctrl Pts',(196.115922125256,2.1593912146694,0.708547086894122));
#1482=CARTESIAN_POINT('Ctrl Pts',(197.622813031581,3.75473261939127,0.589425895700457));
#1483=CARTESIAN_POINT('Ctrl Pts',(199.70938648442,4.43447566349367,0.470304704506792));
#1484=CARTESIAN_POINT('Ctrl Pts',(201.866823447375,4.03286506885501,0.351183513313127));
#1485=CARTESIAN_POINT('Ctrl Pts',(203.56903905419,2.64783164570431,0.232062322119462));
#1486=CARTESIAN_POINT('Ctrl Pts',(204.400924004711,0.617123967634689,0.112941130925797));
#1487=CARTESIAN_POINT('Ctrl Pts',(204.159668010246,-1.56407841106686,-0.00618006026786857));
#1488=CARTESIAN_POINT('Ctrl Pts',(202.904004249044,-3.36385729095128,-0.125301251461534));
#1489=CARTESIAN_POINT('Ctrl Pts',(200.940350270113,-4.34338488383172,-0.244422442655199));
#1490=CARTESIAN_POINT('Ctrl Pts',(198.747109303274,-4.26365053865973,-0.363543633848864));
#1491=CARTESIAN_POINT('Ctrl Pts',(197.489233060998,-3.5173794741562,-0.442957761311307));
#1492=CARTESIAN_POINT('Ctrl Pts',(196.987542664325,-3.01633383443147,-0.482664825042529));
#1493=CARTESIAN_POINT('Ctrl Pts',(196.565940911609,-2.97220024368375,10.1608882750142));
#1494=CARTESIAN_POINT('Ctrl Pts',(196.071591014982,-2.40103187810442,10.121181211283));
#1495=CARTESIAN_POINT('Ctrl Pts',(195.374063778525,-1.00767637666427,10.0417670838205));
#1496=CARTESIAN_POINT('Ctrl Pts',(195.455856384955,1.32904637509314,9.92264589262684));
#1497=CARTESIAN_POINT('Ctrl Pts',(196.645852482663,3.34137120459351,9.80352470143318));
#1498=CARTESIAN_POINT('Ctrl Pts',(198.653742034294,4.53906528149346,9.68440351023952));
#1499=CARTESIAN_POINT('Ctrl Pts',(200.98993548746,4.62982926565534,9.56528231904585));
#1500=CARTESIAN_POINT('Ctrl Pts',(203.0847254362,3.59163596912468,9.44616112785219));
#1501=CARTESIAN_POINT('Ctrl Pts',(204.427302992193,1.67760051371733,9.32703993665852));
#1502=CARTESIAN_POINT('Ctrl Pts',(204.690273756979,-0.645513404401955,9.20791874546486));
#1503=CARTESIAN_POINT('Ctrl Pts',(203.809513898011,-2.8112211247994,9.08879755427119));
#1504=CARTESIAN_POINT('Ctrl Pts',(201.999797254747,-4.29140620759426,8.96967636307753));
#1505=CARTESIAN_POINT('Ctrl Pts',(199.702426767856,-4.72512525880802,8.85055517188386));
#1506=CARTESIAN_POINT('Ctrl Pts',(197.477619958596,-4.0066140958786,8.73143398069019));
#1507=CARTESIAN_POINT('Ctrl Pts',(195.867899869687,-2.31108338122565,8.61231278949653));
#1508=CARTESIAN_POINT('Ctrl Pts',(195.265799456464,-0.0519909573377844,
8.49319159830286));
#1509=CARTESIAN_POINT('Ctrl Pts',(195.818141955425,2.2197795176771,8.3740704071092));
#1510=CARTESIAN_POINT('Ctrl Pts',(197.390237693464,3.95025297300408,8.25494921591553));
#1511=CARTESIAN_POINT('Ctrl Pts',(199.5987284383,4.71745047242073,8.13582802472187));
#1512=CARTESIAN_POINT('Ctrl Pts',(201.90506993966,4.33428960278255,8.01670683352821));
#1513=CARTESIAN_POINT('Ctrl Pts',(203.746856875723,2.89420479324318,7.89758564233454));
#1514=CARTESIAN_POINT('Ctrl Pts',(204.674966349219,0.748363191715006,7.77846445114087));
#1515=CARTESIAN_POINT('Ctrl Pts',(204.46307727664,-1.57996805536522,7.65934325994721));
#1516=CARTESIAN_POINT('Ctrl Pts',(203.162859170922,-3.52302138765273,7.54022206875355));
#1517=CARTESIAN_POINT('Ctrl Pts',(201.091372442697,-4.60697992446936,7.42110087755988));
#1518=CARTESIAN_POINT('Ctrl Pts',(198.753752676272,-4.56751852116045,7.30197968636622));
#1519=CARTESIAN_POINT('Ctrl Pts',(196.720032452874,-3.41425990851312,7.18285849517255));
#1520=CARTESIAN_POINT('Ctrl Pts',(195.48613792998,-1.42842817316878,7.06373730397888));
#1521=CARTESIAN_POINT('Ctrl Pts',(195.352956398988,0.905728217160903,6.94461611278522));
#1522=CARTESIAN_POINT('Ctrl Pts',(196.352964404189,3.0190212314526,6.82549492159155));
#1523=CARTESIAN_POINT('Ctrl Pts',(198.242308281858,4.39612075096273,6.70637373039789));
#1524=CARTESIAN_POINT('Ctrl Pts',(200.560268293539,4.70121870075486,6.58725253920422));
#1525=CARTESIAN_POINT('Ctrl Pts',(202.74160592286,3.85991642355248,6.46813134801056));
#1526=CARTESIAN_POINT('Ctrl Pts',(204.254398255237,2.07736691966206,6.34901015681689));
#1527=CARTESIAN_POINT('Ctrl Pts',(204.729748291057,-0.211752063301721,6.22988896562323));
#1528=CARTESIAN_POINT('Ctrl Pts',(204.051741110455,-2.4492349431851,6.11076777442956));
#1529=CARTESIAN_POINT('Ctrl Pts',(202.385709924928,-4.0894676899532,5.9916465832359));
#1530=CARTESIAN_POINT('Ctrl Pts',(200.13791929072,-4.73247674081119,5.87252539204223));
#1531=CARTESIAN_POINT('Ctrl Pts',(197.856496801401,-4.22146323810444,5.75340420084857));
#1532=CARTESIAN_POINT('Ctrl Pts',(196.097771235976,-2.68103869914145,5.6342830096549));
#1533=CARTESIAN_POINT('Ctrl Pts',(195.290610833887,-0.486838284407597,5.51516181846124));
#1534=CARTESIAN_POINT('Ctrl Pts',(195.631843040754,1.82607847927314,5.39604062726757));
#1535=CARTESIAN_POINT('Ctrl Pts',(197.038257798866,3.69370288018588,5.27691943607391));
#1536=CARTESIAN_POINT('Ctrl Pts',(199.166898462174,4.66061151145895,5.15779824488024));
#1537=CARTESIAN_POINT('Ctrl Pts',(201.498692361455,4.49102204835256,5.03867705368658));
#1538=CARTESIAN_POINT('Ctrl Pts',(203.465027563166,3.22628917172205,4.91955586249291));
#1539=CARTESIAN_POINT('Ctrl Pts',(204.586409862704,1.1748201583069,4.80043467129925));
#1540=CARTESIAN_POINT('Ctrl Pts',(204.589388266918,-1.16313076158589,4.68131348010558));
#1541=CARTESIAN_POINT('Ctrl Pts',(203.473236486843,-3.21745025439955,4.56219228891192));
#1542=CARTESIAN_POINT('Ctrl Pts',(201.510130044505,-4.48718899554674,4.44307109771825));
#1543=CARTESIAN_POINT('Ctrl Pts',(199.178775806008,-4.66271901965735,4.32394990652459));
#1544=CARTESIAN_POINT('Ctrl Pts',(197.047678492861,-3.701237029907,4.20482871533092));
#1545=CARTESIAN_POINT('Ctrl Pts',(195.636509832554,-1.8372020552117,4.08570752413726));
#1546=CARTESIAN_POINT('Ctrl Pts',(195.289385718323,0.474837785283831,3.96658633294359));
#1547=CARTESIAN_POINT('Ctrl Pts',(196.090952959576,2.6710876190844,3.84746514174993));
#1548=CARTESIAN_POINT('Ctrl Pts',(197.845748012536,4.21598816501871,3.72834395055626));
#1549=CARTESIAN_POINT('Ctrl Pts',(200.125861099952,4.73281278064012,3.6092227593626));
#1550=CARTESIAN_POINT('Ctrl Pts',(202.375282742715,4.09553289880931,3.49010156816893));
#1551=CARTESIAN_POINT('Ctrl Pts',(204.045487623028,2.45955030950737,3.37098037697527));
#1552=CARTESIAN_POINT('Ctrl Pts',(204.729193422029,0.223802167356196,3.2518591857816));
#1553=CARTESIAN_POINT('Ctrl Pts',(204.259677310369,-2.06652051637451,3.13273799458793));
#1554=CARTESIAN_POINT('Ctrl Pts',(202.751431595523,-3.85291863503882,3.01361680339427));
#1555=CARTESIAN_POINT('Ctrl Pts',(200.572244576635,-4.69977594972163,2.8944956122006));
#1556=CARTESIAN_POINT('Ctrl Pts',(198.253514738257,-4.40058485471939,2.77537442100694));
#1557=CARTESIAN_POINT('Ctrl Pts',(196.360668320314,-3.02830361065599,2.65625322981327));
#1558=CARTESIAN_POINT('Ctrl Pts',(195.355279161711,-0.917565347756601,2.53713203861961));
#1559=CARTESIAN_POINT('Ctrl Pts',(195.482513129621,1.41692279574282,2.41801084742594));
#1560=CARTESIAN_POINT('Ctrl Pts',(196.711344003236,3.40589189022381,2.29888965623228));
#1561=CARTESIAN_POINT('Ctrl Pts',(198.742119270605,4.56432841761565,2.17976846503861));
#1562=CARTESIAN_POINT('Ctrl Pts',(201.079630907027,4.60974564782485,2.06064727384495));
#1563=CARTESIAN_POINT('Ctrl Pts',(203.153872698511,3.53106851165098,1.94152608265128));
#1564=CARTESIAN_POINT('Ctrl Pts',(204.459037234836,1.59133427479317,1.82240489145762));
#1565=CARTESIAN_POINT('Ctrl Pts',(204.676857907685,-0.736449548374179,1.70328370026395));
#1566=CARTESIAN_POINT('Ctrl Pts',(203.754218777816,-2.88464888949008,1.58416250907029));
#1567=CARTESIAN_POINT('Ctrl Pts',(201.91610696619,-4.32942165955142,1.46504131787662));
#1568=CARTESIAN_POINT('Ctrl Pts',(199.610749206087,-4.71845755152015,1.34592012668296));
#1569=CARTESIAN_POINT('Ctrl Pts',(197.400310886066,-3.9568894845323,1.22679893548929));
#1570=CARTESIAN_POINT('Ctrl Pts',(195.82381127603,-2.23042716275273,1.10767774429563));
#1571=CARTESIAN_POINT('Ctrl Pts',(195.265682283545,0.0399286810585229,0.988556553101964));
#1572=CARTESIAN_POINT('Ctrl Pts',(195.862025096303,2.30054775978345,0.869435361908299));
#1573=CARTESIAN_POINT('Ctrl Pts',(197.467419466361,4.00017452022879,0.750314170714634));
#1574=CARTESIAN_POINT('Ctrl Pts',(199.69038946362,4.72435146728448,0.631192979520968));
#1575=CARTESIAN_POINT('Ctrl Pts',(201.988855224841,4.29648811972395,0.512071788327303));
#1576=CARTESIAN_POINT('Ctrl Pts',(203.80234241249,2.82091689520066,0.392950597133638));
#1577=CARTESIAN_POINT('Ctrl Pts',(204.688606580983,0.657464544454036,0.273829405939973));
#1578=CARTESIAN_POINT('Ctrl Pts',(204.431580001533,-1.66632014628086,0.154708214746308));
#1579=CARTESIAN_POINT('Ctrl Pts',(203.093835162501,-3.58374818900705,0.0355870235526427));
#1580=CARTESIAN_POINT('Ctrl Pts',(201.001819722441,-4.62730620394145,-0.0835341676410225));
#1581=CARTESIAN_POINT('Ctrl Pts',(198.665209496998,-4.5423597301774,-0.202655358834688));
#1582=CARTESIAN_POINT('Ctrl Pts',(197.325107549933,-3.74730591409635,-0.282069486297131));
#1583=CARTESIAN_POINT('Ctrl Pts',(196.790622316164,-3.21350758418397,-0.321776550028353));
#1584=CARTESIAN_POINT('Ctrl Pts',(196.355234607177,-3.15456790634207,10.3217765500284));
#1585=CARTESIAN_POINT('Ctrl Pts',(195.830552489369,-2.54835390746921,10.2820694862971));
#1586=CARTESIAN_POINT('Ctrl Pts',(195.090226517523,-1.06950518039942,10.2026553588347));
#1587=CARTESIAN_POINT('Ctrl Pts',(195.177037738189,1.41059373432821,10.083534167641));
#1588=CARTESIAN_POINT('Ctrl Pts',(196.440049376279,3.54639038455976,9.96441297644736));
#1589=CARTESIAN_POINT('Ctrl Pts',(198.571138609756,4.81757233289372,9.84529178525369));
#1590=CARTESIAN_POINT('Ctrl Pts',(201.050675749296,4.91390539527647,9.72617059406003));
#1591=CARTESIAN_POINT('Ctrl Pts',(203.27399739691,3.81201084400088,9.60704940286637));
#1592=CARTESIAN_POINT('Ctrl Pts',(204.698952555604,1.78053438743973,9.4879282116727));
#1593=CARTESIAN_POINT('Ctrl Pts',(204.978058627499,-0.685120685582142,9.36880702047903));
#1594=CARTESIAN_POINT('Ctrl Pts',(204.043257282872,-2.98371146317241,9.24968582928537));
#1595=CARTESIAN_POINT('Ctrl Pts',(202.122500411075,-4.55471744352445,9.1305646380917));
#1596=CARTESIAN_POINT('Ctrl Pts',(199.684168329538,-5.01504854074295,9.01144344689804));
#1597=CARTESIAN_POINT('Ctrl Pts',(197.32285227312,-4.25245111489911,8.89232225570437));
#1598=CARTESIAN_POINT('Ctrl Pts',(195.614363303893,-2.45288636887369,8.77320106451071));
#1599=CARTESIAN_POINT('Ctrl Pts',(194.975319335041,-0.0551810080045292,
8.65407987331704));
#1600=CARTESIAN_POINT('Ctrl Pts',(195.561552353571,2.35598030129384,8.53495868212338));
#1601=CARTESIAN_POINT('Ctrl Pts',(197.230108424601,4.19263179762289,8.41583749092971));
#1602=CARTESIAN_POINT('Ctrl Pts',(199.574107298807,5.00690284636156,8.29671629973605));
#1603=CARTESIAN_POINT('Ctrl Pts',(202.021960836508,4.60023206941933,8.17759510854238));
#1604=CARTESIAN_POINT('Ctrl Pts',(203.976755763658,3.07178682679557,8.05847391734872));
#1605=CARTESIAN_POINT('Ctrl Pts',(204.961811990904,0.794281109386473,7.93935272615505));
#1606=CARTESIAN_POINT('Ctrl Pts',(204.736921871376,-1.67691141641368,7.82023153496139));
#1607=CARTESIAN_POINT('Ctrl Pts',(203.356925245556,-3.73918622288779,7.70111034376772));
#1608=CARTESIAN_POINT('Ctrl Pts',(201.158336652759,-4.8896540688258,7.58198915257405));
#1609=CARTESIAN_POINT('Ctrl Pts',(198.677285684519,-4.84777140069735,7.46286796138039));
#1610=CARTESIAN_POINT('Ctrl Pts',(196.518780866129,-3.62375137886299,7.34374677018673));
#1611=CARTESIAN_POINT('Ctrl Pts',(195.209177292142,-1.51607338071147,7.22462557899306));
#1612=CARTESIAN_POINT('Ctrl Pts',(195.067824035652,0.961301706301933,7.1055043877994));
#1613=CARTESIAN_POINT('Ctrl Pts',(196.1291903302,3.20426172682833,6.98638319660573));
#1614=CARTESIAN_POINT('Ctrl Pts',(198.134460188179,4.66585704070987,6.86726200541207));
#1615=CARTESIAN_POINT('Ctrl Pts',(200.594645122412,4.98967512892594,6.7481408142184));
#1616=CARTESIAN_POINT('Ctrl Pts',(202.909824825723,4.09675239640311,6.62901962302473));
#1617=CARTESIAN_POINT('Ctrl Pts',(204.515438764696,2.20482957983362,6.50989843183107));
#1618=CARTESIAN_POINT('Ctrl Pts',(205.019955232072,-0.22474470366284,6.3907772406374));
#1619=CARTESIAN_POINT('Ctrl Pts',(204.300347023728,-2.59951460648805,6.27165604944374));
#1620=CARTESIAN_POINT('Ctrl Pts',(202.532091832982,-4.3403884230762,6.15253485825007));
#1621=CARTESIAN_POINT('Ctrl Pts',(200.146381714723,-5.02285109349509,6.03341366705641));
#1622=CARTESIAN_POINT('Ctrl Pts',(197.724976164775,-4.4804829274296,5.91429247586275));
#1623=CARTESIAN_POINT('Ctrl Pts',(195.858339071079,-2.8455413305163,5.79517128466908));
#1624=CARTESIAN_POINT('Ctrl Pts',(195.001653083951,-0.516709609601341,5.67605009347542));
#1625=CARTESIAN_POINT('Ctrl Pts',(195.363822547695,1.93812263403808,5.55692890228175));
#1626=CARTESIAN_POINT('Ctrl Pts',(196.856531818672,3.92034035599031,5.43780771108809));
#1627=CARTESIAN_POINT('Ctrl Pts',(199.115781186165,4.94657637190517,5.31868651989442));
#1628=CARTESIAN_POINT('Ctrl Pts',(201.590648824881,4.76658127275056,5.19956532870076));
#1629=CARTESIAN_POINT('Ctrl Pts',(203.677634025023,3.42424717154294,5.08044413750709));
#1630=CARTESIAN_POINT('Ctrl Pts',(204.867821873362,1.24690453646063,4.96132294631342));
#1631=CARTESIAN_POINT('Ctrl Pts',(204.870983025901,-1.23449790409494,4.84220175511976));
#1632=CARTESIAN_POINT('Ctrl Pts',(203.686346630182,-3.41486591771537,4.72308056392609));
#1633=CARTESIAN_POINT('Ctrl Pts',(201.602788298979,-4.76251303226433,4.60395937273243));
#1634=CARTESIAN_POINT('Ctrl Pts',(199.128387297665,-4.94881319216623,4.48483818153876));
#1635=CARTESIAN_POINT('Ctrl Pts',(196.866530545707,-3.92833678454936,4.3657169903451));
#1636=CARTESIAN_POINT('Ctrl Pts',(195.368775683564,-1.94992872810395,4.24659579915143));
#1637=CARTESIAN_POINT('Ctrl Pts',(195.000352797994,0.503972786274457,4.12747460795777));
#1638=CARTESIAN_POINT('Ctrl Pts',(195.851102440252,2.83497967409758,4.0083534167641));
#1639=CARTESIAN_POINT('Ctrl Pts',(197.713567853892,4.47467191591454,3.88923222557044));
#1640=CARTESIAN_POINT('Ctrl Pts',(200.13358365992,5.02320775198803,3.77011103437677));
#1641=CARTESIAN_POINT('Ctrl Pts',(202.521024861828,4.34682577979314,3.65098984318311));
#1642=CARTESIAN_POINT('Ctrl Pts',(204.293709836081,2.61046290097513,3.53186865198944));
#1643=CARTESIAN_POINT('Ctrl Pts',(205.019366317501,0.237534175569754,3.41274746079577));
#1644=CARTESIAN_POINT('Ctrl Pts',(204.521041731027,-2.19331766512233,3.29362626960211));
#1645=CARTESIAN_POINT('Ctrl Pts',(202.920253380026,-4.08932523899423,3.17450507840844));
#1646=CARTESIAN_POINT('Ctrl Pts',(200.60735624387,-4.98814385386602,3.05538388721478));
#1647=CARTESIAN_POINT('Ctrl Pts',(198.146354248069,-4.67059505204382,2.93626269602111));
#1648=CARTESIAN_POINT('Ctrl Pts',(196.137366941656,-3.21411365238138,2.81714150482745));
#1649=CARTESIAN_POINT('Ctrl Pts',(195.070289317981,-0.973865137167577,2.69802031363378));
#1650=CARTESIAN_POINT('Ctrl Pts',(195.205330082015,1.5038620586596,2.57889912244012));
#1651=CARTESIAN_POINT('Ctrl Pts',(196.509559312352,3.61486991739644,2.45977793124645));
#1652=CARTESIAN_POINT('Ctrl Pts',(198.664938478695,4.84438555942311,2.34065674005279));
#1653=CARTESIAN_POINT('Ctrl Pts',(201.145874682313,4.89258949087671,2.22153554885912));
#1654=CARTESIAN_POINT('Ctrl Pts',(203.347387382985,3.74772710069613,2.10241435766546));
#1655=CARTESIAN_POINT('Ctrl Pts',(204.732633941502,1.6889750420392,1.98329316647179));
#1656=CARTESIAN_POINT('Ctrl Pts',(204.963819611231,-0.781636471122129,1.86417197527813));
#1657=CARTESIAN_POINT('Ctrl Pts',(203.984569375853,-3.0616445938287,1.74505078408446));
#1658=CARTESIAN_POINT('Ctrl Pts',(202.033675070684,-4.59506543990995,1.6259295928908));
#1659=CARTESIAN_POINT('Ctrl Pts',(199.586865634438,-5.0079717176171,1.50680840169713));
#1660=CARTESIAN_POINT('Ctrl Pts',(197.240799686121,-4.19967551088599,1.38768721050347));
#1661=CARTESIAN_POINT('Ctrl Pts',(195.567569531205,-2.36728126242696,1.26856601930981));
#1662=CARTESIAN_POINT('Ctrl Pts',(194.975194972649,0.0423786170119119,1.14944482811614));
#1663=CARTESIAN_POINT('Ctrl Pts',(195.60812806735,2.44170430489751,1.03032363692248));
#1664=CARTESIAN_POINT('Ctrl Pts',(197.312025901141,4.24561642106632,0.91120244572881));
#1665=CARTESIAN_POINT('Ctrl Pts',(199.671392442818,5.0142272710753,0.792081254535145));
#1666=CARTESIAN_POINT('Ctrl Pts',(202.110887002306,4.56011117059288,0.67296006334148));
#1667=CARTESIAN_POINT('Ctrl Pts',(204.035645770791,2.99400214469701,0.553838872147814));
#1668=CARTESIAN_POINT('Ctrl Pts',(204.976289157255,0.697805121273377,0.434717680954149));
#1669=CARTESIAN_POINT('Ctrl Pts',(204.703491992819,-1.76856188149487,0.315596489760484));
#1670=CARTESIAN_POINT('Ctrl Pts',(203.283666075958,-3.80363908706282,0.196475298566819));
#1671=CARTESIAN_POINT('Ctrl Pts',(201.063289174768,-4.91122752405118,0.0773541073731539));
#1672=CARTESIAN_POINT('Ctrl Pts',(198.583309690722,-4.82106892169508,-0.0417670838205112));
#1673=CARTESIAN_POINT('Ctrl Pts',(197.160982038869,-3.9772323540365,-0.121181211282955));
#1674=CARTESIAN_POINT('Ctrl Pts',(196.593701968004,-3.41068133393647,-0.160888275014176));
#1675=CARTESIAN_POINT('Ctrl Pts',(196.144528302744,-3.33693556900039,10.4826648250425));
#1676=CARTESIAN_POINT('Ctrl Pts',(195.589513963756,-2.695675936834,10.4429577613113));
#1677=CARTESIAN_POINT('Ctrl Pts',(194.806389256521,-1.13133398413456,10.3635436338489));
#1678=CARTESIAN_POINT('Ctrl Pts',(194.898219091424,1.49214109356328,10.2444224426552));
#1679=CARTESIAN_POINT('Ctrl Pts',(196.234246269894,3.75140956452601,10.1253012514615));
#1680=CARTESIAN_POINT('Ctrl Pts',(198.488535185218,5.09607938429398,10.0061800602679));
#1681=CARTESIAN_POINT('Ctrl Pts',(201.111416011132,5.1979815248976,9.88705886907421));
#1682=CARTESIAN_POINT('Ctrl Pts',(203.463269357619,4.03238571887708,9.76793767788054));
#1683=CARTESIAN_POINT('Ctrl Pts',(204.970602119015,1.88346826116212,9.64881648668688));
#1684=CARTESIAN_POINT('Ctrl Pts',(205.265843498019,-0.724727966762328,9.52969529549321));
#1685=CARTESIAN_POINT('Ctrl Pts',(204.277000667734,-3.15620180154542,9.41057410429954));
#1686=CARTESIAN_POINT('Ctrl Pts',(202.245203567403,-4.81802867945464,9.29145291310588));
#1687=CARTESIAN_POINT('Ctrl Pts',(199.665909891221,-5.30497182267789,9.17233172191222));
#1688=CARTESIAN_POINT('Ctrl Pts',(197.168084587644,-4.49828813391963,9.05321053071855));
#1689=CARTESIAN_POINT('Ctrl Pts',(195.360826738099,-2.59468935652174,8.93408933952488));
#1690=CARTESIAN_POINT('Ctrl Pts',(194.684839213617,-0.0583710586712726,
8.81496814833122));
#1691=CARTESIAN_POINT('Ctrl Pts',(195.304962751717,2.49218108491058,8.69584695713755));
#1692=CARTESIAN_POINT('Ctrl Pts',(197.069979155737,4.43501062224171,8.57672576594389));
#1693=CARTESIAN_POINT('Ctrl Pts',(199.549486159315,5.29635522030239,8.45760457475022));
#1694=CARTESIAN_POINT('Ctrl Pts',(202.138851733356,4.86617453605612,8.33848338355656));
#1695=CARTESIAN_POINT('Ctrl Pts',(204.206654651592,3.24936886034796,8.21936219236289));
#1696=CARTESIAN_POINT('Ctrl Pts',(205.248657632588,0.840199027057941,8.10024100116923));
#1697=CARTESIAN_POINT('Ctrl Pts',(205.010766466111,-1.77385477746215,7.98111980997556));
#1698=CARTESIAN_POINT('Ctrl Pts',(203.55099132019,-3.95535105812285,7.8619986187819));
#1699=CARTESIAN_POINT('Ctrl Pts',(201.225300862821,-5.17232821318223,7.74287742758823));
#1700=CARTESIAN_POINT('Ctrl Pts',(198.600818692766,-5.12802428023424,7.62375623639457));
#1701=CARTESIAN_POINT('Ctrl Pts',(196.317529279384,-3.83324284921286,7.50463504520091));
#1702=CARTESIAN_POINT('Ctrl Pts',(194.932216654304,-1.60371858825416,7.38551385400724));
#1703=CARTESIAN_POINT('Ctrl Pts',(194.782691672317,1.01687519544296,7.26639266281357));
#1704=CARTESIAN_POINT('Ctrl Pts',(195.905416256211,3.38950222220407,7.1472714716199));
#1705=CARTESIAN_POINT('Ctrl Pts',(198.026612094501,4.93559333045702,7.02815028042624));
#1706=CARTESIAN_POINT('Ctrl Pts',(200.629021951285,5.27813155709703,6.90902908923257));
#1707=CARTESIAN_POINT('Ctrl Pts',(203.078043728587,4.33358836925375,6.78990789803891));
#1708=CARTESIAN_POINT('Ctrl Pts',(204.776479274155,2.33229224000517,6.67078670684525));
#1709=CARTESIAN_POINT('Ctrl Pts',(205.310162173087,-0.237737344023958,6.55166551565158));
#1710=CARTESIAN_POINT('Ctrl Pts',(204.548952937001,-2.74979426979101,6.43254432445791));
#1711=CARTESIAN_POINT('Ctrl Pts',(202.678473741037,-4.5913091561992,6.31342313326425));
#1712=CARTESIAN_POINT('Ctrl Pts',(200.154844138726,-5.31322544617899,6.19430194207058));
#1713=CARTESIAN_POINT('Ctrl Pts',(197.593455528149,-4.73950261675476,6.07518075087692));
#1714=CARTESIAN_POINT('Ctrl Pts',(195.618906906182,-3.01004396189114,5.95605955968326));
#1715=CARTESIAN_POINT('Ctrl Pts',(194.712695334016,-0.546580934795085,5.83693836848959));
#1716=CARTESIAN_POINT('Ctrl Pts',(195.095802054636,2.05016678880303,5.71781717729593));
#1717=CARTESIAN_POINT('Ctrl Pts',(196.674805838477,4.14697783179475,5.59869598610226));
#1718=CARTESIAN_POINT('Ctrl Pts',(199.064663910156,5.23254123235139,5.4795747949086));
#1719=CARTESIAN_POINT('Ctrl Pts',(201.682605288306,5.04214049714856,5.36045360371493));
#1720=CARTESIAN_POINT('Ctrl Pts',(203.890240486881,3.62220517136383,5.24133241252126));
#1721=CARTESIAN_POINT('Ctrl Pts',(205.149233884021,1.31898891461436,5.1222112213276));
#1722=CARTESIAN_POINT('Ctrl Pts',(205.152577784884,-1.30586504660399,5.00309003013393));
#1723=CARTESIAN_POINT('Ctrl Pts',(203.899456773522,-3.61228158103118,4.88396883894027));
#1724=CARTESIAN_POINT('Ctrl Pts',(201.695446553452,-5.03783706898191,4.76484764774661));
#1725=CARTESIAN_POINT('Ctrl Pts',(199.077998789322,-5.23490736467512,4.64572645655294));
#1726=CARTESIAN_POINT('Ctrl Pts',(196.685382598553,-4.15543653919173,4.52660526535928));
#1727=CARTESIAN_POINT('Ctrl Pts',(195.101041534575,-2.06265540099621,4.40748407416561));
#1728=CARTESIAN_POINT('Ctrl Pts',(194.711319877665,0.533107787265084,4.28836288297194));
#1729=CARTESIAN_POINT('Ctrl Pts',(195.611251920928,2.99887172911076,4.16924169177828));
#1730=CARTESIAN_POINT('Ctrl Pts',(197.581387695248,4.73335566681037,4.05012050058461));
#1731=CARTESIAN_POINT('Ctrl Pts',(200.141306219887,5.31360272333592,3.93099930939095));
#1732=CARTESIAN_POINT('Ctrl Pts',(202.666766980941,4.59811866077696,3.81187811819728));
#1733=CARTESIAN_POINT('Ctrl Pts',(204.541932049135,2.76137549244288,3.69275692700362));
#1734=CARTESIAN_POINT('Ctrl Pts',(205.309539212974,0.251266183783318,3.57363573580995));
#1735=CARTESIAN_POINT('Ctrl Pts',(204.782406151686,-2.32011481387016,3.45451454461629));
#1736=CARTESIAN_POINT('Ctrl Pts',(203.08907516453,-4.32573184294964,3.33539335342262));
#1737=CARTESIAN_POINT('Ctrl Pts',(200.642467911104,-5.27651175801041,3.21627216222896));
#1738=CARTESIAN_POINT('Ctrl Pts',(198.03919375788,-4.94060524936826,3.09715097103529));
#1739=CARTESIAN_POINT('Ctrl Pts',(195.914065562997,-3.39992369410677,2.97802977984163));
#1740=CARTESIAN_POINT('Ctrl Pts',(194.785299474252,-1.03016492657855,2.85890858864796));
#1741=CARTESIAN_POINT('Ctrl Pts',(194.928147034408,1.59080132157637,2.7397873974543));
#1742=CARTESIAN_POINT('Ctrl Pts',(196.307774621468,3.82384794456908,2.62066620626063));
#1743=CARTESIAN_POINT('Ctrl Pts',(198.587757686785,5.12444270123057,2.50154501506697));
#1744=CARTESIAN_POINT('Ctrl Pts',(201.212118457599,5.17543333392857,2.3824238238733));
#1745=CARTESIAN_POINT('Ctrl Pts',(203.540902067458,3.96438568974129,2.26330263267964));
#1746=CARTESIAN_POINT('Ctrl Pts',(205.006230648168,1.78661580928522,2.14418144148597));
#1747=CARTESIAN_POINT('Ctrl Pts',(205.250781314778,-0.826823393870078,2.0250602502923));
#1748=CARTESIAN_POINT('Ctrl Pts',(204.21491997389,-3.23864029816732,1.90593905909864));
#1749=CARTESIAN_POINT('Ctrl Pts',(202.151243175178,-4.86070922026848,1.78681786790498));
#1750=CARTESIAN_POINT('Ctrl Pts',(199.562982062789,-5.29748588371404,1.66769667671131));
#1751=CARTESIAN_POINT('Ctrl Pts',(197.081288486176,-4.44246153723968,1.54857548551765));
#1752=CARTESIAN_POINT('Ctrl Pts',(195.31132778638,-2.50413536210118,1.42945429432398));
#1753=CARTESIAN_POINT('Ctrl Pts',(194.684707661753,0.0448285529653017,1.31033310313032));
#1754=CARTESIAN_POINT('Ctrl Pts',(195.354231038396,2.58286085001156,1.19121191193665));
#1755=CARTESIAN_POINT('Ctrl Pts',(197.156632335921,4.49105832190384,1.07209072074299));
#1756=CARTESIAN_POINT('Ctrl Pts',(199.652395422017,5.30410307486611,0.952969529549321));
#1757=CARTESIAN_POINT('Ctrl Pts',(202.232918779772,4.82373422146181,0.833848338355656));
#1758=CARTESIAN_POINT('Ctrl Pts',(204.268949129091,3.16708739419336,0.714727147161991));
#1759=CARTESIAN_POINT('Ctrl Pts',(205.263971733526,0.738145698092723,0.595605955968326));
#1760=CARTESIAN_POINT('Ctrl Pts',(204.975403984106,-1.87080361670887,0.476484764774661));
#1761=CARTESIAN_POINT('Ctrl Pts',(203.473496989415,-4.0235299851186,0.357363573580995));
#1762=CARTESIAN_POINT('Ctrl Pts',(201.124758627095,-5.19514884416091,0.23824238238733));
#1763=CARTESIAN_POINT('Ctrl Pts',(198.501409884446,-5.09977811321276,0.119121191193665));
#1764=CARTESIAN_POINT('Ctrl Pts',(196.996856527804,-4.20715879397665,0.0397070637312217));
#1765=CARTESIAN_POINT('Ctrl Pts',(196.396781619843,-3.60785508368897,0.));
#1766=CARTESIAN_POINT('Ctrl Pts',(196.396781619843,-3.60785508368897,0.));
#1767=CARTESIAN_POINT('Ctrl Pts',(196.508897382791,-3.7030269602638,-1.55925832303839E-16));
#1768=CARTESIAN_POINT('Ctrl Pts',(196.624964944798,-3.79302054333399,-3.0694406300023E-15));
#1769=CARTESIAN_POINT('Ctrl Pts',(196.744582336457,-3.87769461635578,-3.05311331771918E-15));
#1770=CARTESIAN_POINT('Ctrl Pts',(196.865153031227,-3.96304350811584,-3.03665588324067E-15));
#1771=CARTESIAN_POINT('Ctrl Pts',(196.989331089315,-4.04298809787395,-2.36191460549808E-15));
#1772=CARTESIAN_POINT('Ctrl Pts',(197.116731991961,-4.11733847805373,-2.33146835171283E-15));
#1773=CARTESIAN_POINT('Ctrl Pts',(197.243127077628,-4.19110186965489,-2.30126246795918E-15));
#1774=CARTESIAN_POINT('Ctrl Pts',(197.372695069186,-4.25935924274998,-8.54699940430551E-16));
#1775=CARTESIAN_POINT('Ctrl Pts',(197.505075957318,-4.32187687732032,-1.0547118733939E-15));
#1776=CARTESIAN_POINT('Ctrl Pts',(197.635713178499,-4.38357105516053,-1.25208933092584E-15));
#1777=CARTESIAN_POINT('Ctrl Pts',(197.76909036809,-4.439675851487,-1.12714109241361E-15));
#1778=CARTESIAN_POINT('Ctrl Pts',(197.904866085316,-4.489916882987,-1.11022302462516E-15));
#1779=CARTESIAN_POINT('Ctrl Pts',(197.954722120331,-4.50836509064014,-1.10401081085619E-15));
#1780=CARTESIAN_POINT('Ctrl Pts',(198.004901546161,-4.52602217823714,-1.62224781324441E-15));
#1781=CARTESIAN_POINT('Ctrl Pts',(198.055387338272,-4.54287278146369,-1.60982338570648E-15));
#1782=CARTESIAN_POINT('Ctrl Pts',(198.078233201443,-4.5504980272913,-1.60420107575292E-15));
#1783=CARTESIAN_POINT('Ctrl Pts',(198.101145107391,-4.55795908310669,-1.03726087230128E-15));
#1784=CARTESIAN_POINT('Ctrl Pts',(198.124096833177,-4.56524687444661,-9.43689570931383E-16));
#1785=CARTESIAN_POINT('Ctrl Pts',(198.261307602744,-4.60881499074209,-3.84298508556828E-16));
#1786=CARTESIAN_POINT('Ctrl Pts',(198.400110367668,-4.6462535390514,-1.37132782374228E-15));
#1787=CARTESIAN_POINT('Ctrl Pts',(198.540151379228,-4.67737951185464,-9.99200722162641E-16));
#1788=CARTESIAN_POINT('Ctrl Pts',(198.566944018593,-4.68333453142287,-9.2800538360137E-16));
#1789=CARTESIAN_POINT('Ctrl Pts',(198.593782013948,-4.6890583400086,2.01401848633227E-15));
#1790=CARTESIAN_POINT('Ctrl Pts',(198.620662925632,-4.69454944087047,1.99840144432528E-15));
#1791=CARTESIAN_POINT('Ctrl Pts',(198.761706770142,-4.72336118599557,2.03149808769247E-15));
#1792=CARTESIAN_POINT('Ctrl Pts',(198.903932218674,-4.74577048954001,-2.05286235869871E-15));
#1793=CARTESIAN_POINT('Ctrl Pts',(199.046904761149,-4.7617946702042,-2.44249065417534E-15));
#1794=CARTESIAN_POINT('Ctrl Pts',(199.18951262951,-4.7777779786577,-2.83112514097519E-15));
#1795=CARTESIAN_POINT('Ctrl Pts',(199.332864591447,-4.78740856011214,2.27565408851651E-15));
#1796=CARTESIAN_POINT('Ctrl Pts',(199.476521395603,-4.79065264343148,1.99840144432528E-15));
#1797=CARTESIAN_POINT('Ctrl Pts',(199.604504037765,-4.79354277005681,1.75139938856947E-15));
#1798=CARTESIAN_POINT('Ctrl Pts',(199.732728895736,-4.79136326769407,1.23392375188729E-15));
#1799=CARTESIAN_POINT('Ctrl Pts',(199.860872220932,-4.78405728772153,1.27675647831893E-15));
#1800=CARTESIAN_POINT('Ctrl Pts',(199.886444439681,-4.78259930996301,1.2853041560718E-15));
#1801=CARTESIAN_POINT('Ctrl Pts',(199.91201335878,-4.78093707808409,2.6348545553947E-15));
#1802=CARTESIAN_POINT('Ctrl Pts',(199.937576320755,-4.77906999547511,2.72004641033163E-15));
#1803=CARTESIAN_POINT('Ctrl Pts',(199.955100989288,-4.77779001845696,2.7784496196635E-15));
#1804=CARTESIAN_POINT('Ctrl Pts',(199.972619140697,-4.77641400635406,-3.45372600323693E-16));
#1805=CARTESIAN_POINT('Ctrl Pts',(199.990121703377,-4.77494265771009,-3.33066907387547E-16));
#1806=CARTESIAN_POINT('Ctrl Pts',(200.13038846798,-4.76315116650566,-2.34448221316217E-16));
#1807=CARTESIAN_POINT('Ctrl Pts',(200.269813225624,-4.74522951340708,2.65640325672437E-15));
#1808=CARTESIAN_POINT('Ctrl Pts',(200.407990135494,-4.72120144060611,2.22044604925031E-15));
#1809=CARTESIAN_POINT('Ctrl Pts',(200.544948880481,-4.69738519881588,1.78833223182515E-15));
#1810=CARTESIAN_POINT('Ctrl Pts',(200.68068241469,-4.66756952284349,4.55295811398992E-16));
#1811=CARTESIAN_POINT('Ctrl Pts',(200.814781182709,-4.63172878293975,3.88578058618805E-16));
#1812=CARTESIAN_POINT('Ctrl Pts',(200.874076479641,-4.61588085721865,3.59077049622379E-16));
#1813=CARTESIAN_POINT('Ctrl Pts',(200.933051892492,-4.59885428769481,2.38066281901392E-16));
#1814=CARTESIAN_POINT('Ctrl Pts',(200.99167054723,-4.58064393426332,0.));
#1815=CARTESIAN_POINT('Ctrl Pts',(201.125239228341,-4.53914975632157,-5.63961150159748E-16));
#1816=CARTESIAN_POINT('Ctrl Pts',(201.256957969106,-4.49151182209431,-1.7454453888543E-15));
#1817=CARTESIAN_POINT('Ctrl Pts',(201.386427895516,-4.43790981702517,-1.63757896132211E-15));
#1818=CARTESIAN_POINT('Ctrl Pts',(201.45870678284,-4.40798554509442,-1.57736061117815E-15));
#1819=CARTESIAN_POINT('Ctrl Pts',(201.530284206239,-4.37620178506756,1.59551615995924E-16));
#1820=CARTESIAN_POINT('Ctrl Pts',(201.601085533488,-4.34258497183033,1.66533453693773E-16));
#1821=CARTESIAN_POINT('Ctrl Pts',(201.628377584521,-4.32962657375963,1.69224768647255E-16));
#1822=CARTESIAN_POINT('Ctrl Pts',(201.655554271693,-4.31639576893594,-9.35782443097679E-16));
#1823=CARTESIAN_POINT('Ctrl Pts',(201.682611148923,-4.30289395065397,-9.15933995315754E-16));
#1824=CARTESIAN_POINT('Ctrl Pts',(201.69713035521,-4.29564863245948,-9.05282961740614E-16));
#1825=CARTESIAN_POINT('Ctrl Pts',(201.711613641638,-4.28832594291976,2.57427699513633E-16));
#1826=CARTESIAN_POINT('Ctrl Pts',(201.726051953009,-4.28093053721272,2.22044604925031E-16));
#1827=CARTESIAN_POINT('Ctrl Pts',(201.848174457706,-4.21837852229803,-7.72336156503005E-17));
#1828=CARTESIAN_POINT('Ctrl Pts',(201.967250819859,-4.15054398453317,-1.52197586976915E-15));
#1829=CARTESIAN_POINT('Ctrl Pts',(202.082943208892,-4.07765640849491,-1.52655665885959E-15));
#1830=CARTESIAN_POINT('Ctrl Pts',(202.198261118647,-4.00500475883898,-1.53112262060829E-15));
#1831=CARTESIAN_POINT('Ctrl Pts',(202.310217537136,-3.92733220037505,8.99440435838193E-16));
#1832=CARTESIAN_POINT('Ctrl Pts',(202.418445305807,-3.84482608423046,5.82867087928207E-16));
#1833=CARTESIAN_POINT('Ctrl Pts',(202.52470940701,-3.76381694596984,2.72037596626868E-16));
#1834=CARTESIAN_POINT('Ctrl Pts',(202.627379390308,-3.67814750680109,-1.71363438661038E-15));
#1835=CARTESIAN_POINT('Ctrl Pts',(202.726068523597,-3.58796467278279,-2.16493489801906E-15));
#1836=CARTESIAN_POINT('Ctrl Pts',(202.795336975146,-3.52466666761634,-2.48169609114114E-15));
#1837=CARTESIAN_POINT('Ctrl Pts',(202.862643489048,-3.45914453594149,-2.24941769027437E-15));
#1838=CARTESIAN_POINT('Ctrl Pts',(202.927840656979,-3.39144198007717,-2.4980018054066E-15));
#1839=CARTESIAN_POINT('Ctrl Pts',(202.95977610601,-3.35827931993856,-2.59252365357528E-15));
#1840=CARTESIAN_POINT('Ctrl Pts',(202.991205264309,-3.32459341725203,-1.62010477869711E-15));
#1841=CARTESIAN_POINT('Ctrl Pts',(203.022116763609,-3.29039719888736,-1.62370117351429E-15));
#1842=CARTESIAN_POINT('Ctrl Pts',(203.037483880466,-3.27339714079918,-1.62548905895087E-15));
#1843=CARTESIAN_POINT('Ctrl Pts',(203.052723052242,-3.25627096052743,-3.47421542909896E-15));
#1844=CARTESIAN_POINT('Ctrl Pts',(203.067832819765,-3.23902023469132,-3.49720252756924E-15));
#1845=CARTESIAN_POINT('Ctrl Pts',(203.079748289811,-3.22541641804297,-3.51533001251326E-15));
#1846=CARTESIAN_POINT('Ctrl Pts',(203.091582697531,-3.21173575523421,-6.4652344599404E-15));
#1847=CARTESIAN_POINT('Ctrl Pts',(203.103328720769,-3.19798697214325,-6.32827124036339E-15));
#1848=CARTESIAN_POINT('Ctrl Pts',(203.190589061199,-3.09584827645489,-5.31078158238317E-15));
#1849=CARTESIAN_POINT('Ctrl Pts',(203.273076215061,-2.98983766467099,-6.51468658976208E-15));
#1850=CARTESIAN_POINT('Ctrl Pts',(203.35057612686,-2.88032125611043,-5.9535709695524E-15));
#1851=CARTESIAN_POINT('Ctrl Pts',(203.424200578852,-2.77628132397025,-5.42051449137972E-15));
#1852=CARTESIAN_POINT('Ctrl Pts',(203.493324021436,-2.66907666866924,-3.33436203587827E-15));
#1853=CARTESIAN_POINT('Ctrl Pts',(203.557722142443,-2.55900587467677,-3.70536934468646E-15));
#1854=CARTESIAN_POINT('Ctrl Pts',(203.583189067963,-2.51547720227441,-3.85208815190338E-15));
#1855=CARTESIAN_POINT('Ctrl Pts',(203.607916545774,-2.47150018326382,-4.02815943968797E-15));
#1856=CARTESIAN_POINT('Ctrl Pts',(203.631888849542,-2.42709296067066,-4.07313072159354E-15));
#1857=CARTESIAN_POINT('Ctrl Pts',(203.64373039867,-2.40515721711215,-4.09534509235967E-15));
#1858=CARTESIAN_POINT('Ctrl Pts',(203.655387665431,-2.3831165003442,-2.16219526519936E-15));
#1859=CARTESIAN_POINT('Ctrl Pts',(203.666858655363,-2.36097299066997,-2.08166817117217E-15));
#1860=CARTESIAN_POINT('Ctrl Pts',(203.677447684587,-2.34053201108049,-2.00733249856983E-15));
#1861=CARTESIAN_POINT('Ctrl Pts',(203.687873748457,-2.32001157568174,-1.26300007615479E-15));
#1862=CARTESIAN_POINT('Ctrl Pts',(203.698134527466,-2.29941586691475,-1.40859546249317E-15));
#1863=CARTESIAN_POINT('Ctrl Pts',(203.756750377791,-2.1817605717992,-2.24032542823035E-15));
#1864=CARTESIAN_POINT('Ctrl Pts',(203.80998928043,-2.06162495449776,-4.83356595865678E-15));
#1865=CARTESIAN_POINT('Ctrl Pts',(203.857615074033,-1.93934570686249,-2.65759636519647E-15));
#1866=CARTESIAN_POINT('Ctrl Pts',(203.904466412995,-1.81905487188271,-5.17010743761362E-16));
#1867=CARTESIAN_POINT('Ctrl Pts',(203.945885851893,-1.69668885336456,-6.63829408429037E-16));
#1868=CARTESIAN_POINT('Ctrl Pts',(203.981598462696,-1.5725628997939,-5.84601811404184E-16));
#1869=CARTESIAN_POINT('Ctrl Pts',(203.988130755498,-1.54985867697426,-5.70110071646528E-16));
#1870=CARTESIAN_POINT('Ctrl Pts',(203.994471974098,-1.52709557363406,3.33644148508527E-17));
#1871=CARTESIAN_POINT('Ctrl Pts',(204.000620244938,-1.50427552754299,7.80625564189563E-18));
#1872=CARTESIAN_POINT('Ctrl Pts',(204.010241155351,-1.46856636235383,-3.8259083963368E-17));
#1873=CARTESIAN_POINT('Ctrl Pts',(204.019389618671,-1.43271775980982,1.30698589769369E-15));
#1874=CARTESIAN_POINT('Ctrl Pts',(204.028063932791,-1.39673935418458,1.30451205393456E-15));
#1875=CARTESIAN_POINT('Ctrl Pts',(196.776647216042,-2.78983258102542,10.));
#1876=CARTESIAN_POINT('Ctrl Pts',(196.683697000196,-2.70136851845624,10.));
#1877=CARTESIAN_POINT('Ctrl Pts',(196.59504060193,-2.60880586882247,10.));
#1878=CARTESIAN_POINT('Ctrl Pts',(196.510794216456,-2.51256440899372,10.));
#1879=CARTESIAN_POINT('Ctrl Pts',(196.424986671913,-2.41453951089783,10.));
#1880=CARTESIAN_POINT('Ctrl Pts',(196.343753576562,-2.31269778144961,10.));
#1881=CARTESIAN_POINT('Ctrl Pts',(196.26724071257,-2.20743378446973,10.));
#1882=CARTESIAN_POINT('Ctrl Pts',(196.189619229631,-2.10064458433417,10.));
#1883=CARTESIAN_POINT('Ctrl Pts',(196.116855182049,-1.99033271347471,10.));
#1884=CARTESIAN_POINT('Ctrl Pts',(196.049132568376,-1.87686730458722,10.));
#1885=CARTESIAN_POINT('Ctrl Pts',(195.981563561245,-1.76365925477124,10.));
#1886=CARTESIAN_POINT('Ctrl Pts',(195.919012637912,-1.64731130992887,10.));
#1887=CARTESIAN_POINT('Ctrl Pts',(195.861701953805,-1.52815666585819,10.));
#1888=CARTESIAN_POINT('Ctrl Pts',(195.850575448065,-1.50502354763023,10.));
#1889=CARTESIAN_POINT('Ctrl Pts',(195.839646588961,-1.48178455578386,10.));
#1890=CARTESIAN_POINT('Ctrl Pts',(195.828917200334,-1.45844201429526,10.));
#1891=CARTESIAN_POINT('Ctrl Pts',(195.818260710703,-1.43525806971211,10.));
#1892=CARTESIAN_POINT('Ctrl Pts',(195.80779878267,-1.41196672076571,10.));
#1893=CARTESIAN_POINT('Ctrl Pts',(195.797546185505,-1.38860032463339,10.));
#1894=CARTESIAN_POINT('Ctrl Pts',(195.743102343537,-1.26451894720825,10.));
#1895=CARTESIAN_POINT('Ctrl Pts',(195.694495269522,-1.13819324489964,10.));
#1896=CARTESIAN_POINT('Ctrl Pts',(195.651880039457,-1.01003404013908,10.));
#1897=CARTESIAN_POINT('Ctrl Pts',(195.645369185098,-0.990453577576161,10.));
#1898=CARTESIAN_POINT('Ctrl Pts',(195.638998260102,-0.970830242038438,10.));
#1899=CARTESIAN_POINT('Ctrl Pts',(195.632767890332,-0.951165421175584,10.));
#1900=CARTESIAN_POINT('Ctrl Pts',(195.592409897622,-0.82378410571963,10.));
#1901=CARTESIAN_POINT('Ctrl Pts',(195.557945917275,-0.694664485562608,10.));
#1902=CARTESIAN_POINT('Ctrl Pts',(195.529312598253,-0.564226787152531,10.));
#1903=CARTESIAN_POINT('Ctrl Pts',(195.500331359414,-0.432204156858182,10.));
#1904=CARTESIAN_POINT('Ctrl Pts',(195.477323107876,-0.298830520124697,10.));
#1905=CARTESIAN_POINT('Ctrl Pts',(195.460269714087,-0.164517472945942,10.));
#1906=CARTESIAN_POINT('Ctrl Pts',(195.444703882802,-0.041920513198411,10.));
#1907=CARTESIAN_POINT('Ctrl Pts',(195.434099809565,0.0814598365798017,10.));
#1908=CARTESIAN_POINT('Ctrl Pts',(195.428480012548,0.205320056778496,10.));
#1909=CARTESIAN_POINT('Ctrl Pts',(195.427571529037,0.225343016226651,10.));
#1910=CARTESIAN_POINT('Ctrl Pts',(195.42679337604,0.245378525673394,10.));
#1911=CARTESIAN_POINT('Ctrl Pts',(195.426145736458,0.26542531078324,10.));
#1912=CARTESIAN_POINT('Ctrl Pts',(195.425561510703,0.283509208821439,10.));
#1913=CARTESIAN_POINT('Ctrl Pts',(195.425083785668,0.301593500478492,10.));
#1914=CARTESIAN_POINT('Ctrl Pts',(195.424712426712,0.319674551430251,10.));
#1915=CARTESIAN_POINT('Ctrl Pts',(195.421869016244,0.458117017210129,10.));
#1916=CARTESIAN_POINT('Ctrl Pts',(195.425255967504,0.596417532321185,10.));
#1917=CARTESIAN_POINT('Ctrl Pts',(195.434800913183,0.734135424686258,10.));
#1918=CARTESIAN_POINT('Ctrl Pts',(195.444451513622,0.873377741724537,10.));
#1919=CARTESIAN_POINT('Ctrl Pts',(195.46039698692,1.0120252431291,10.));
#1920=CARTESIAN_POINT('Ctrl Pts',(195.482612267874,1.1496405909224,10.));
#1921=CARTESIAN_POINT('Ctrl Pts',(195.491408268354,1.20412852055131,10.));
#1922=CARTESIAN_POINT('Ctrl Pts',(195.501187755726,1.25845477174622,10.));
#1923=CARTESIAN_POINT('Ctrl Pts',(195.511951403232,1.31259254954054,10.));
#1924=CARTESIAN_POINT('Ctrl Pts',(195.538991955806,1.4485980649366,10.));
#1925=CARTESIAN_POINT('Ctrl Pts',(195.57224002825,1.58341447526852,10.));
#1926=CARTESIAN_POINT('Ctrl Pts',(195.611482801132,1.71669363361673,10.));
#1927=CARTESIAN_POINT('Ctrl Pts',(195.63474058054,1.79568339496113,10.));
#1928=CARTESIAN_POINT('Ctrl Pts',(195.660105012388,1.87413314609169,10.));
#1929=CARTESIAN_POINT('Ctrl Pts',(195.687540247163,1.95196885137512,10.));
#1930=CARTESIAN_POINT('Ctrl Pts',(195.697720835091,1.98085190078622,10.));
#1931=CARTESIAN_POINT('Ctrl Pts',(195.708186629339,2.00965037997055,10.));
#1932=CARTESIAN_POINT('Ctrl Pts',(195.718936009318,2.0383604364999,10.));
#1933=CARTESIAN_POINT('Ctrl Pts',(195.725494323052,2.05587675450456,10.));
#1934=CARTESIAN_POINT('Ctrl Pts',(195.732154862471,2.07335122151026,10.));
#1935=CARTESIAN_POINT('Ctrl Pts',(195.738916184341,2.09078113035028,10.));
#1936=CARTESIAN_POINT('Ctrl Pts',(195.790222817961,2.22304372101622,10.));
#1937=CARTESIAN_POINT('Ctrl Pts',(195.847341624277,2.35277610500316,10.));
#1938=CARTESIAN_POINT('Ctrl Pts',(195.909983058922,2.47962677925907,10.));
#1939=CARTESIAN_POINT('Ctrl Pts',(195.97324328373,2.60773052107049,10.));
#1940=CARTESIAN_POINT('Ctrl Pts',(196.042135974857,2.73289607728286,10.));
#1941=CARTESIAN_POINT('Ctrl Pts',(196.116416528249,2.85475834659017,10.));
#1942=CARTESIAN_POINT('Ctrl Pts',(196.190735890389,2.97668428427237,10.));
#1943=CARTESIAN_POINT('Ctrl Pts',(196.27044902126,3.09530424092396,10.));
#1944=CARTESIAN_POINT('Ctrl Pts',(196.35536069713,3.21023821516129,10.));
#1945=CARTESIAN_POINT('Ctrl Pts',(196.414734527664,3.29060490488859,10.));
#1946=CARTESIAN_POINT('Ctrl Pts',(196.476651173993,3.36916908818302,10.));
#1947=CARTESIAN_POINT('Ctrl Pts',(196.541057245613,3.44579364685951,10.));
#1948=CARTESIAN_POINT('Ctrl Pts',(196.57452171678,3.48560666867718,10.));
#1949=CARTESIAN_POINT('Ctrl Pts',(196.608658433656,3.52489593539924,10.));
#1950=CARTESIAN_POINT('Ctrl Pts',(196.643451701187,3.56365061594827,10.));
#1951=CARTESIAN_POINT('Ctrl Pts',(196.658337181259,3.58023089328219,10.));
#1952=CARTESIAN_POINT('Ctrl Pts',(196.673342842076,3.59671331495304,10.));
#1953=CARTESIAN_POINT('Ctrl Pts',(196.688467492521,3.61309699845125,10.));
#1954=CARTESIAN_POINT('Ctrl Pts',(196.702504081438,3.62830204606812,10.));
#1955=CARTESIAN_POINT('Ctrl Pts',(196.716640551458,3.64341916826461,10.));
#1956=CARTESIAN_POINT('Ctrl Pts',(196.730869070604,3.65844076052901,10.));
#1957=CARTESIAN_POINT('Ctrl Pts',(196.830074274516,3.76317549141188,10.));
#1958=CARTESIAN_POINT('Ctrl Pts',(196.933844361739,3.8633703267512,10.));
#1959=CARTESIAN_POINT('Ctrl Pts',(197.04177146729,3.95884566340192,10.));
#1960=CARTESIAN_POINT('Ctrl Pts',(197.152703142861,4.05697892674031,10.));
#1961=CARTESIAN_POINT('Ctrl Pts',(197.268026896493,4.15012692277747,10.));
#1962=CARTESIAN_POINT('Ctrl Pts',(197.387347161179,4.23806470066611,10.));
#1963=CARTESIAN_POINT('Ctrl Pts',(197.433499220812,4.27207828234799,10.));
#1964=CARTESIAN_POINT('Ctrl Pts',(197.480249648589,4.30531201089113,10.));
#1965=CARTESIAN_POINT('Ctrl Pts',(197.527577175157,4.33775138302112,10.));
#1966=CARTESIAN_POINT('Ctrl Pts',(197.548901919635,4.35236785195279,10.));
#1967=CARTESIAN_POINT('Ctrl Pts',(197.570343838213,4.36682303809764,10.));
#1968=CARTESIAN_POINT('Ctrl Pts',(197.591901038128,4.38111555336928,10.));
#1969=CARTESIAN_POINT('Ctrl Pts',(197.613663169799,4.3955439392676,10.));
#1970=CARTESIAN_POINT('Ctrl Pts',(197.635536437773,4.40980229573297,10.));
#1971=CARTESIAN_POINT('Ctrl Pts',(197.657512863637,4.42388581857538,10.));
#1972=CARTESIAN_POINT('Ctrl Pts',(197.782543040366,4.5040110109454,10.));
#1973=CARTESIAN_POINT('Ctrl Pts',(197.910966567517,4.57851813597007,10.));
#1974=CARTESIAN_POINT('Ctrl Pts',(198.042382826225,4.64719726698327,10.));
#1975=CARTESIAN_POINT('Ctrl Pts',(198.174054507221,4.71600988361715,10.));
#1976=CARTESIAN_POINT('Ctrl Pts',(198.308731167626,4.77897236567246,10.));
#1977=CARTESIAN_POINT('Ctrl Pts',(198.446045687704,4.83583599700361,10.));
#1978=CARTESIAN_POINT('Ctrl Pts',(198.481526580698,4.85052907110366,10.));
#1979=CARTESIAN_POINT('Ctrl Pts',(198.517183752537,4.86481473016899,10.));
#1980=CARTESIAN_POINT('Ctrl Pts',(198.553011180919,4.87868820806072,10.));
#1981=CARTESIAN_POINT('Ctrl Pts',(198.594108168939,4.89460222088478,10.));
#1982=CARTESIAN_POINT('Ctrl Pts',(198.63542917745,4.9099738953428,10.));
#1983=CARTESIAN_POINT('Ctrl Pts',(198.676963196978,4.92480275527696,10.));
#1984=CARTESIAN_POINT('Ctrl Pts',(204.262826417095,9.8543420916225E-5,7.57968167058906));
#1985=CARTESIAN_POINT('Ctrl Pts',(204.263018371905,0.225680670411981,7.59231317243494));
#1986=CARTESIAN_POINT('Ctrl Pts',(204.245422612587,0.451233145053817,7.60494467428082));
#1987=CARTESIAN_POINT('Ctrl Pts',(204.209778916639,0.673896526924703,7.6175761761267));
#1988=CARTESIAN_POINT('Ctrl Pts',(204.097733134286,1.37383776925929,7.65728323985792));
#1989=CARTESIAN_POINT('Ctrl Pts',(203.807345561038,2.04523026447504,7.69699030358914));
#1990=CARTESIAN_POINT('Ctrl Pts',(203.37402195025,2.60621390815874,7.73669736732036));
#1991=CARTESIAN_POINT('Ctrl Pts',(202.940698339463,3.16719755184245,7.77640443105158));
#1992=CARTESIAN_POINT('Ctrl Pts',(202.364438691138,3.61777234399411,7.81611149478281));
#1993=CARTESIAN_POINT('Ctrl Pts',(201.715503956138,3.90300156712562,7.85581855851403));
#1994=CARTESIAN_POINT('Ctrl Pts',(201.066569221139,4.18823079025714,7.89552562224525));
#1995=CARTESIAN_POINT('Ctrl Pts',(200.344959399465,4.30811444436853,7.93523268597647));
#1996=CARTESIAN_POINT('Ctrl Pts',(199.638657386051,4.24803561307511,7.97493974970769));
#1997=CARTESIAN_POINT('Ctrl Pts',(198.932355372637,4.18795678178169,8.01464681343892));
#1998=CARTESIAN_POINT('Ctrl Pts',(198.241361167482,3.94791546508347,8.05435387717014));
#1999=CARTESIAN_POINT('Ctrl Pts',(197.64992483073,3.55717890434688,8.09406094090136));
#2000=CARTESIAN_POINT('Ctrl Pts',(197.058488493978,3.16644234361029,8.13376800463258));
#2001=CARTESIAN_POINT('Ctrl Pts',(196.566610025629,2.62501053883533,8.1734750683638));
#2002=CARTESIAN_POINT('Ctrl Pts',(196.234262128222,1.99889802965928,8.21318213209502));
#2003=CARTESIAN_POINT('Ctrl Pts',(195.901914230816,1.37278552048323,8.25288919582625));
#2004=CARTESIAN_POINT('Ctrl Pts',(195.729096904352,0.661992306906091,8.29259625955747));
#2005=CARTESIAN_POINT('Ctrl Pts',(195.736881050719,-0.0468175477002333,
8.33230332328869));
#2006=CARTESIAN_POINT('Ctrl Pts',(195.744665197085,-0.75562740230656,8.37201038701991));
#2007=CARTESIAN_POINT('Ctrl Pts',(195.933050816283,-1.46245389794208,8.41171745075113));
#2008=CARTESIAN_POINT('Ctrl Pts',(196.279068827314,-2.08111659297325,8.45142451448235));
#2009=CARTESIAN_POINT('Ctrl Pts',(196.625086838345,-2.69977928800443,8.49113157821358));
#2010=CARTESIAN_POINT('Ctrl Pts',(197.128737241209,-3.23027818243126,8.5308386419448));
#2011=CARTESIAN_POINT('Ctrl Pts',(197.728612036324,-3.60793177964717,8.57054570567602));
#2012=CARTESIAN_POINT('Ctrl Pts',(198.328486831439,-3.98558537686308,8.61025276940724));
#2013=CARTESIAN_POINT('Ctrl Pts',(199.024586018806,-4.21039367686808,8.64995983313846));
#2014=CARTESIAN_POINT('Ctrl Pts',(199.732037094531,-4.25494665933575,8.68966689686969));
#2015=CARTESIAN_POINT('Ctrl Pts',(200.439488170255,-4.29949964180341,8.72937396060091));
#2016=CARTESIAN_POINT('Ctrl Pts',(201.158291134337,-4.16379730673374,8.76908102433213));
#2017=CARTESIAN_POINT('Ctrl Pts',(201.800805352166,-3.86438544165929,8.80878808806335));
#2018=CARTESIAN_POINT('Ctrl Pts',(202.443319569996,-3.56497357658484,8.84849515179457));
#2019=CARTESIAN_POINT('Ctrl Pts',(203.009545041572,-3.10185218150561,8.88820221552579));
#2020=CARTESIAN_POINT('Ctrl Pts',(203.430444172913,-2.5314873734319,8.92790927925701));
#2021=CARTESIAN_POINT('Ctrl Pts',(203.851343304253,-1.96112256535818,8.96761634298823));
#2022=CARTESIAN_POINT('Ctrl Pts',(204.126916095356,-1.28351434428997,9.00732340671946));
#2023=CARTESIAN_POINT('Ctrl Pts',(204.223563247961,-0.581281439886422,9.04703047045068));
#2024=CARTESIAN_POINT('Ctrl Pts',(204.250054298722,-0.388798919558369,9.05791420383014));
#2025=CARTESIAN_POINT('Ctrl Pts',(204.263102454114,-0.194466317574466,9.0687979372096));
#2026=CARTESIAN_POINT('Ctrl Pts',(204.26291429908,-0.00010865274203381,
9.07968167058906));
#2027=CARTESIAN_POINT('Ctrl Pts',(201.322884965569,4.9244061944433,10.));
#2028=CARTESIAN_POINT('Ctrl Pts',(202.141934657241,4.70437793511953,9.96029293626878));
#2029=CARTESIAN_POINT('Ctrl Pts',(203.667242326818,3.84770608783064,9.88087880880633));
#2030=CARTESIAN_POINT('Ctrl Pts',(205.061510192501,1.62350487128153,9.76175761761267));
#2031=CARTESIAN_POINT('Ctrl Pts',(205.221227679087,-0.996371656539744,9.64263642641901));
#2032=CARTESIAN_POINT('Ctrl Pts',(204.107865454315,-3.3734244392519,9.52351523522534));
#2033=CARTESIAN_POINT('Ctrl Pts',(201.992732943006,-4.92780610383522,9.40439404403167));
#2034=CARTESIAN_POINT('Ctrl Pts',(199.391696424249,-5.28056209645052,9.28527285283801));
#2035=CARTESIAN_POINT('Ctrl Pts',(196.938983009146,-4.3456315046183,9.16615166164434));
#2036=CARTESIAN_POINT('Ctrl Pts',(195.232709697756,-2.35101714524092,9.04703047045068));
#2037=CARTESIAN_POINT('Ctrl Pts',(194.688945564562,0.216899468613555,8.92790927925702));
#2038=CARTESIAN_POINT('Ctrl Pts',(195.440292402817,2.73192351938829,8.80878808806335));
#2039=CARTESIAN_POINT('Ctrl Pts',(197.303531161761,4.58076392280042,8.68966689686969));
#2040=CARTESIAN_POINT('Ctrl Pts',(199.824308731056,5.31257693485244,8.57054570567602));
#2041=CARTESIAN_POINT('Ctrl Pts',(202.387928792721,4.74890909196212,8.45142451448236));
#2042=CARTESIAN_POINT('Ctrl Pts',(204.369248388453,3.0272115812553,8.33230332328869));
#2043=CARTESIAN_POINT('Ctrl Pts',(205.285119259494,0.567323371434435,8.21318213209503));
#2044=CARTESIAN_POINT('Ctrl Pts',(204.912204765144,-2.03090762581388,8.09406094090136));
#2045=CARTESIAN_POINT('Ctrl Pts',(203.341440725187,-4.13389831665333,7.9749397497077));
#2046=CARTESIAN_POINT('Ctrl Pts',(200.955860647659,-5.22883082983048,7.85581855851403));
#2047=CARTESIAN_POINT('Ctrl Pts',(198.337192313893,-5.04870399404332,7.73669736732036));
#2048=CARTESIAN_POINT('Ctrl Pts',(196.12400248108,-3.63744204828176,7.6175761761267));
#2049=CARTESIAN_POINT('Ctrl Pts',(194.855981277327,-1.33918363278014,7.49845498493303));
#2050=CARTESIAN_POINT('Ctrl Pts',(194.842337843949,1.28563700366162,7.37933379373937));
#2051=CARTESIAN_POINT('Ctrl Pts',(196.086399155353,3.59695285626226,7.2602126025457));
#2052=CARTESIAN_POINT('Ctrl Pts',(198.284798731443,5.03114559813308,7.14109141135204));
#2053=CARTESIAN_POINT('Ctrl Pts',(200.901453072674,5.23848487437813,7.02197022015837));
#2054=CARTESIAN_POINT('Ctrl Pts',(203.298286539171,4.1684106475766,6.90284902896471));
#2055=CARTESIAN_POINT('Ctrl Pts',(204.890827187596,2.08186234952875,6.78372783777104));
#2056=CARTESIAN_POINT('Ctrl Pts',(205.290731254968,-0.512351645861149,6.66460664657738));
#2057=CARTESIAN_POINT('Ctrl Pts',(204.400481449965,-2.98162781544338,6.54548545538371));
#2058=CARTESIAN_POINT('Ctrl Pts',(202.437166711328,-4.72382893874304,6.42636426419005));
#2059=CARTESIAN_POINT('Ctrl Pts',(199.879544698571,-5.31411628981413,6.30724307299639));
#2060=CARTESIAN_POINT('Ctrl Pts',(197.351295917243,-4.60854728773601,6.18812188180271));
#2061=CARTESIAN_POINT('Ctrl Pts',(195.468938160136,-2.77917614134867,6.06900069060905));
#2062=CARTESIAN_POINT('Ctrl Pts',(194.691487588247,-0.272098135931815,5.94987949941539));
#2063=CARTESIAN_POINT('Ctrl Pts',(195.20852685425,2.3013314656673,5.83075830822172));
#2064=CARTESIAN_POINT('Ctrl Pts',(196.893975048143,4.31357745030202,5.71163711702806));
#2065=CARTESIAN_POINT('Ctrl Pts',(199.336832742957,5.27395019036934,5.59251592583439));
#2066=CARTESIAN_POINT('Ctrl Pts',(201.941404908507,4.94826114938708,5.47339473464073));
#2067=CARTESIAN_POINT('Ctrl Pts',(204.072562164123,3.41593015746264,5.35427354344706));
#2068=CARTESIAN_POINT('Ctrl Pts',(205.210618165239,1.05061874978276,5.23515235225339));
#2069=CARTESIAN_POINT('Ctrl Pts',(205.078056008035,-1.57088783831749,5.11603116105973));
#2070=CARTESIAN_POINT('Ctrl Pts',(203.707201201444,-3.80933073824244,4.99690996986607));
#2071=CARTESIAN_POINT('Ctrl Pts',(201.432339036472,-5.11886181742683,4.8777887786724));
#2072=CARTESIAN_POINT('Ctrl Pts',(198.8081985458,-5.18014968075986,4.75866758747874));
#2073=CARTESIAN_POINT('Ctrl Pts',(196.474680879675,-3.9782491778647,4.63954639628507));
#2074=CARTESIAN_POINT('Ctrl Pts',(195.000818315135,-1.80624580359879,4.5204252050914));
#2075=CARTESIAN_POINT('Ctrl Pts',(194.746014761271,0.806213701525432,4.40130401389774));
#2076=CARTESIAN_POINT('Ctrl Pts',(195.772404500826,3.2220766155814,4.28218282270407));
#2077=CARTESIAN_POINT('Ctrl Pts',(197.829700638996,4.85223063187803,4.16306163151041));
#2078=CARTESIAN_POINT('Ctrl Pts',(200.416227991127,5.29915990329718,4.04394044031674));
#2079=CARTESIAN_POINT('Ctrl Pts',(202.901257435188,4.45387996201924,3.92481924912308));
#2080=CARTESIAN_POINT('Ctrl Pts',(204.678810287757,2.52251376854362,3.80569805792942));
#2081=CARTESIAN_POINT('Ctrl Pts',(205.315427243196,-0.0239717250382428,
3.68657686673575));
#2082=CARTESIAN_POINT('Ctrl Pts',(204.65586816726,-2.56461167243847,3.56745567554209));
#2083=CARTESIAN_POINT('Ctrl Pts',(202.860967669546,-4.47986667381103,3.44833448434842));
#2084=CARTESIAN_POINT('Ctrl Pts',(200.368415308654,-5.30269851883548,3.32921329315476));
#2085=CARTESIAN_POINT('Ctrl Pts',(197.78602424415,-4.83245825370696,3.21009210196109));
#2086=CARTESIAN_POINT('Ctrl Pts',(195.74351495725,-3.18381477196127,3.09097091076743));
#2087=CARTESIAN_POINT('Ctrl Pts',(194.738956833614,-0.758792608513627,2.97184971957376));
#2088=CARTESIAN_POINT('Ctrl Pts',(195.017313091137,1.85126243130317,2.8527285283801));
#2089=CARTESIAN_POINT('Ctrl Pts',(196.510706079975,4.00988395854372,2.73360733718643));
#2090=CARTESIAN_POINT('Ctrl Pts',(198.854969363641,5.19068841899689,2.61448614599277));
#2091=CARTESIAN_POINT('Ctrl Pts',(201.478450327872,5.10573462386538,2.4953649547991));
#2092=CARTESIAN_POINT('Ctrl Pts',(203.741408649062,3.77573870149902,2.37624376360543));
#2093=CARTESIAN_POINT('Ctrl Pts',(205.092018067233,1.52502243405507,2.25712257241177));
#2094=CARTESIAN_POINT('Ctrl Pts',(205.20093016395,-1.09757316424131,2.1380013812181));
#2095=CARTESIAN_POINT('Ctrl Pts',(204.041586538118,-3.45252366775684,2.01888019002444));
#2096=CARTESIAN_POINT('Ctrl Pts',(201.896695117047,-4.96557036545177,1.89975899883077));
#2097=CARTESIAN_POINT('Ctrl Pts',(199.289291345562,-5.2677542301206,1.78063780763711));
#2098=CARTESIAN_POINT('Ctrl Pts',(196.855195095193,-4.28538720950987,1.66151661644344));
#2099=CARTESIAN_POINT('Ctrl Pts',(195.18796490527,-2.25802118224239,1.54239542524978));
#2100=CARTESIAN_POINT('Ctrl Pts',(194.694157706185,0.319967174037203,1.42327423405611));
#2101=CARTESIAN_POINT('Ctrl Pts',(195.494189239746,2.81993098986875,1.30415304286245));
#2102=CARTESIAN_POINT('Ctrl Pts',(197.39297042314,4.6322498014534,1.18503185166878));
#2103=CARTESIAN_POINT('Ctrl Pts',(199.92748026663,5.31498658240072,1.06591066047512));
#2104=CARTESIAN_POINT('Ctrl Pts',(202.47967409451,4.70165476143498,0.946789469281453));
#2105=CARTESIAN_POINT('Ctrl Pts',(204.427195316041,2.94181643642952,0.827668278087787));
#2106=CARTESIAN_POINT('Ctrl Pts',(205.295137023059,0.464611014317985,0.708547086894123));
#2107=CARTESIAN_POINT('Ctrl Pts',(204.871851279624,-2.12589033228189,0.589425895700457));
#2108=CARTESIAN_POINT('Ctrl Pts',(203.260554583341,-4.19799026346388,0.470304704506794));
#2109=CARTESIAN_POINT('Ctrl Pts',(200.854169698952,-5.24640184484754,0.351183513313129));
#2110=CARTESIAN_POINT('Ctrl Pts',(198.239486206567,-5.01547210917116,0.232062322119464));
#2111=CARTESIAN_POINT('Ctrl Pts',(196.054123950543,-3.56150526904811,0.112941130925799));
#2112=CARTESIAN_POINT('Ctrl Pts',(194.830933380447,-1.23907276651563,-0.00618006026786631));
#2113=CARTESIAN_POINT('Ctrl Pts',(194.868307141007,1.38553359966015,-0.125301251461531));
#2114=CARTESIAN_POINT('Ctrl Pts',(196.156877446648,3.67220132015905,-0.244422442655197));
#2115=CARTESIAN_POINT('Ctrl Pts',(198.382958577883,5.06346575589186,-0.363543633848862));
#2116=CARTESIAN_POINT('Ctrl Pts',(200.129280823547,5.16743091884081,-0.442957761311307));
#2117=CARTESIAN_POINT('Ctrl Pts',(200.962135124918,5.00740421789561,-0.482664825042529));
#2118=CARTESIAN_POINT('Ctrl Pts',(201.250587663404,4.65528129553799,10.1608882750142));
#2119=CARTESIAN_POINT('Ctrl Pts',(202.024875274783,4.44727785315836,10.121181211283));
#2120=CARTESIAN_POINT('Ctrl Pts',(203.466822990659,3.63742418357317,10.0417670838205));
#2121=CARTESIAN_POINT('Ctrl Pts',(204.784892390256,1.53477831886006,9.92264589262684));
#2122=CARTESIAN_POINT('Ctrl Pts',(204.935881118342,-0.941918711199663,9.80352470143318));
#2123=CARTESIAN_POINT('Ctrl Pts',(203.883365518393,-3.18906261463174,9.68440351023952));
#2124=CARTESIAN_POINT('Ctrl Pts',(201.883827619063,-4.65849539566981,9.56528231904585));
#2125=CARTESIAN_POINT('Ctrl Pts',(199.424940968233,-4.9919728362928,9.44616112785219));
#2126=CARTESIAN_POINT('Ctrl Pts',(197.106271379699,-4.1081373595009,9.32703993665852));
#2127=CARTESIAN_POINT('Ctrl Pts',(195.493248018517,-2.22253114580172,9.20791874546486));
#2128=CARTESIAN_POINT('Ctrl Pts',(194.97920126882,0.205045643957679,9.08879755427119));
#2129=CARTESIAN_POINT('Ctrl Pts',(195.689486071592,2.58262051473322,8.96967636307753));
#2130=CARTESIAN_POINT('Ctrl Pts',(197.45089652417,4.33041949974615,8.85055517188386));
#2131=CARTESIAN_POINT('Ctrl Pts',(199.833910476551,5.02223802411592,8.73143398069019));
#2132=CARTESIAN_POINT('Ctrl Pts',(202.257425526021,4.48937532711409,8.61231278949653));
#2133=CARTESIAN_POINT('Ctrl Pts',(204.130463551378,2.86177071821488,8.49319159830287));
#2134=CARTESIAN_POINT('Ctrl Pts',(204.99628094473,0.536318446382514,8.3740704071092));
#2135=CARTESIAN_POINT('Ctrl Pts',(204.643746689465,-1.91991600816464,8.25494921591554));
#2136=CARTESIAN_POINT('Ctrl Pts',(203.158826850162,-3.90797565255435,8.13582802472187));
#2137=CARTESIAN_POINT('Ctrl Pts',(200.90362167914,-4.9430687474785,8.0167068335282));
#2138=CARTESIAN_POINT('Ctrl Pts',(198.428066813833,-4.77278606640913,7.89758564233454));
#2139=CARTESIAN_POINT('Ctrl Pts',(196.335830547094,-3.43865133426179,7.77846445114088));
#2140=CARTESIAN_POINT('Ctrl Pts',(195.137108272957,-1.26599558826133,7.65934325994721));
#2141=CARTESIAN_POINT('Ctrl Pts',(195.124210470115,1.21537534875797,7.54022206875354));
#2142=CARTESIAN_POINT('Ctrl Pts',(196.300282289701,3.40037492674436,7.42110087755988));
#2143=CARTESIAN_POINT('Ctrl Pts',(198.378536605569,4.75618725858681,7.30197968636621));
#2144=CARTESIAN_POINT('Ctrl Pts',(200.852187545528,4.95219518653213,7.18285849517255));
#2145=CARTESIAN_POINT('Ctrl Pts',(203.118031093872,3.94060184183861,7.06373730397888));
#2146=CARTESIAN_POINT('Ctrl Pts',(204.623537423012,1.96808599310553,6.94461611278522));
#2147=CARTESIAN_POINT('Ctrl Pts',(205.0015862377,-0.48435099371106,6.82549492159155));
#2148=CARTESIAN_POINT('Ctrl Pts',(204.159989687386,-2.81867816167397,6.70637373039789));
#2149=CARTESIAN_POINT('Ctrl Pts',(202.303972531379,-4.46566583533785,6.58725253920422));
#2150=CARTESIAN_POINT('Ctrl Pts',(199.886127730014,-5.02369325142199,6.46813134801056));
#2151=CARTESIAN_POINT('Ctrl Pts',(197.496050876594,-4.35668446936984,6.34901015681689));
#2152=CARTESIAN_POINT('Ctrl Pts',(195.716566302787,-2.62729072236668,6.22988896562323));
#2153=CARTESIAN_POINT('Ctrl Pts',(194.981604367761,-0.257227635726612,6.11076777442956));
#2154=CARTESIAN_POINT('Ctrl Pts',(195.470386797367,2.17556085016767,5.9916465832359));
#2155=CARTESIAN_POINT('Ctrl Pts',(197.063723159521,4.07783509896173,5.87252539204223));
#2156=CARTESIAN_POINT('Ctrl Pts',(199.37307565509,4.98572227906982,5.75340420084857));
#2157=CARTESIAN_POINT('Ctrl Pts',(201.835304725235,4.67783254764245,5.6342830096549));
#2158=CARTESIAN_POINT('Ctrl Pts',(203.849991596743,3.22924534268597,5.51516181846124));
#2159=CARTESIAN_POINT('Ctrl Pts',(204.925851427569,0.993201133595374,5.39604062726757));
#2160=CARTESIAN_POINT('Ctrl Pts',(204.800533956474,-1.48503687192974,5.2769194360739));
#2161=CARTESIAN_POINT('Ctrl Pts',(203.504598063286,-3.60114609437955,5.15779824488025));
#2162=CARTESIAN_POINT('Ctrl Pts',(201.35405993374,-4.83910967783287,5.03867705368658));
#2163=CARTESIAN_POINT('Ctrl Pts',(198.873331971681,-4.89704808351103,4.91955586249291));
#2164=CARTESIAN_POINT('Ctrl Pts',(196.667343936784,-3.76083293201945,4.80043467129925));
#2165=CARTESIAN_POINT('Ctrl Pts',(195.274029787224,-1.70753223284579,4.68131348010558));
#2166=CARTESIAN_POINT('Ctrl Pts',(195.033151563231,0.762153123995504,4.56219228891192));
#2167=CARTESIAN_POINT('Ctrl Pts',(196.003447832022,3.04598613701527,4.44307109771825));
#2168=CARTESIAN_POINT('Ctrl Pts',(197.948310187652,4.58705021687836,4.32394990652459));
#2169=CARTESIAN_POINT('Ctrl Pts',(200.393480615787,5.00955424995623,4.20482871533092));
#2170=CARTESIAN_POINT('Ctrl Pts',(202.742700122263,4.21046990460614,4.08570752413726));
#2171=CARTESIAN_POINT('Ctrl Pts',(204.423107509397,2.38465526619006,3.96658633294359));
#2172=CARTESIAN_POINT('Ctrl Pts',(205.024932559577,-0.0226616405686106,
3.84746514174993));
#2173=CARTESIAN_POINT('Ctrl Pts',(204.401419204206,-2.42445246748595,3.72834395055626));
#2174=CARTESIAN_POINT('Ctrl Pts',(202.704612242224,-4.23503641040605,3.6092227593626));
#2175=CARTESIAN_POINT('Ctrl Pts',(200.348280955641,-5.01289947577172,3.49010156816893));
#2176=CARTESIAN_POINT('Ctrl Pts',(197.907020761892,-4.56835842366846,3.37098037697527));
#2177=CARTESIAN_POINT('Ctrl Pts',(195.976137137791,-3.00981535054795,3.2518591857816));
#2178=CARTESIAN_POINT('Ctrl Pts',(195.026479360064,-0.717323652462284,3.13273799458794));
#2179=CARTESIAN_POINT('Ctrl Pts',(195.289623103284,1.75008864607931,3.01361680339427));
#2180=CARTESIAN_POINT('Ctrl Pts',(196.701400315259,3.79073883274503,2.89449561220061));
#2181=CARTESIAN_POINT('Ctrl Pts',(198.917546706388,4.90701086664797,2.77537442100694));
#2182=CARTESIAN_POINT('Ctrl Pts',(201.397651185942,4.82669990166159,2.65625322981328));
#2183=CARTESIAN_POINT('Ctrl Pts',(203.536936031515,3.56938990405814,2.53713203861961));
#2184=CARTESIAN_POINT('Ctrl Pts',(204.813732971841,1.44167806882856,2.41801084742595));
#2185=CARTESIAN_POINT('Ctrl Pts',(204.916692887552,-1.03758943113641,2.29888965623228));
#2186=CARTESIAN_POINT('Ctrl Pts',(203.820708827072,-3.26383897231036,2.17976846503862));
#2187=CARTESIAN_POINT('Ctrl Pts',(201.793038379265,-4.69419579360646,2.06064727384495));
#2188=CARTESIAN_POINT('Ctrl Pts',(199.328132453956,-4.97986493572425,1.94152608265129));
#2189=CARTESIAN_POINT('Ctrl Pts',(197.027062579041,-4.05118548975108,1.82240489145762));
#2190=CARTESIAN_POINT('Ctrl Pts',(195.450948584371,-2.13461752738493,1.70328370026395));
#2191=CARTESIAN_POINT('Ctrl Pts',(194.984128560446,0.302480571599137,1.58416250907029));
#2192=CARTESIAN_POINT('Ctrl Pts',(195.740437379614,2.66581826792783,1.46504131787662));
#2193=CARTESIAN_POINT('Ctrl Pts',(197.535447819117,4.37909161134979,1.34592012668296));
#2194=CARTESIAN_POINT('Ctrl Pts',(199.931443559896,5.02451598144059,1.22679893548929));
#2195=CARTESIAN_POINT('Ctrl Pts',(202.344156833413,4.44470350428916,1.10767774429563));
#2196=CARTESIAN_POINT('Ctrl Pts',(204.185243607588,2.78104252384175,0.988556553101964));
#2197=CARTESIAN_POINT('Ctrl Pts',(205.005751225106,0.439219446823064,0.869435361908299));
#2198=CARTESIAN_POINT('Ctrl Pts',(204.605598571919,-2.00970779205912,0.750314170714634));
#2199=CARTESIAN_POINT('Ctrl Pts',(203.08236123617,-3.96856489507427,0.63119297952097));
#2200=CARTESIAN_POINT('Ctrl Pts',(200.807488266755,-4.95967948475781,0.512071788327305));
#2201=CARTESIAN_POINT('Ctrl Pts',(198.335700466312,-4.74137034521305,0.392950597133641));
#2202=CARTESIAN_POINT('Ctrl Pts',(196.269770964817,-3.36686459408412,0.273829405939975));
#2203=CARTESIAN_POINT('Ctrl Pts',(195.113429274671,-1.17135590485602,0.15470821474631));
#2204=CARTESIAN_POINT('Ctrl Pts',(195.148760512918,1.30981247203278,0.0355870235526449));
#2205=CARTESIAN_POINT('Ctrl Pts',(196.366908855068,3.47151096887102,-0.0835341676410203));
#2206=CARTESIAN_POINT('Ctrl Pts',(198.4713318948,4.78674107968571,-0.202655358834686));
#2207=CARTESIAN_POINT('Ctrl Pts',(200.122215466386,4.88502441768693,-0.282069486297131));
#2208=CARTESIAN_POINT('Ctrl Pts',(200.909553248444,4.73374337419026,-0.321776550028353));
#2209=CARTESIAN_POINT('Ctrl Pts',(201.178290361239,4.38615639663267,10.3217765500284));
#2210=CARTESIAN_POINT('Ctrl Pts',(201.907815892326,4.1901777711972,10.2820694862971));
#2211=CARTESIAN_POINT('Ctrl Pts',(203.2664036545,3.42714227931571,10.2026553588347));
#2212=CARTESIAN_POINT('Ctrl Pts',(204.508274588012,1.44605176643857,10.083534167641));
#2213=CARTESIAN_POINT('Ctrl Pts',(204.650534557597,-0.887465765859581,9.96441297644735));
#2214=CARTESIAN_POINT('Ctrl Pts',(203.65886558247,-3.00470079001157,9.84529178525369));
#2215=CARTESIAN_POINT('Ctrl Pts',(201.77492229512,-4.38918468750441,9.72617059406003));
#2216=CARTESIAN_POINT('Ctrl Pts',(199.458185512218,-4.70338357613508,9.60704940286637));
#2217=CARTESIAN_POINT('Ctrl Pts',(197.273559750253,-3.8706432143835,9.4879282116727));
#2218=CARTESIAN_POINT('Ctrl Pts',(195.753786339278,-2.09404514636253,9.36880702047903));
#2219=CARTESIAN_POINT('Ctrl Pts',(195.269456973077,0.193191819301803,9.24968582928537));
#2220=CARTESIAN_POINT('Ctrl Pts',(195.938679740366,2.43331751007815,9.1305646380917));
#2221=CARTESIAN_POINT('Ctrl Pts',(197.598261886579,4.08007507669188,9.01144344689803));
#2222=CARTESIAN_POINT('Ctrl Pts',(199.843512222046,4.73189911337939,8.89232225570437));
#2223=CARTESIAN_POINT('Ctrl Pts',(202.126922259321,4.22984156226605,8.7732010645107));
#2224=CARTESIAN_POINT('Ctrl Pts',(203.891678714302,2.69632985517445,8.65407987331704));
#2225=CARTESIAN_POINT('Ctrl Pts',(204.707442629967,0.5053135213306,8.53495868212337));
#2226=CARTESIAN_POINT('Ctrl Pts',(204.375288613786,-1.8089243905154,8.41583749092971));
#2227=CARTESIAN_POINT('Ctrl Pts',(202.976212975137,-3.68205298845536,8.29671629973605));
#2228=CARTESIAN_POINT('Ctrl Pts',(200.85138271062,-4.65730666512651,8.17759510854238));
#2229=CARTESIAN_POINT('Ctrl Pts',(198.518941313773,-4.49686813877493,8.05847391734871));
#2230=CARTESIAN_POINT('Ctrl Pts',(196.547658613108,-3.23986062024181,7.93935272615506));
#2231=CARTESIAN_POINT('Ctrl Pts',(195.418235268587,-1.19280754374253,7.82023153496138));
#2232=CARTESIAN_POINT('Ctrl Pts',(195.40608309628,1.14511369385432,7.70111034376772));
#2233=CARTESIAN_POINT('Ctrl Pts',(196.514165424049,3.20379699722647,7.58198915257405));
#2234=CARTESIAN_POINT('Ctrl Pts',(198.472274479696,4.48122891904055,7.46286796138039));
#2235=CARTESIAN_POINT('Ctrl Pts',(200.802922018381,4.66590549868615,7.34374677018673));
#2236=CARTESIAN_POINT('Ctrl Pts',(202.937775648572,3.71279303610061,7.22462557899306));
#2237=CARTESIAN_POINT('Ctrl Pts',(204.356247658429,1.85430963668231,7.10550438779939));
#2238=CARTESIAN_POINT('Ctrl Pts',(204.712441220431,-0.45635034156097,6.98638319660573));
#2239=CARTESIAN_POINT('Ctrl Pts',(203.919497924807,-2.65572850790456,6.86726200541206));
#2240=CARTESIAN_POINT('Ctrl Pts',(202.170778351431,-4.20750273193266,6.7481408142184));
#2241=CARTESIAN_POINT('Ctrl Pts',(199.892710761458,-4.73327021302984,6.62901962302474));
#2242=CARTESIAN_POINT('Ctrl Pts',(197.640805835944,-4.10482165100367,6.50989843183107));
#2243=CARTESIAN_POINT('Ctrl Pts',(195.964194445437,-2.47540530338469,6.39077724063741));
#2244=CARTESIAN_POINT('Ctrl Pts',(195.271721147275,-0.242357135521407,6.27165604944374));
#2245=CARTESIAN_POINT('Ctrl Pts',(195.732246740483,2.04979023466804,6.15253485825007));
#2246=CARTESIAN_POINT('Ctrl Pts',(197.2334712709,3.84209274762143,6.03341366705641));
#2247=CARTESIAN_POINT('Ctrl Pts',(199.409318567222,4.6974943677703,5.91429247586275));
#2248=CARTESIAN_POINT('Ctrl Pts',(201.729204541963,4.40740394589782,5.79517128466908));
#2249=CARTESIAN_POINT('Ctrl Pts',(203.627421029364,3.04256052790929,5.67605009347541));
#2250=CARTESIAN_POINT('Ctrl Pts',(204.641084689898,0.935783517407993,5.55692890228175));
#2251=CARTESIAN_POINT('Ctrl Pts',(204.523011904914,-1.39918590554199,5.43780771108808));
#2252=CARTESIAN_POINT('Ctrl Pts',(203.301994925128,-3.39296145051665,5.31868651989442));
#2253=CARTESIAN_POINT('Ctrl Pts',(201.275780831008,-4.55935753823891,5.19956532870075));
#2254=CARTESIAN_POINT('Ctrl Pts',(198.938465397563,-4.61394648626221,5.08044413750709));
#2255=CARTESIAN_POINT('Ctrl Pts',(196.860006993892,-3.54341668617419,4.96132294631342));
#2256=CARTESIAN_POINT('Ctrl Pts',(195.547241259313,-1.6088186620928,4.84220175511976));
#2257=CARTESIAN_POINT('Ctrl Pts',(195.32028836519,0.718092546465582,4.72308056392609));
#2258=CARTESIAN_POINT('Ctrl Pts',(196.234491163219,2.86989565844914,4.60395937273243));
#2259=CARTESIAN_POINT('Ctrl Pts',(198.066919736309,4.32186980187868,4.48483818153876));
#2260=CARTESIAN_POINT('Ctrl Pts',(200.370733240446,4.71994859661529,4.3657169903451));
#2261=CARTESIAN_POINT('Ctrl Pts',(202.584142809338,3.96705984719305,4.24659579915143));
#2262=CARTESIAN_POINT('Ctrl Pts',(204.167404731038,2.2467967638365,4.12747460795777));
#2263=CARTESIAN_POINT('Ctrl Pts',(204.734437875959,-0.0213515560989771,
4.0083534167641));
#2264=CARTESIAN_POINT('Ctrl Pts',(204.146970241153,-2.28429326253344,3.88923222557044));
#2265=CARTESIAN_POINT('Ctrl Pts',(202.548256814903,-3.99020614700107,3.77011103437677));
#2266=CARTESIAN_POINT('Ctrl Pts',(200.328146602628,-4.72310043270794,3.65098984318311));
#2267=CARTESIAN_POINT('Ctrl Pts',(198.028017279633,-4.30425859362995,3.53186865198945));
#2268=CARTESIAN_POINT('Ctrl Pts',(196.208759318333,-2.83581592913462,3.41274746079578));
#2269=CARTESIAN_POINT('Ctrl Pts',(195.314001886513,-0.675854696410939,3.29362626960211));
#2270=CARTESIAN_POINT('Ctrl Pts',(195.56193311543,1.64891486085544,3.17450507840845));
#2271=CARTESIAN_POINT('Ctrl Pts',(196.892094550543,3.57159370694634,3.05538388721478));
#2272=CARTESIAN_POINT('Ctrl Pts',(198.980124049134,4.62333331429906,2.93626269602112));
#2273=CARTESIAN_POINT('Ctrl Pts',(201.316852044012,4.54766517945779,2.81714150482745));
#2274=CARTESIAN_POINT('Ctrl Pts',(203.332463413968,3.36304110661726,2.69802031363379));
#2275=CARTESIAN_POINT('Ctrl Pts',(204.53544787645,1.35833370360204,2.57889912244012));
#2276=CARTESIAN_POINT('Ctrl Pts',(204.632455611154,-0.9776056980315,2.45977793124646));
#2277=CARTESIAN_POINT('Ctrl Pts',(203.599831116027,-3.07515427686389,2.34065674005279));
#2278=CARTESIAN_POINT('Ctrl Pts',(201.689381641483,-4.42282122176115,2.22153554885913));
#2279=CARTESIAN_POINT('Ctrl Pts',(199.366973562351,-4.69197564132791,2.10241435766546));
#2280=CARTESIAN_POINT('Ctrl Pts',(197.198930062888,-3.81698376999228,1.9832931664718));
#2281=CARTESIAN_POINT('Ctrl Pts',(195.713932263471,-2.01121387252746,1.86417197527813));
#2282=CARTESIAN_POINT('Ctrl Pts',(195.274099414707,0.28499396916107,1.74505078408447));
#2283=CARTESIAN_POINT('Ctrl Pts',(195.986685519483,2.51170554598691,1.6259295928908));
#2284=CARTESIAN_POINT('Ctrl Pts',(197.677925215093,4.12593342124616,1.50680840169714));
#2285=CARTESIAN_POINT('Ctrl Pts',(199.935406853163,4.73404538048047,1.38768721050347));
#2286=CARTESIAN_POINT('Ctrl Pts',(202.208639572315,4.18775224714334,1.26856601930981));
#2287=CARTESIAN_POINT('Ctrl Pts',(203.943291899135,2.62026861125399,1.14944482811614));
#2288=CARTESIAN_POINT('Ctrl Pts',(204.716365427154,0.413827879328137,1.03032363692248));
#2289=CARTESIAN_POINT('Ctrl Pts',(204.339345864214,-1.89352525183635,0.911202445728811));
#2290=CARTESIAN_POINT('Ctrl Pts',(202.904167888999,-3.73913952668467,0.792081254535146));
#2291=CARTESIAN_POINT('Ctrl Pts',(200.760806834557,-4.67295712466808,0.672960063341482));
#2292=CARTESIAN_POINT('Ctrl Pts',(198.431914726056,-4.46726858125495,0.553838872147817));
#2293=CARTESIAN_POINT('Ctrl Pts',(196.485417979091,-3.17222391912012,0.434717680954152));
#2294=CARTESIAN_POINT('Ctrl Pts',(195.395925168895,-1.10363904319641,0.315596489760487));
#2295=CARTESIAN_POINT('Ctrl Pts',(195.429213884829,1.23409134440541,0.196475298566821));
#2296=CARTESIAN_POINT('Ctrl Pts',(196.576940263488,3.27082061758299,0.0773541073731561));
#2297=CARTESIAN_POINT('Ctrl Pts',(198.559705211718,4.51001640347955,-0.0417670838205097));
#2298=CARTESIAN_POINT('Ctrl Pts',(200.115150109226,4.60261791653305,-0.121181211282954));
#2299=CARTESIAN_POINT('Ctrl Pts',(200.856971371969,4.4600825304849,-0.160888275014176));
#2300=CARTESIAN_POINT('Ctrl Pts',(201.105993059074,4.11703149772735,10.4826648250425));
#2301=CARTESIAN_POINT('Ctrl Pts',(201.790756509868,3.93307768923603,10.4429577613113));
#2302=CARTESIAN_POINT('Ctrl Pts',(203.065984318342,3.21686037505824,10.3635436338489));
#2303=CARTESIAN_POINT('Ctrl Pts',(204.231656785768,1.3573252140171,10.2444224426552));
#2304=CARTESIAN_POINT('Ctrl Pts',(204.365187996852,-0.833012820519499,10.1253012514615));
#2305=CARTESIAN_POINT('Ctrl Pts',(203.434365646548,-2.82033896539142,10.0061800602679));
#2306=CARTESIAN_POINT('Ctrl Pts',(201.666016971177,-4.11987397933899,9.8870588690742));
#2307=CARTESIAN_POINT('Ctrl Pts',(199.491430056202,-4.41479431597736,9.76793767788054));
#2308=CARTESIAN_POINT('Ctrl Pts',(197.440848120806,-3.63314906926609,9.64881648668687));
#2309=CARTESIAN_POINT('Ctrl Pts',(196.014324660038,-1.96555914692333,9.52969529549321));
#2310=CARTESIAN_POINT('Ctrl Pts',(195.559712677335,0.181337994645928,9.41057410429955));
#2311=CARTESIAN_POINT('Ctrl Pts',(196.187873409141,2.28401450542308,9.29145291310588));
#2312=CARTESIAN_POINT('Ctrl Pts',(197.745627248987,3.82973065363761,9.17233172191222));
#2313=CARTESIAN_POINT('Ctrl Pts',(199.853113967541,4.44156020264286,9.05321053071855));
#2314=CARTESIAN_POINT('Ctrl Pts',(201.99641899262,3.97030779741802,8.93408933952488));
#2315=CARTESIAN_POINT('Ctrl Pts',(203.652893877226,2.53088899213402,8.81496814833122));
#2316=CARTESIAN_POINT('Ctrl Pts',(204.418604315203,0.474308596278681,8.69584695713755));
#2317=CARTESIAN_POINT('Ctrl Pts',(204.106830538107,-1.69793277286616,8.57672576594389));
#2318=CARTESIAN_POINT('Ctrl Pts',(202.793599100112,-3.45613032435638,8.45760457475023));
#2319=CARTESIAN_POINT('Ctrl Pts',(200.799143742101,-4.37154458277453,8.33848338355656));
#2320=CARTESIAN_POINT('Ctrl Pts',(198.609815813713,-4.22095021114074,8.21936219236289));
#2321=CARTESIAN_POINT('Ctrl Pts',(196.759486679122,-3.04106990622184,8.10024100116923));
#2322=CARTESIAN_POINT('Ctrl Pts',(195.699362264217,-1.11961949922372,7.98111980997556));
#2323=CARTESIAN_POINT('Ctrl Pts',(195.687955722446,1.07485203895067,7.8619986187819));
#2324=CARTESIAN_POINT('Ctrl Pts',(196.728048558397,3.00721906770857,7.74287742758823));
#2325=CARTESIAN_POINT('Ctrl Pts',(198.566012353822,4.20627057949428,7.62375623639456));
#2326=CARTESIAN_POINT('Ctrl Pts',(200.753656491235,4.37961581084015,7.5046350452009));
#2327=CARTESIAN_POINT('Ctrl Pts',(202.757520203273,3.48498423036262,7.38551385400724));
#2328=CARTESIAN_POINT('Ctrl Pts',(204.088957893846,1.74053328025908,7.26639266281357));
#2329=CARTESIAN_POINT('Ctrl Pts',(204.423296203163,-0.42834968941088,7.14727147161991));
#2330=CARTESIAN_POINT('Ctrl Pts',(203.679006162228,-2.49277885413515,7.02815028042624));
#2331=CARTESIAN_POINT('Ctrl Pts',(202.037584171483,-3.94933962852747,6.90902908923258));
#2332=CARTESIAN_POINT('Ctrl Pts',(199.899293792902,-4.4428471746377,6.78990789803892));
#2333=CARTESIAN_POINT('Ctrl Pts',(197.785560795295,-3.8529588326375,6.67078670684524));
#2334=CARTESIAN_POINT('Ctrl Pts',(196.211822588088,-2.3235198844027,6.55166551565158));
#2335=CARTESIAN_POINT('Ctrl Pts',(195.561837926789,-0.227486635316205,6.43254432445792));
#2336=CARTESIAN_POINT('Ctrl Pts',(195.994106683599,1.92401961916841,6.31342313326425));
#2337=CARTESIAN_POINT('Ctrl Pts',(197.403219382278,3.60635039628114,6.19430194207059));
#2338=CARTESIAN_POINT('Ctrl Pts',(199.445561479354,4.40926645647077,6.07518075087692));
#2339=CARTESIAN_POINT('Ctrl Pts',(201.623104358691,4.13697534415319,5.95605955968326));
#2340=CARTESIAN_POINT('Ctrl Pts',(203.404850461984,2.85587571313262,5.83693836848959));
#2341=CARTESIAN_POINT('Ctrl Pts',(204.356317952228,0.87836590122061,5.71781717729593));
#2342=CARTESIAN_POINT('Ctrl Pts',(204.245489853354,-1.31333493915424,5.59869598610226));
#2343=CARTESIAN_POINT('Ctrl Pts',(203.09939178697,-3.18477680665376,5.4795747949086));
#2344=CARTESIAN_POINT('Ctrl Pts',(201.197501728276,-4.27960539864495,5.36045360371493));
#2345=CARTESIAN_POINT('Ctrl Pts',(199.003598823445,-4.33084488901338,5.24133241252127));
#2346=CARTESIAN_POINT('Ctrl Pts',(197.052670051001,-3.32600044032893,5.1222112213276));
#2347=CARTESIAN_POINT('Ctrl Pts',(195.820452731402,-1.5101050913398,5.00309003013393));
#2348=CARTESIAN_POINT('Ctrl Pts',(195.60742516715,0.674031968935657,4.88396883894027));
#2349=CARTESIAN_POINT('Ctrl Pts',(196.465534494415,2.69380517988302,4.7648476477466));
#2350=CARTESIAN_POINT('Ctrl Pts',(198.185529284966,4.05668938687901,4.64572645655294));
#2351=CARTESIAN_POINT('Ctrl Pts',(200.347985865106,4.43034294327434,4.52660526535927));
#2352=CARTESIAN_POINT('Ctrl Pts',(202.425585496412,3.72364978977996,4.40748407416561));
#2353=CARTESIAN_POINT('Ctrl Pts',(203.911701952678,2.10893826148293,4.28836288297194));
#2354=CARTESIAN_POINT('Ctrl Pts',(204.44394319234,-0.0200414716293448,4.16924169177828));
#2355=CARTESIAN_POINT('Ctrl Pts',(203.892521278099,-2.14413405758093,4.05012050058461));
#2356=CARTESIAN_POINT('Ctrl Pts',(202.391901387581,-3.74537588359608,3.93099930939095));
#2357=CARTESIAN_POINT('Ctrl Pts',(200.308012249616,-4.43330138964418,3.81187811819728));
#2358=CARTESIAN_POINT('Ctrl Pts',(198.149013797375,-4.04015876359144,3.69275692700362));
#2359=CARTESIAN_POINT('Ctrl Pts',(196.441381498874,-2.6618165077213,3.57363573580995));
#2360=CARTESIAN_POINT('Ctrl Pts',(195.601524412963,-0.634385740359597,3.45451454461629));
#2361=CARTESIAN_POINT('Ctrl Pts',(195.834243127577,1.54774107563158,3.33539335342262));
#2362=CARTESIAN_POINT('Ctrl Pts',(197.082788785827,3.35244858114765,3.21627216222896));
#2363=CARTESIAN_POINT('Ctrl Pts',(199.042701391881,4.33965576195014,3.0971509710353));
#2364=CARTESIAN_POINT('Ctrl Pts',(201.236052902082,4.26863045725399,2.97802977984163));
#2365=CARTESIAN_POINT('Ctrl Pts',(203.127990796421,3.15669230917637,2.85890858864796));
#2366=CARTESIAN_POINT('Ctrl Pts',(204.257162781058,1.27498933837552,2.7397873974543));
#2367=CARTESIAN_POINT('Ctrl Pts',(204.348218334756,-0.917621964926594,2.62066620626063));
#2368=CARTESIAN_POINT('Ctrl Pts',(203.378953404981,-2.88646958141741,2.50154501506697));
#2369=CARTESIAN_POINT('Ctrl Pts',(201.585724903701,-4.15144664991584,2.3824238238733));
#2370=CARTESIAN_POINT('Ctrl Pts',(199.405814670745,-4.40408634693157,2.26330263267964));
#2371=CARTESIAN_POINT('Ctrl Pts',(197.370797546736,-3.58278205023349,2.14418144148597));
#2372=CARTESIAN_POINT('Ctrl Pts',(195.976915942571,-1.88781021767,2.02506025029231));
#2373=CARTESIAN_POINT('Ctrl Pts',(195.564070268968,0.267507366723004,1.90593905909864));
#2374=CARTESIAN_POINT('Ctrl Pts',(196.232933659352,2.35759282404599,1.78681786790498));
#2375=CARTESIAN_POINT('Ctrl Pts',(197.82040261107,3.87277523114255,1.66769667671131));
#2376=CARTESIAN_POINT('Ctrl Pts',(199.939370146429,4.44357477952035,1.54857548551765));
#2377=CARTESIAN_POINT('Ctrl Pts',(202.073122311217,3.93080098999751,1.42945429432398));
#2378=CARTESIAN_POINT('Ctrl Pts',(203.701340190681,2.45949469866621,1.31033310313032));
#2379=CARTESIAN_POINT('Ctrl Pts',(204.426979629202,0.388436311833216,1.19121191193665));
#2380=CARTESIAN_POINT('Ctrl Pts',(204.073093156509,-1.77734271161359,1.07209072074299));
#2381=CARTESIAN_POINT('Ctrl Pts',(202.725974541828,-3.50971415829506,0.952969529549322));
#2382=CARTESIAN_POINT('Ctrl Pts',(200.71412540236,-4.38623476457836,0.833848338355658));
#2383=CARTESIAN_POINT('Ctrl Pts',(198.5281289858,-4.19316681729685,0.714727147161993));
#2384=CARTESIAN_POINT('Ctrl Pts',(196.701064993364,-2.97758324415613,0.595605955968328));
#2385=CARTESIAN_POINT('Ctrl Pts',(195.678421063119,-1.0359221815368,0.476484764774663));
#2386=CARTESIAN_POINT('Ctrl Pts',(195.709667256739,1.15837021677804,0.357363573580998));
#2387=CARTESIAN_POINT('Ctrl Pts',(196.786971671909,3.07013026629496,0.238242382387333));
#2388=CARTESIAN_POINT('Ctrl Pts',(198.648078528636,4.23329172727339,0.119121191193667));
#2389=CARTESIAN_POINT('Ctrl Pts',(200.108084752065,4.32021141537917,0.0397070637312223));
#2390=CARTESIAN_POINT('Ctrl Pts',(200.804389495495,4.18642168677956,0.));
#2391=CARTESIAN_POINT('Ctrl Pts',(200.804389495495,4.18642168677956,1.66533453693773E-15));
#2392=CARTESIAN_POINT('Ctrl Pts',(200.681302271673,4.22268690087404,1.7522364318539E-15));
#2393=CARTESIAN_POINT('Ctrl Pts',(200.55681247606,4.25318426618452,-2.81299032682207E-15));
#2394=CARTESIAN_POINT('Ctrl Pts',(200.431341743687,4.27802304346257,-2.33146835171283E-15));
#2395=CARTESIAN_POINT('Ctrl Pts',(200.303545926951,4.30332210539459,-1.84102334576305E-15));
#2396=CARTESIAN_POINT('Ctrl Pts',(200.174731861789,4.3227511624241,4.08237467798989E-15));
#2397=CARTESIAN_POINT('Ctrl Pts',(200.045314141594,4.33638124574038,3.77475828372553E-15));
#2398=CARTESIAN_POINT('Ctrl Pts',(199.914021241366,4.35020882025069,3.46268472455652E-15));
#2399=CARTESIAN_POINT('Ctrl Pts',(199.78210633633,4.35806839676923,7.76344838080258E-16));
#2400=CARTESIAN_POINT('Ctrl Pts',(199.649981104127,4.35998519458491,4.9960036108132E-16));
#2401=CARTESIAN_POINT('Ctrl Pts',(199.518155550703,4.36189764483111,2.23483579833888E-16));
#2402=CARTESIAN_POINT('Ctrl Pts',(199.386119810231,4.35789435930484,-1.96570102443956E-15));
#2403=CARTESIAN_POINT('Ctrl Pts',(199.254273516558,4.34794954401992,-2.88657986402541E-15));
#2404=CARTESIAN_POINT('Ctrl Pts',(199.228676401155,4.34601882168097,-3.06536260619937E-15));
#2405=CARTESIAN_POINT('Ctrl Pts',(199.203086419825,4.34386399563703,3.34960021034903E-16));
#2406=CARTESIAN_POINT('Ctrl Pts',(199.177506497109,4.34148464838665,2.22044604925031E-16));
#2407=CARTESIAN_POINT('Ctrl Pts',(199.152100340192,4.33912146417097,1.09896229350458E-16));
#2408=CARTESIAN_POINT('Ctrl Pts',(199.12669844917,4.33653608202882,-7.61013548026118E-16));
#2409=CARTESIAN_POINT('Ctrl Pts',(199.101336230891,4.33373188999651,-7.7715611723761E-16));
#2410=CARTESIAN_POINT('Ctrl Pts',(198.966656688976,4.31884094890464,-8.6287708228941E-16));
#2411=CARTESIAN_POINT('Ctrl Pts',(198.832951888727,4.29777305697869,-1.74145434149448E-15));
#2412=CARTESIAN_POINT('Ctrl Pts',(198.700655150849,4.27059932603711,-1.27675647831893E-15));
#2413=CARTESIAN_POINT('Ctrl Pts',(198.680442543933,4.26644765948225,-1.20575884531787E-15));
#2414=CARTESIAN_POINT('Ctrl Pts',(198.660262772623,4.26215337405362,-5.7974187300034E-16));
#2415=CARTESIAN_POINT('Ctrl Pts',(198.640117351591,4.25771662156363,-6.66133814775094E-16));
#2416=CARTESIAN_POINT('Ctrl Pts',(198.509622893608,4.22897700820553,-1.22128330044824E-15));
#2417=CARTESIAN_POINT('Ctrl Pts',(198.380570026123,4.19426387839066,1.43267337804268E-15));
#2418=CARTESIAN_POINT('Ctrl Pts',(198.253291000387,4.15384220876034,2.16493489801906E-15));
#2419=CARTESIAN_POINT('Ctrl Pts',(198.124465425769,4.11292938131666,2.90609402094569E-15));
#2420=CARTESIAN_POINT('Ctrl Pts',(197.997456339184,4.06616829227355,-2.79777034195344E-15));
#2421=CARTESIAN_POINT('Ctrl Pts',(197.872611128415,4.01378044006905,-3.60822483003176E-15));
#2422=CARTESIAN_POINT('Ctrl Pts',(197.758656133944,3.96596236701984,-4.34798357720683E-15));
#2423=CARTESIAN_POINT('Ctrl Pts',(197.646503582867,3.91345559100825,-2.40241765457431E-15));
#2424=CARTESIAN_POINT('Ctrl Pts',(197.536427589908,3.85639237035192,-2.72004641033163E-15));
#2425=CARTESIAN_POINT('Ctrl Pts',(197.518632961652,3.8471676632075,-2.77139353407979E-15));
#2426=CARTESIAN_POINT('Ctrl Pts',(197.500892630007,3.83782381159936,-2.53183295227073E-15));
#2427=CARTESIAN_POINT('Ctrl Pts',(197.483207790029,3.82836129429734,-2.66453525910038E-15));
#2428=CARTESIAN_POINT('Ctrl Pts',(197.467254563436,3.81982530059621,-2.7842440024579E-15));
#2429=CARTESIAN_POINT('Ctrl Pts',(197.451354246316,3.81119687777699,-3.2589481343913E-15));
#2430=CARTESIAN_POINT('Ctrl Pts',(197.435509918757,3.80247795960158,-3.21964677141295E-15));
#2431=CARTESIAN_POINT('Ctrl Pts',(197.314193517074,3.73571919210615,-2.9187252005782E-15));
#2432=CARTESIAN_POINT('Ctrl Pts',(197.196115229424,3.6636357481962,-2.3312285094104E-15));
#2433=CARTESIAN_POINT('Ctrl Pts',(197.081620505348,3.58651063563293,-2.27595720048157E-15));
#2434=CARTESIAN_POINT('Ctrl Pts',(196.965858421043,3.50853181298698,-2.22007408468273E-15));
#2435=CARTESIAN_POINT('Ctrl Pts',(196.853758898702,3.4253988781769,-2.93712657487438E-15));
#2436=CARTESIAN_POINT('Ctrl Pts',(196.74568815148,3.33735220706433,-3.21964677141295E-15));
#2437=CARTESIAN_POINT('Ctrl Pts',(196.702898226289,3.30249068748585,-3.33150884681562E-15));
#2438=CARTESIAN_POINT('Ctrl Pts',(196.660740062004,3.26685828264727,-3.20344132877464E-15));
#2439=CARTESIAN_POINT('Ctrl Pts',(196.619237200354,3.2304678069663,-3.33066907387547E-15));
#2440=CARTESIAN_POINT('Ctrl Pts',(196.514973246357,3.13904724627562,-3.67959168837669E-15));
#2441=CARTESIAN_POINT('Ctrl Pts',(196.414842847327,3.04284536790961,-2.90051424057281E-15));
#2442=CARTESIAN_POINT('Ctrl Pts',(196.319041097643,2.94222055243969,-2.85882428840978E-15));
#2443=CARTESIAN_POINT('Ctrl Pts',(196.262262847289,2.88258384451477,-2.83411615365257E-15));
#2444=CARTESIAN_POINT('Ctrl Pts',(196.207005585699,2.82139272705554,-2.51569994234486E-15));
#2445=CARTESIAN_POINT('Ctrl Pts',(196.153315504861,2.75871526448524,-2.44249065417534E-15));
#2446=CARTESIAN_POINT('Ctrl Pts',(196.133392342991,2.73545709066816,-2.41532436059156E-15));
#2447=CARTESIAN_POINT('Ctrl Pts',(196.113685024271,2.71199420600803,-2.06154360191117E-16));
#2448=CARTESIAN_POINT('Ctrl Pts',(196.094196074708,2.68832994019081,-3.05311331771918E-16));
#2449=CARTESIAN_POINT('Ctrl Pts',(196.082305655665,2.67389211551583,-3.65808073231959E-16));
#2450=CARTESIAN_POINT('Ctrl Pts',(196.070502593487,2.65938668630378,-9.07232409215337E-16));
#2451=CARTESIAN_POINT('Ctrl Pts',(196.05878851103,2.64481625601166,-9.15933995315754E-16));
#2452=CARTESIAN_POINT('Ctrl Pts',(195.9698990654,2.5342521144334,-9.81963850184356E-16));
#2453=CARTESIAN_POINT('Ctrl Pts',(195.886106929212,2.41991958684893,1.4373011719329E-15));
#2454=CARTESIAN_POINT('Ctrl Pts',(195.807571740874,2.30224517763987,1.38777878078145E-15));
#2455=CARTESIAN_POINT('Ctrl Pts',(195.728260758871,2.18340834604267,1.3377671929E-15));
#2456=CARTESIAN_POINT('Ctrl Pts',(195.654310553305,2.06116274822707,-2.46919463619612E-15));
#2457=CARTESIAN_POINT('Ctrl Pts',(195.585915009177,1.9359027682536,-2.72004641033163E-15));
#2458=CARTESIAN_POINT('Ctrl Pts',(195.517483730598,1.81057734401034,-2.97102924636884E-15));
#2459=CARTESIAN_POINT('Ctrl Pts',(195.454612399936,1.68223376948755,-5.90499686059513E-15));
#2460=CARTESIAN_POINT('Ctrl Pts',(195.3975324962,1.55123111417631,-6.80011602582908E-15));
#2461=CARTESIAN_POINT('Ctrl Pts',(195.357619815356,1.45962852151191,-7.42602117320346E-15));
#2462=CARTESIAN_POINT('Ctrl Pts',(195.320539558926,1.36672503893847,-2.5716965499958E-15));
#2463=CARTESIAN_POINT('Ctrl Pts',(195.286383779505,1.27263546312129,-2.85882428840978E-15));
#2464=CARTESIAN_POINT('Ctrl Pts',(195.26863692678,1.22374787006028,-3.00772317620807E-15));
#2465=CARTESIAN_POINT('Ctrl Pts',(195.251679782135,1.1745399726992,-2.56495404168773E-15));
#2466=CARTESIAN_POINT('Ctrl Pts',(195.235513878031,1.12503077888987,-2.65065747129256E-15));
#2467=CARTESIAN_POINT('Ctrl Pts',(195.228597676563,1.10384943594373,-2.68732366588083E-15));
#2468=CARTESIAN_POINT('Ctrl Pts',(195.221826310965,1.08261294125111,-3.15613287666749E-15));
#2469=CARTESIAN_POINT('Ctrl Pts',(195.215199949954,1.06132276760423,-3.13638004456607E-15));
#2470=CARTESIAN_POINT('Ctrl Pts',(195.209050286947,1.04156420131773,-3.11804822403254E-15));
#2471=CARTESIAN_POINT('Ctrl Pts',(195.20302671014,1.02176309817098,-9.74410147567113E-16));
#2472=CARTESIAN_POINT('Ctrl Pts',(195.197131889243,1.00193004311027,-1.17961196366423E-15));
#2473=CARTESIAN_POINT('Ctrl Pts',(195.156031553649,0.863648450981673,-2.6103362646216E-15));
#2474=CARTESIAN_POINT('Ctrl Pts',(195.121145324633,0.723683501789507,-5.01423143026575E-16));
#2475=CARTESIAN_POINT('Ctrl Pts',(195.092424810576,0.58247821851155,-1.66533453693773E-15));
#2476=CARTESIAN_POINT('Ctrl Pts',(195.062904749545,0.437341938152003,-2.86164792167021E-15));
#2477=CARTESIAN_POINT('Ctrl Pts',(195.039898095692,0.290894640318562,-3.76729969496018E-15));
#2478=CARTESIAN_POINT('Ctrl Pts',(195.023401878646,0.143591371477586,-4.63518112781003E-15));
#2479=CARTESIAN_POINT('Ctrl Pts',(195.017021282715,0.0866157245631334,-4.97087025725525E-15));
#2480=CARTESIAN_POINT('Ctrl Pts',(195.011615243492,0.0295118022074717,-2.43725422615608E-15));
#2481=CARTESIAN_POINT('Ctrl Pts',(195.007185686504,-0.0276947241560877,
-2.37310171513627E-15));
#2482=CARTESIAN_POINT('Ctrl Pts',(195.005189825343,-0.0534707293958335,
-2.34419600165735E-15));
#2483=CARTESIAN_POINT('Ctrl Pts',(195.00339222623,-0.0792675689905794,-3.60891621089762E-15));
#2484=CARTESIAN_POINT('Ctrl Pts',(195.001793144899,-0.10508290971497,-3.73312492030209E-15));
#2485=CARTESIAN_POINT('Ctrl Pts',(195.000178862104,-0.131143660720038,-3.85851440413688E-15));
#2486=CARTESIAN_POINT('Ctrl Pts',(194.998767397256,-0.157215643868021,-8.75405188796398E-16));
#2487=CARTESIAN_POINT('Ctrl Pts',(194.997558921701,-0.183289547558957,-1.00613961606655E-15));
#2488=CARTESIAN_POINT('Ctrl Pts',(194.990683558193,-0.331631452571926,-1.74992521188336E-15));
#2489=CARTESIAN_POINT('Ctrl Pts',(194.990370258935,-0.48010305159288,-2.2260900759946E-15));
#2490=CARTESIAN_POINT('Ctrl Pts',(194.996600516306,-0.628252435209381,-1.32532873564628E-15));
#2491=CARTESIAN_POINT('Ctrl Pts',(195.002842882886,-0.776689763900558,-4.22816663806009E-16));
#2492=CARTESIAN_POINT('Ctrl Pts',(195.015654104322,-0.924804413854535,1.05173827263166E-15));
#2493=CARTESIAN_POINT('Ctrl Pts',(195.03506601523,-1.07215409201518,1.54910806404729E-15));
#2494=CARTESIAN_POINT('Ctrl Pts',(195.040081886324,-1.11022798359542,1.67762414735355E-15));
#2495=CARTESIAN_POINT('Ctrl Pts',(195.045538728606,-1.14825082962185,-8.63941266029169E-16));
#2496=CARTESIAN_POINT('Ctrl Pts',(195.051437658522,-1.18621503155862,-7.30318583386236E-16));
#2497=CARTESIAN_POINT('Ctrl Pts',(195.058204213189,-1.22976307356648,-5.80511893870799E-16));
#2498=CARTESIAN_POINT('Ctrl Pts',(195.065552456901,-1.27323395383537,1.2214688076108E-16));
#2499=CARTESIAN_POINT('Ctrl Pts',(195.073477297286,-1.31661789980124,1.52655665885959E-16));
#2500=CARTESIAN_POINT('Ctrl Pts',(204.263046155803,0.000109459904802553,
8.67031832941096));
#2501=CARTESIAN_POINT('Ctrl Pts',(204.262470160552,-0.5569550086782,8.63912080825528));
#2502=CARTESIAN_POINT('Ctrl Pts',(204.152713186278,-1.11423975301259,8.60792328709959));
#2503=CARTESIAN_POINT('Ctrl Pts',(203.939920927957,-1.62892546992373,8.57672576594391));
#2504=CARTESIAN_POINT('Ctrl Pts',(203.669086725442,-2.28399862336289,8.53701870221269));
#2505=CARTESIAN_POINT('Ctrl Pts',(203.231342912777,-2.87006447385961,8.49731163848147));
#2506=CARTESIAN_POINT('Ctrl Pts',(202.680061780109,-3.31566644217767,8.45760457475025));
#2507=CARTESIAN_POINT('Ctrl Pts',(202.128780647442,-3.76126841049573,8.41789751101902));
#2508=CARTESIAN_POINT('Ctrl Pts',(201.463962194771,-4.06640649663511,8.3781904472878));
#2509=CARTESIAN_POINT('Ctrl Pts',(200.766664980371,-4.19387647776584,8.33848338355658));
#2510=CARTESIAN_POINT('Ctrl Pts',(200.069367765972,-4.32134645889657,8.29877631982535));
#2511=CARTESIAN_POINT('Ctrl Pts',(199.339591789842,-4.27114833501864,8.25906925609413));
#2512=CARTESIAN_POINT('Ctrl Pts',(198.666315612679,-4.04940255559319,8.21936219236291));
#2513=CARTESIAN_POINT('Ctrl Pts',(197.993039435516,-3.82765677616774,8.17965512863169));
#2514=CARTESIAN_POINT('Ctrl Pts',(197.376263057319,-3.43436334119478,8.13994806490047));
#2515=CARTESIAN_POINT('Ctrl Pts',(196.891187465737,-2.91747488920861,8.10024100116925));
#2516=CARTESIAN_POINT('Ctrl Pts',(196.406111874154,-2.40058643722245,8.06053393743803));
#2517=CARTESIAN_POINT('Ctrl Pts',(196.052737069186,-1.76010296822308,8.0208268737068));
#2518=CARTESIAN_POINT('Ctrl Pts',(195.874148576406,-1.074115977361,7.98111980997558));
#2519=CARTESIAN_POINT('Ctrl Pts',(195.695560083627,-0.38812898649892,7.94141274624436));
#2520=CARTESIAN_POINT('Ctrl Pts',(195.691757903037,0.34336152622587,7.90170568251314));
#2521=CARTESIAN_POINT('Ctrl Pts',(195.863205618733,1.03116795404791,7.86199861878192));
#2522=CARTESIAN_POINT('Ctrl Pts',(196.03465333443,1.71897438186996,7.8222915550507));
#2523=CARTESIAN_POINT('Ctrl Pts',(196.381350946414,2.36309672478925,7.78258449131947));
#2524=CARTESIAN_POINT('Ctrl Pts',(196.861027051643,2.88499981487985,7.74287742758825));
#2525=CARTESIAN_POINT('Ctrl Pts',(197.340703156872,3.40690290497044,7.70317036385703));
#2526=CARTESIAN_POINT('Ctrl Pts',(197.953357755347,3.80658674223234,7.66346330012581));
#2527=CARTESIAN_POINT('Ctrl Pts',(198.62429241082,4.03531953275427,7.62375623639459));
#2528=CARTESIAN_POINT('Ctrl Pts',(199.295227066293,4.2640523232762,7.58404917266336));
#2529=CARTESIAN_POINT('Ctrl Pts',(200.024441778764,4.32183406705816,7.54434210893214));
#2530=CARTESIAN_POINT('Ctrl Pts',(200.723026420339,4.20161967553622,7.50463504520092));
#2531=CARTESIAN_POINT('Ctrl Pts',(201.421611061914,4.08140528401428,7.4649279814697));
#2532=CARTESIAN_POINT('Ctrl Pts',(202.089565632594,3.78319475718844,7.42522091773848));
#2533=CARTESIAN_POINT('Ctrl Pts',(202.645449199695,3.34334766875826,7.38551385400726));
#2534=CARTESIAN_POINT('Ctrl Pts',(203.201332766797,2.90350058032809,7.34580679027604));
#2535=CARTESIAN_POINT('Ctrl Pts',(203.645145330321,2.32201693029358,7.30609972654482));
#2536=CARTESIAN_POINT('Ctrl Pts',(203.922774663636,1.66979461033133,7.26639266281359));
#2537=CARTESIAN_POINT('Ctrl Pts',(204.146689928956,1.14376037584475,7.23436788501272));
#2538=CARTESIAN_POINT('Ctrl Pts',(204.262505640606,0.571711759301022,7.20234310721184));
#2539=CARTESIAN_POINT('Ctrl Pts',(204.263093009651,-0.000106138198687724,
7.17031832941096));
#2540=CARTESIAN_POINT('Ctrl Pts',(201.322884965569,4.9244061944433,10.));
#2541=CARTESIAN_POINT('Ctrl Pts',(201.461364103931,4.87489703598061,10.));
#2542=CARTESIAN_POINT('Ctrl Pts',(201.59733460809,4.81937637173217,10.));
#2543=CARTESIAN_POINT('Ctrl Pts',(201.730473196345,4.75812170948572,10.));
#2544=CARTESIAN_POINT('Ctrl Pts',(201.864672850632,4.69637886990275,10.));
#2545=CARTESIAN_POINT('Ctrl Pts',(201.995995923678,4.62880981034614,10.));
#2546=CARTESIAN_POINT('Ctrl Pts',(202.124085691407,4.55565258041485,10.));
#2547=CARTESIAN_POINT('Ctrl Pts',(202.251164208652,4.4830729164008,10.));
#2548=CARTESIAN_POINT('Ctrl Pts',(202.375060826705,4.40499242527356,10.));
#2549=CARTESIAN_POINT('Ctrl Pts',(202.495393133477,4.32160602462713,10.));
#2550=CARTESIAN_POINT('Ctrl Pts',(202.614140473559,4.23931795468658,10.));
#2551=CARTESIAN_POINT('Ctrl Pts',(202.729417251201,4.15186231127237,10.));
#2552=CARTESIAN_POINT('Ctrl Pts',(202.840815123121,4.05939759949824,10.));
#2553=CARTESIAN_POINT('Ctrl Pts',(202.881719761904,4.02544510498312,10.));
#2554=CARTESIAN_POINT('Ctrl Pts',(202.92210096591,3.99081698565371,10.));
#2555=CARTESIAN_POINT('Ctrl Pts',(202.961936916979,3.95552030305325,10.));
#2556=CARTESIAN_POINT('Ctrl Pts',(202.979963498936,3.93954783284452,10.));
#2557=CARTESIAN_POINT('Ctrl Pts',(202.997880909632,3.92343607301528,10.));
#2558=CARTESIAN_POINT('Ctrl Pts',(203.015668178898,3.90720319605587,10.));
#2559=CARTESIAN_POINT('Ctrl Pts',(203.122004660513,3.81015923745066,10.));
#2560=CARTESIAN_POINT('Ctrl Pts',(203.223828778176,3.70867178679502,10.));
#2561=CARTESIAN_POINT('Ctrl Pts',(203.32080516842,3.60295569607593,10.));
#2562=CARTESIAN_POINT('Ctrl Pts',(203.339358684181,3.58273010147114,10.));
#2563=CARTESIAN_POINT('Ctrl Pts',(203.357734643399,3.56234962200173,10.));
#2564=CARTESIAN_POINT('Ctrl Pts',(203.375930530028,3.54181562210923,10.));
#2565=CARTESIAN_POINT('Ctrl Pts',(203.471404156381,3.43407393997939,10.));
#2566=CARTESIAN_POINT('Ctrl Pts',(203.561923907793,3.3221077388236,10.));
#2567=CARTESIAN_POINT('Ctrl Pts',(203.6472875276,3.20630197452762,10.));
#2568=CARTESIAN_POINT('Ctrl Pts',(203.732433412909,3.09079159262023,10.));
#2569=CARTESIAN_POINT('Ctrl Pts',(203.812449722214,2.9714604440007,10.));
#2570=CARTESIAN_POINT('Ctrl Pts',(203.887087583124,2.84867204569202,10.));
#2571=CARTESIAN_POINT('Ctrl Pts',(203.953581827511,2.73928089131866,10.));
#2572=CARTESIAN_POINT('Ctrl Pts',(204.015806752408,2.62714515779294,10.));
#2573=CARTESIAN_POINT('Ctrl Pts',(204.073551251139,2.51251679513012,10.));
#2574=CARTESIAN_POINT('Ctrl Pts',(204.085074717828,2.48964160965173,10.));
#2575=CARTESIAN_POINT('Ctrl Pts',(204.096419645344,2.46666715465162,10.));
#2576=CARTESIAN_POINT('Ctrl Pts',(204.107584188269,2.44359543326262,10.));
#2577=CARTESIAN_POINT('Ctrl Pts',(204.115238032769,2.42777863099626,10.));
#2578=CARTESIAN_POINT('Ctrl Pts',(204.122805449815,2.41191945516542,10.));
#2579=CARTESIAN_POINT('Ctrl Pts',(204.130282508564,2.39602611127412,10.));
#2580=CARTESIAN_POINT('Ctrl Pts',(204.190204159606,2.26865578579178,10.));
#2581=CARTESIAN_POINT('Ctrl Pts',(204.244395931228,2.13894957896315,10.));
#2582=CARTESIAN_POINT('Ctrl Pts',(204.292675464308,2.00727083010896,10.));
#2583=CARTESIAN_POINT('Ctrl Pts',(204.340529365538,1.87675295970397,10.));
#2584=CARTESIAN_POINT('Ctrl Pts',(204.38257499901,1.74429643585835,10.));
#2585=CARTESIAN_POINT('Ctrl Pts',(204.418585390958,1.61024312885264,10.));
#2586=CARTESIAN_POINT('Ctrl Pts',(204.434508329433,1.55096794620765,10.));
#2587=CARTESIAN_POINT('Ctrl Pts',(204.449250590889,1.49138046948574,10.));
#2588=CARTESIAN_POINT('Ctrl Pts',(204.462789286859,1.43151006244397,10.));
#2589=CARTESIAN_POINT('Ctrl Pts',(204.493638615719,1.29508910433388,10.));
#2590=CARTESIAN_POINT('Ctrl Pts',(204.518242325308,1.15719836301185,10.));
#2591=CARTESIAN_POINT('Ctrl Pts',(204.536556590796,1.01827311631519,10.));
#2592=CARTESIAN_POINT('Ctrl Pts',(204.54678085499,0.940715628337479,10.));
#2593=CARTESIAN_POINT('Ctrl Pts',(204.555044023268,0.862835881792572,10.));
#2594=CARTESIAN_POINT('Ctrl Pts',(204.561331672804,0.784711727542069,10.));
#2595=CARTESIAN_POINT('Ctrl Pts',(204.563755396479,0.754596918957407,10.));
#2596=CARTESIAN_POINT('Ctrl Pts',(204.565885527048,0.724445815017183,10.));
#2597=CARTESIAN_POINT('Ctrl Pts',(204.567721048101,0.694262962789674,10.));
#2598=CARTESIAN_POINT('Ctrl Pts',(204.568706021676,0.678066301999039,10.));
#2599=CARTESIAN_POINT('Ctrl Pts',(204.569606029767,0.661862063042633,10.));
#2600=CARTESIAN_POINT('Ctrl Pts',(204.570420576278,0.645660415541823,10.));
#2601=CARTESIAN_POINT('Ctrl Pts',(204.577310194858,0.508623217314755,10.));
#2602=CARTESIAN_POINT('Ctrl Pts',(204.578101943136,0.371582794267638,10.));
#2603=CARTESIAN_POINT('Ctrl Pts',(204.572825645311,0.234946458639263,10.));
#2604=CARTESIAN_POINT('Ctrl Pts',(204.567566426089,0.0987523947833654,10.));
#2605=CARTESIAN_POINT('Ctrl Pts',(204.556278226626,-0.0370409867775106,
10.));
#2606=CARTESIAN_POINT('Ctrl Pts',(204.538939718497,-0.172022041757281,10.));
#2607=CARTESIAN_POINT('Ctrl Pts',(204.521915797576,-0.304554021369912,10.));
#2608=CARTESIAN_POINT('Ctrl Pts',(204.499058878758,-0.436303554075298,10.));
#2609=CARTESIAN_POINT('Ctrl Pts',(204.470302820384,-0.566862266937131,10.));
#2610=CARTESIAN_POINT('Ctrl Pts',(204.450119365611,-0.658499508801322,10.));
#2611=CARTESIAN_POINT('Ctrl Pts',(204.427028791915,-0.749549726047477,10.));
#2612=CARTESIAN_POINT('Ctrl Pts',(204.400995242458,-0.839863408131475,10.));
#2613=CARTESIAN_POINT('Ctrl Pts',(204.388243260836,-0.884101648330645,10.));
#2614=CARTESIAN_POINT('Ctrl Pts',(204.374784992508,-0.928163049154859,10.));
#2615=CARTESIAN_POINT('Ctrl Pts',(204.360625948338,-0.972031301963252,10.));
#2616=CARTESIAN_POINT('Ctrl Pts',(204.353587024566,-0.993839644659201,10.));
#2617=CARTESIAN_POINT('Ctrl Pts',(204.346374903237,-1.01560024475284,10.));
#2618=CARTESIAN_POINT('Ctrl Pts',(204.338990220157,-1.03731105025477,10.));
#2619=CARTESIAN_POINT('Ctrl Pts',(204.33316670432,-1.05443205846914,10.));
#2620=CARTESIAN_POINT('Ctrl Pts',(204.327236106591,-1.07152128772779,10.));
#2621=CARTESIAN_POINT('Ctrl Pts',(204.321202322724,-1.08856803391782,10.));
#2622=CARTESIAN_POINT('Ctrl Pts',(204.276377787792,-1.21520705295974,10.));
#2623=CARTESIAN_POINT('Ctrl Pts',(204.225813481882,-1.33964832914458,10.));
#2624=CARTESIAN_POINT('Ctrl Pts',(204.169719445875,-1.46152342535091,10.));
#2625=CARTESIAN_POINT('Ctrl Pts',(204.116430447642,-1.57730403677916,10.));
#2626=CARTESIAN_POINT('Ctrl Pts',(204.058150214051,-1.69076902125545,10.));
#2627=CARTESIAN_POINT('Ctrl Pts',(203.99502517075,-1.80157482653836,10.));
#2628=CARTESIAN_POINT('Ctrl Pts',(203.970061697371,-1.84539416710126,10.));
#2629=CARTESIAN_POINT('Ctrl Pts',(203.944340220582,-1.8887973004637,10.));
#2630=CARTESIAN_POINT('Ctrl Pts',(203.917868589535,-1.93176153570981,10.));
#2631=CARTESIAN_POINT('Ctrl Pts',(203.904792453189,-1.95298448933626,10.));
#2632=CARTESIAN_POINT('Ctrl Pts',(203.8915332662,-1.97410033636131,10.));
#2633=CARTESIAN_POINT('Ctrl Pts',(203.878091919536,-1.99510625937729,10.));
#2634=CARTESIAN_POINT('Ctrl Pts',(203.865684026407,-2.0144971176259,10.));
#2635=CARTESIAN_POINT('Ctrl Pts',(203.853125839849,-2.03378657164121,10.));
#2636=CARTESIAN_POINT('Ctrl Pts',(203.840419822207,-2.05297052144987,10.));
#2637=CARTESIAN_POINT('Ctrl Pts',(203.767835272743,-2.16256098426043,10.));
#2638=CARTESIAN_POINT('Ctrl Pts',(203.690414227384,-2.26873503487168,10.));
#2639=CARTESIAN_POINT('Ctrl Pts',(203.608330189152,-2.37111980565945,10.));
#2640=CARTESIAN_POINT('Ctrl Pts',(203.527580939244,-2.47183967301995,10.));
#2641=CARTESIAN_POINT('Ctrl Pts',(203.442318577588,-2.56889296871156,10.));
#2642=CARTESIAN_POINT('Ctrl Pts',(203.352678653365,-2.66188397385917,10.));
#2643=CARTESIAN_POINT('Ctrl Pts',(203.336282366634,-2.67889321608114,10.));
#2644=CARTESIAN_POINT('Ctrl Pts',(203.319739550785,-2.69576642346271,10.));
#2645=CARTESIAN_POINT('Ctrl Pts',(203.303050947198,-2.7125010045714,10.));
#2646=CARTESIAN_POINT('Ctrl Pts',(203.276936358186,-2.73868753993187,10.));
#2647=CARTESIAN_POINT('Ctrl Pts',(203.250464789335,-2.76453464279268,10.));
#2648=CARTESIAN_POINT('Ctrl Pts',(203.223643733117,-2.79003602194787,10.));
#2649=CARTESIAN_POINT('Origin',(200.,-7.7715611723761E-15,10.));
#2650=CARTESIAN_POINT('',(191.339745962156,-4.99999999999999,10.));
#2651=CARTESIAN_POINT('',(200.,-10.,10.));
#2652=CARTESIAN_POINT('',(191.339745962156,-4.99999999999999,10.));
#2653=CARTESIAN_POINT('',(208.660254037844,-5.,10.));
#2654=CARTESIAN_POINT('',(200.,-10.,10.));
#2655=CARTESIAN_POINT('',(208.660254037844,4.99999999999999,10.));
#2656=CARTESIAN_POINT('',(208.660254037844,-5.,10.));
#2657=CARTESIAN_POINT('',(200.,9.99999999999998,10.));
#2658=CARTESIAN_POINT('',(208.660254037844,4.99999999999999,10.));
#2659=CARTESIAN_POINT('',(191.339745962156,4.99999999999999,10.));
#2660=CARTESIAN_POINT('',(200.,9.99999999999998,10.));
#2661=CARTESIAN_POINT('',(191.339745962156,4.99999999999999,10.));
#2662=CARTESIAN_POINT('Origin',(200.,0.,10.));
#2663=CARTESIAN_POINT('Origin',(191.339745962156,4.99999999999999,0.));
#2664=CARTESIAN_POINT('',(191.339745962156,4.99999999999999,0.));
#2665=CARTESIAN_POINT('',(191.339745962156,-4.99999999999999,0.));
#2666=CARTESIAN_POINT('',(191.339745962156,4.99999999999999,0.));
#2667=CARTESIAN_POINT('',(191.339745962156,-4.99999999999999,0.));
#2668=CARTESIAN_POINT('',(191.339745962156,4.99999999999999,0.));
#2669=CARTESIAN_POINT('Origin',(200.,9.99999999999998,0.));
#2670=CARTESIAN_POINT('',(200.,9.99999999999998,0.));
#2671=CARTESIAN_POINT('',(200.,9.99999999999998,0.));
#2672=CARTESIAN_POINT('',(200.,9.99999999999998,0.));
#2673=CARTESIAN_POINT('Origin',(208.660254037844,4.99999999999999,0.));
#2674=CARTESIAN_POINT('',(208.660254037844,4.99999999999999,0.));
#2675=CARTESIAN_POINT('',(208.660254037844,4.99999999999999,0.));
#2676=CARTESIAN_POINT('',(208.660254037844,4.99999999999999,0.));
#2677=CARTESIAN_POINT('Origin',(208.660254037844,-5.,0.));
#2678=CARTESIAN_POINT('',(208.660254037844,-5.,0.));
#2679=CARTESIAN_POINT('',(208.660254037844,-5.,0.));
#2680=CARTESIAN_POINT('',(208.660254037844,-5.,0.));
#2681=CARTESIAN_POINT('Origin',(200.,-10.,0.));
#2682=CARTESIAN_POINT('',(200.,-10.,0.));
#2683=CARTESIAN_POINT('',(200.,-10.,0.));
#2684=CARTESIAN_POINT('',(200.,-10.,0.));
#2685=CARTESIAN_POINT('Origin',(191.339745962156,-4.99999999999999,0.));
#2686=CARTESIAN_POINT('',(191.339745962156,-4.99999999999999,0.));
#2687=CARTESIAN_POINT('Origin',(200.,-7.7715611723761E-15,0.));
#2688=UNCERTAINTY_MEASURE_WITH_UNIT(LENGTH_MEASURE(0.01),#2692,
'DISTANCE_ACCURACY_VALUE',
'Maximum model space distance between geometric entities at asserted c
onnectivities');
#2689=UNCERTAINTY_MEASURE_WITH_UNIT(LENGTH_MEASURE(0.01),#2692,
'DISTANCE_ACCURACY_VALUE',
'Maximum model space distance between geometric entities at asserted c
onnectivities');
#2690=(
GEOMETRIC_REPRESENTATION_CONTEXT(3)
GLOBAL_UNCERTAINTY_ASSIGNED_CONTEXT((#2688))
GLOBAL_UNIT_ASSIGNED_CONTEXT((#2692,#2694,#2695))
REPRESENTATION_CONTEXT('','3D')
);
#2691=(
GEOMETRIC_REPRESENTATION_CONTEXT(3)
GLOBAL_UNCERTAINTY_ASSIGNED_CONTEXT((#2689))
GLOBAL_UNIT_ASSIGNED_CONTEXT((#2692,#2694,#2695))
REPRESENTATION_CONTEXT('','3D')
);
#2692=(
LENGTH_UNIT()
NAMED_UNIT(*)
SI_UNIT(.MILLI.,.METRE.)
);
#2693=(
LENGTH_UNIT()
NAMED_UNIT(*)
SI_UNIT($,.METRE.)
);
#2694=(
NAMED_UNIT(*)
PLANE_ANGLE_UNIT()
SI_UNIT($,.RADIAN.)
);
#2695=(
NAMED_UNIT(*)
SI_UNIT($,.STERADIAN.)
SOLID_ANGLE_UNIT()
);
#2696=SHAPE_DEFINITION_REPRESENTATION(#2697,#2698);
#2697=PRODUCT_DEFINITION_SHAPE('',$,#2700);
#2698=SHAPE_REPRESENTATION('',(#504),#2690);
#2699=PRODUCT_DEFINITION_CONTEXT('part definition',#2704,'design');
#2700=PRODUCT_DEFINITION('mass_big_bolt_L','mass_big_bolt_L',#2701,#2699);
#2701=PRODUCT_DEFINITION_FORMATION('',$,#2706);
#2702=PRODUCT_RELATED_PRODUCT_CATEGORY('mass_big_bolt_L',
'mass_big_bolt_L',(#2706));
#2703=APPLICATION_PROTOCOL_DEFINITION('international standard',
'automotive_design',2009,#2704);
#2704=APPLICATION_CONTEXT(
'Core Data for Automotive Mechanical Design Process');
#2705=PRODUCT_CONTEXT('part definition',#2704,'mechanical');
#2706=PRODUCT('mass_big_bolt_L','mass_big_bolt_L',$,(#2705));
#2707=PRESENTATION_STYLE_ASSIGNMENT((#2708));
#2708=SURFACE_STYLE_USAGE(.BOTH.,#2709);
#2709=SURFACE_SIDE_STYLE('',(#2710));
#2710=SURFACE_STYLE_FILL_AREA(#2711);
#2711=FILL_AREA_STYLE('Steel - Satin',(#2712));
#2712=FILL_AREA_STYLE_COLOUR('Steel - Satin',#2713);
#2713=COLOUR_RGB('Steel - Satin',0.627450980392157,0.627450980392157,0.627450980392157);
ENDSEC;
END-ISO-10303-21;
