ISO-10303-21;
HEADER;
/* Generated by software containing ST-Developer
 * from STEP Tools, Inc. (www.steptools.com) 
 */

FILE_DESCRIPTION(
/* description */ (''),
/* implementation_level */ '2;1');

FILE_NAME(
/* name */ 'Encoder.step',
/* time_stamp */ '2026-05-25T06:54:10+05:30',
/* author */ (''),
/* organization */ (''),
/* preprocessor_version */ 'ST-DEVELOPER v20.1',
/* originating_system */ 'Autodesk Translation Framework v15.8.0.0',
/* authorisation */ '');

FILE_SCHEMA (('AUTOMOTIVE_DESIGN { 1 0 10303 214 3 1 1 }'));
ENDSEC;

DATA;
#10=MECHANICAL_DESIGN_GEOMETRIC_PRESENTATION_REPRESENTATION('',(#39,#40,
#41,#42,#43,#44,#45,#46,#47,#48,#49,#50,#51,#52,#53,#54,#55,#56,#57,#58,
#59,#60,#61,#62,#63,#64,#65,#66,#67,#68,#69,#70,#71,#72,#73,#74,#75,#76,
#77,#78,#79,#80,#81,#82,#83,#84,#85,#86,#87,#88,#89,#90,#91,#92,#93,#94,
#95,#96,#97,#98,#99,#100,#101,#102,#103,#104,#105,#106,#107,#108,#109,#110,
#111,#112,#113,#114,#115,#116),#4627);
#11=SHAPE_REPRESENTATION_RELATIONSHIP('SRR','None',#4634,#12);
#12=ADVANCED_BREP_SHAPE_REPRESENTATION('',(#117,#118,#119,#120,#121),#4626);
#13=(
BOUNDED_SURFACE()
B_SPLINE_SURFACE(3,2,((#4122,#4123,#4124),(#4125,#4126,#4127),(#4128,#4129,
#4130),(#4131,#4132,#4133),(#4134,#4135,#4136),(#4137,#4138,#4139),(#4140,
#4141,#4142),(#4143,#4144,#4145),(#4146,#4147,#4148),(#4149,#4150,#4151),
(#4152,#4153,#4154),(#4155,#4156,#4157),(#4158,#4159,#4160),(#4161,#4162,
#4163),(#4164,#4165,#4166),(#4167,#4168,#4169),(#4170,#4171,#4172),(#4173,
#4174,#4175),(#4176,#4177,#4178),(#4179,#4180,#4181),(#4182,#4183,#4184),
(#4185,#4186,#4187),(#4188,#4189,#4190),(#4191,#4192,#4193),(#4194,#4195,
#4196),(#4197,#4198,#4199),(#4200,#4201,#4202),(#4203,#4204,#4205),(#4206,
#4207,#4208),(#4209,#4210,#4211),(#4212,#4213,#4214),(#4215,#4216,#4217),
(#4218,#4219,#4220),(#4221,#4222,#4223),(#4224,#4225,#4226),(#4227,#4228,
#4229),(#4230,#4231,#4232),(#4233,#4234,#4235),(#4236,#4237,#4238),(#4239,
#4240,#4241),(#4242,#4243,#4244),(#4245,#4246,#4247),(#4248,#4249,#4250),
(#4251,#4252,#4253),(#4254,#4255,#4256),(#4257,#4258,#4259),(#4260,#4261,
#4262),(#4263,#4264,#4265),(#4266,#4267,#4268),(#4269,#4270,#4271),(#4272,
#4273,#4274),(#4275,#4276,#4277),(#4278,#4279,#4280),(#4281,#4282,#4283),
(#4284,#4285,#4286),(#4287,#4288,#4289),(#4290,#4291,#4292),(#4293,#4294,
#4295),(#4296,#4297,#4298)),.UNSPECIFIED.,.F.,.F.,.F.)
B_SPLINE_SURFACE_WITH_KNOTS((4,1,1,1,1,1,1,1,1,1,1,1,1,1,1,1,1,1,1,1,1,
1,1,1,1,1,1,1,1,1,1,1,1,1,1,1,1,1,1,1,1,1,1,1,1,1,1,1,1,1,1,1,1,1,1,1,4),
(3,3),(0.0225067710168019,0.0241872769493607,0.0256584080160442,0.026393973549386,
0.0271295390827277,0.0286006701494113,0.0293362356827531,0.0300718012160948,
0.0308073667494366,0.0311751495161075,0.0315429322827784,0.0322784978161201,
0.0330140633494619,0.0337496288828037,0.0344851944161454,0.0352207599494872,
0.035956325482829,0.0366918910161708,0.0374274565495125,0.0381630220828543,
0.0388985876161961,0.0396341531495378,0.0403697186828796,0.0411052842162214,
0.0418408497495632,0.0433119808162467,0.0440475463495885,0.0447831118829302,
0.0462542429496138,0.0469898084829555,0.0477253740162973,0.0491965050829809,
0.0499320706163226,0.0506676361496644,0.0514032016830062,0.0521387672163479,
0.0528743327496897,0.0536098982830315,0.0543454638163733,0.055081029349715,
0.0558165948830568,0.0565521604163986,0.0572877259497403,0.0580232914830821,
0.0587588570164239,0.0594944225497657,0.0602299880831074,0.0605977708497783,
0.0609655536164492,0.061701119149791,0.0624366846831327,0.0639078157498163,
0.0646433812831581,0.0653789468164998,0.0668500778831834,0.0683212089498669,
0.0700017148824256),(0.,1.00020937486588),.UNSPECIFIED.)
GEOMETRIC_REPRESENTATION_ITEM()
RATIONAL_B_SPLINE_SURFACE(((0.999999999999999,0.910663457224095,1.00003740965332),
(1.,0.914616455339348,1.00003575433642),(1.,0.923297770641747,1.00003211903797),
(1.,0.935197367978811,1.00002713608478),(1.,0.94425733525033,1.00002334222591),
(1.,0.952946837520144,1.00001970349917),(1.,0.960844037018744,1.00001639654899),
(1.,0.967620566739059,1.00001355887899),(1.,0.972053206802763,1.00001170271215),
(1.,0.974988658282076,1.00001047349263),(1.,0.976862013046108,1.00000968902583),
(1.,0.978404686064683,1.00000904303192),(1.,0.979610448520555,1.00000853811921),
(1.,0.97989025301674,1.00000842095115),(1.,0.978942899977796,1.00000881765499),
(1.,0.976865745377116,1.00000968746292),(1.,0.973709687417616,1.00001100906134),
(1.,0.969686188346536,1.0000126939005),(1.,0.964912615021433,1.00001469283305),
(1.,0.95941698172572,1.00001699412802),(1.,0.95341154064434,1.00001950890486),
(1.,0.94704249190974,1.00002217594231),(1.,0.94039993468228,1.00002495751136),
(1.,0.933602186232413,1.0000278040667),(1.,0.92680468426218,1.00003065051883),
(1.,0.918191921624288,1.00003425711087),(1.,0.910542298647753,1.00003746038844),
(1.,0.904600922121554,1.00003994833827),(1.,0.900178324673451,1.00004180029977),
(1.,0.898317351892292,1.00004257958162),(1.,0.899218783247675,1.00004220210748),
(1.,0.901975249276905,1.00004104783807),(1.,0.90721008361992,1.00003885575259),
(1.,0.914254031467004,1.00003590610132),(1.,0.920298385376872,1.00003337502974),
(1.,0.926785639303721,1.0000306584939),(1.,0.933483315197394,1.00002785384392),
(1.,0.940239572577165,1.00002502466295),(1.,0.94691582653319,1.0000222289834),
(1.,0.953368011432771,1.0000195271327),(1.,0.959336272899238,1.00001702792482),
(1.,0.964768360043756,1.00001475323978),(1.,0.969598446086252,1.00001273064255),
(1.,0.97365645249524,1.00001103135345),(1.,0.976779666611029,1.00000972350838),
(1.,0.978917733412223,1.00000882819348),(1.,0.97986809604004,1.00000843022938),
(1.,0.9796857532343,1.00000850658538),(1.,0.978926529785441,1.00000882451),
(1.,0.977789352324084,1.00000930070276),(1.,0.975689211289047,1.00001018013625),
(1.,0.97095827020124,1.00001216121656),(1.,0.964658261211705,1.00001479934364),
(1.,0.957011181436232,1.00001800155624),(1.,0.948795349029234,1.00002144193386),
(1.,0.937716276845784,1.00002608129236),(1.,0.92331577048911,1.00003211150054),
(1.,0.914613230357824,1.00003575568688),(1.,0.910664164630212,1.0000374093571)))
REPRESENTATION_ITEM('')
SURFACE()
);
#14=(
BOUNDED_SURFACE()
B_SPLINE_SURFACE(3,2,((#4301,#4302,#4303),(#4304,#4305,#4306),(#4307,#4308,
#4309),(#4310,#4311,#4312),(#4313,#4314,#4315),(#4316,#4317,#4318),(#4319,
#4320,#4321),(#4322,#4323,#4324),(#4325,#4326,#4327)),.UNSPECIFIED.,.F.,
 .F.,.F.)
B_SPLINE_SURFACE_WITH_KNOTS((4,1,1,1,1,1,4),(3,3),(-4.38363729366918E-5,
0.00169087601614353,0.0025363140242153,0.00338175203228706,0.00422719004035883,
0.0050726280484306,0.00680734043751082),(0.,1.00004383637294),
 .UNSPECIFIED.)
GEOMETRIC_REPRESENTATION_ITEM()
RATIONAL_B_SPLINE_SURFACE(((0.999999999999999,0.911447417624647,1.00000776364805),
(1.,0.921232631221464,1.00000690575151),(1.,0.933452142524457,1.0000058344334),
(1.,0.942205331840553,1.00000506701725),(1.,0.944472251167671,1.00000486827021),
(1.,0.94217358338079,1.00000506980073),(1.,0.933430262549349,1.00000583635167),
(1.,0.921228888153275,1.00000690607967),(1.,0.911447741285138,1.00000776361967)))
REPRESENTATION_ITEM('')
SURFACE()
);
#15=TOROIDAL_SURFACE('',#2237,17.,2.);
#16=TOROIDAL_SURFACE('',#2261,6.25613370571707,0.5);
#17=TOROIDAL_SURFACE('',#2338,4.,2.);
#18=TOROIDAL_SURFACE('',#2380,4.,1.8);
#19=CONICAL_SURFACE('',#2151,3.05,0.785398163397483);
#20=CONICAL_SURFACE('',#2183,18.9,0.785398163397431);
#21=CONICAL_SURFACE('',#2184,7.5,0.785398163397444);
#22=CONICAL_SURFACE('',#2185,9.89999999999999,0.78539816339744);
#23=CONICAL_SURFACE('',#2202,1.25,0.785398163397434);
#24=CONICAL_SURFACE('',#2203,1.25,0.785398163397402);
#25=CONICAL_SURFACE('',#2204,1.25,0.785398163397423);
#26=CONICAL_SURFACE('',#2205,1.25,0.785398163397458);
#27=CONICAL_SURFACE('',#2206,1.25,0.785398163397405);
#28=CONICAL_SURFACE('',#2207,1.25,0.785398163397407);
#29=CONICAL_SURFACE('',#2257,6.5,0.663225115757846);
#30=(
BOUNDED_CURVE()
B_SPLINE_CURVE(2,(#3130,#3131,#3132),.UNSPECIFIED.,.F.,.F.)
B_SPLINE_CURVE_WITH_KNOTS((3,3),(-1.0924887113268,-1.03654958424144),
 .UNSPECIFIED.)
CURVE()
GEOMETRIC_REPRESENTATION_ITEM()
RATIONAL_B_SPLINE_CURVE((2.76392970013623,2.74111972579483,2.71602099907179))
REPRESENTATION_ITEM('')
);
#31=(
BOUNDED_CURVE()
B_SPLINE_CURVE(2,(#3134,#3135,#3136),.UNSPECIFIED.,.F.,.F.)
B_SPLINE_CURVE_WITH_KNOTS((3,3),(-2.26341962497039,-2.20748049788509),
 .UNSPECIFIED.)
CURVE()
GEOMETRIC_REPRESENTATION_ITEM()
RATIONAL_B_SPLINE_CURVE((2.71602099907181,2.74111972579482,2.7639297001362))
REPRESENTATION_ITEM('')
);
#32=B_SPLINE_CURVE_WITH_KNOTS('',3,(#3098,#3099,#3100,#3101,#3102,#3103,
#3104,#3105,#3106,#3107,#3108,#3109,#3110,#3111,#3112,#3113,#3114,#3115,
#3116,#3117,#3118,#3119),.UNSPECIFIED.,.F.,.F.,(4,2,2,2,2,2,2,2,2,2,4),
(-0.859658971651234,-0.842620942899503,-0.825582914147772,-0.79150685664431,
-0.74717433432138,-0.644744228738426,-0.542314123155472,-0.497981600832541,
-0.463905543329079,-0.446867514577348,-0.429829485825617),.UNSPECIFIED.);
#33=B_SPLINE_CURVE_WITH_KNOTS('',3,(#3284,#3285,#3286,#3287,#3288,#3289,
#3290,#3291,#3292,#3293,#3294,#3295,#3296,#3297,#3298,#3299,#3300,#3301,
#3302,#3303,#3304,#3305,#3306,#3307,#3308,#3309,#3310,#3311,#3312,#3313,
#3314,#3315,#3316,#3317,#3318,#3319,#3320,#3321,#3322,#3323,#3324,#3325,
#3326,#3327,#3328,#3329,#3330,#3331,#3332,#3333,#3334,#3335,#3336,#3337,
#3338,#3339,#3340,#3341,#3342,#3343,#3344,#3345,#3346,#3347,#3348,#3349,
#3350,#3351,#3352,#3353,#3354,#3355,#3356,#3357,#3358,#3359,#3360,#3361,
#3362,#3363,#3364,#3365,#3366,#3367,#3368,#3369,#3370,#3371,#3372,#3373,
#3374,#3375,#3376,#3377,#3378,#3379,#3380,#3381,#3382,#3383,#3384,#3385,
#3386,#3387,#3388,#3389,#3390,#3391,#3392,#3393,#3394,#3395,#3396,#3397,
#3398,#3399,#3400,#3401,#3402,#3403,#3404,#3405,#3406,#3407,#3408,#3409,
#3410,#3411,#3412,#3413,#3414,#3415,#3416,#3417,#3418,#3419,#3420,#3421,
#3422,#3423,#3424,#3425,#3426,#3427,#3428,#3429,#3430,#3431),
 .UNSPECIFIED.,.F.,.F.,(4,3,3,3,3,3,3,3,3,3,3,3,3,3,3,3,3,3,3,3,3,3,3,3,
3,3,3,3,3,3,3,3,3,3,3,3,3,3,3,3,3,3,3,3,3,3,3,3,3,4),(1.37141932366277E-18,
0.000753541210478005,0.00146263345765452,0.00202880893454096,0.00260765667354633,
0.00292526691530905,0.00368265330887714,0.00438790037296357,0.00507658173895832,
0.00511921710179083,0.00561382453701368,0.00585053383061809,0.00669630635786723,
0.00731316728827261,0.00789966350262529,0.00804448401709987,0.00859823130247147,
0.00877580074592713,0.00914145911034076,0.00950711747475439,0.00997007636295193,
0.0102384342035817,0.010708086235319,0.0109697509324089,0.011575412157117,
0.0117010676612362,0.0123344352221623,0.0124323843900634,0.0131637011188907,
0.0137097992700341,0.013895017847718,0.0146263345765452,0.0153576513053725,
0.0158539800842018,0.0160889680341997,0.0167503749018638,0.016820284763027,
0.0175516014918543,0.0182829182206815,0.0190142349495088,0.0194579973730333,
0.019745551678336,0.0203468015742316,0.0204768684071633,0.0212081851359906,
0.0218137511357234,0.0219395018648178,0.0223394538447008,0.0226708185936451,
0.0233817536463998),.UNSPECIFIED.);
#34=B_SPLINE_CURVE_WITH_KNOTS('',3,(#3435,#3436,#3437,#3438,#3439,#3440,
#3441,#3442,#3443,#3444,#3445,#3446,#3447,#3448,#3449,#3450,#3451,#3452,
#3453,#3454,#3455,#3456,#3457,#3458,#3459,#3460,#3461,#3462,#3463,#3464,
#3465,#3466,#3467,#3468,#3469,#3470,#3471,#3472,#3473,#3474,#3475,#3476,
#3477,#3478,#3479,#3480,#3481,#3482,#3483,#3484,#3485,#3486,#3487,#3488,
#3489,#3490,#3491,#3492,#3493,#3494,#3495,#3496,#3497,#3498,#3499,#3500,
#3501,#3502,#3503,#3504,#3505,#3506,#3507,#3508,#3509,#3510,#3511,#3512,
#3513,#3514,#3515,#3516,#3517,#3518,#3519,#3520,#3521,#3522,#3523,#3524,
#3525,#3526,#3527,#3528,#3529,#3530,#3531,#3532,#3533,#3534,#3535,#3536,
#3537,#3538,#3539,#3540,#3541,#3542,#3543,#3544,#3545,#3546,#3547,#3548,
#3549,#3550,#3551,#3552,#3553,#3554,#3555,#3556,#3557,#3558,#3559,#3560,
#3561,#3562,#3563,#3564,#3565,#3566,#3567,#3568,#3569,#3570,#3571,#3572,
#3573),.UNSPECIFIED.,.F.,.F.,(4,3,3,3,3,3,3,3,3,3,3,3,3,3,3,3,3,3,3,3,3,
3,3,3,3,3,3,3,3,3,3,3,3,3,3,3,3,3,3,3,3,3,3,3,3,3,4),(0.0233817536463998,
0.0234021353224724,0.0242095536444174,0.0248647687801269,0.0253455728698965,
0.025836487553839,0.0263274022377814,0.0270009461466151,0.0276863253615963,
0.0277900356954359,0.0285213524242632,0.0289690102019785,0.0292526691530904,
0.0299839858819177,0.030715302610745,0.0314466193395722,0.0320026221158513,
0.0321779360683995,0.032720059912833,0.0329092527972267,0.033640569526054,
0.0343718862548813,0.0351032029837085,0.0356239486973222,0.0358345197125358,
0.0363151397149059,0.0365658364413631,0.0370326504032849,0.0372971531701903,
0.0377885594461857,0.0380284698990176,0.0387597866278448,0.0393701938125937,
0.0394911033566721,0.0399957594691974,0.0402224200854994,0.0409156777902839,
0.0409537368143266,0.0417903401305547,0.0424163702719811,0.0431476870008084,
0.0436060069945978,0.0438790037296357,0.0446572855186722,0.0453416371872902,
0.046087060582915,0.0468042706449447),.UNSPECIFIED.);
#35=B_SPLINE_CURVE_WITH_KNOTS('',3,(#3598,#3599,#3600,#3601,#3602,#3603,
#3604,#3605,#3606),.UNSPECIFIED.,.F.,.F.,(4,1,1,1,1,1,4),(4.33680868994202E-19,
0.00163658451100489,0.00245487676650734,0.00327316902200978,0.00409146127751223,
0.00490975353301468,0.00654633804401957),.UNSPECIFIED.);
#36=B_SPLINE_CURVE_WITH_KNOTS('',3,(#3641,#3642,#3643,#3644,#3645,#3646,
#3647,#3648,#3649,#3650,#3651,#3652,#3653,#3654,#3655,#3656,#3657,#3658,
#3659,#3660,#3661,#3662,#3663,#3664,#3665,#3666,#3667,#3668,#3669,#3670,
#3671,#3672,#3673,#3674,#3675,#3676,#3677,#3678,#3679,#3680,#3681,#3682,
#3683,#3684,#3685,#3686,#3687,#3688,#3689,#3690,#3691,#3692,#3693,#3694,
#3695,#3696,#3697,#3698,#3699,#3700,#3701,#3702,#3703,#3704,#3705,#3706,
#3707,#3708,#3709,#3710,#3711,#3712,#3713,#3714,#3715,#3716,#3717,#3718,
#3719,#3720,#3721,#3722,#3723,#3724,#3725,#3726,#3727,#3728,#3729,#3730,
#3731,#3732,#3733,#3734,#3735,#3736,#3737,#3738,#3739,#3740,#3741,#3742,
#3743,#3744,#3745,#3746,#3747,#3748,#3749,#3750,#3751,#3752,#3753,#3754,
#3755,#3756,#3757,#3758,#3759,#3760,#3761,#3762,#3763,#3764,#3765,#3766,
#3767,#3768,#3769,#3770,#3771,#3772,#3773,#3774,#3775,#3776,#3777,#3778,
#3779,#3780,#3781,#3782,#3783,#3784,#3785,#3786,#3787,#3788,#3789,#3790,
#3791,#3792,#3793,#3794,#3795,#3796,#3797,#3798,#3799,#3800,#3801,#3802,
#3803,#3804,#3805,#3806,#3807,#3808,#3809,#3810,#3811,#3812,#3813,#3814,
#3815,#3816,#3817,#3818,#3819,#3820,#3821,#3822,#3823,#3824,#3825,#3826,
#3827,#3828,#3829,#3830,#3831,#3832,#3833,#3834,#3835,#3836,#3837,#3838,
#3839,#3840,#3841,#3842,#3843,#3844,#3845,#3846,#3847,#3848,#3849,#3850,
#3851,#3852,#3853,#3854,#3855,#3856,#3857,#3858,#3859,#3860,#3861,#3862,
#3863,#3864,#3865,#3866,#3867,#3868,#3869,#3870,#3871,#3872,#3873,#3874,
#3875,#3876,#3877,#3878,#3879,#3880,#3881,#3882,#3883,#3884,#3885,#3886,
#3887,#3888,#3889,#3890,#3891,#3892,#3893,#3894,#3895,#3896,#3897,#3898,
#3899,#3900,#3901,#3902,#3903,#3904,#3905,#3906,#3907,#3908,#3909,#3910,
#3911,#3912,#3913,#3914,#3915,#3916,#3917,#3918,#3919,#3920,#3921,#3922,
#3923,#3924,#3925,#3926,#3927,#3928,#3929,#3930,#3931,#3932,#3933,#3934,
#3935,#3936,#3937,#3938,#3939,#3940,#3941,#3942,#3943,#3944,#3945,#3946,
#3947,#3948,#3949,#3950,#3951,#3952,#3953,#3954,#3955,#3956,#3957,#3958,
#3959,#3960,#3961,#3962,#3963,#3964,#3965,#3966,#3967,#3968),
 .UNSPECIFIED.,.F.,.F.,(4,3,3,3,3,3,3,3,3,3,3,3,3,3,3,3,3,3,3,3,3,3,3,3,
3,3,3,3,3,3,3,3,3,3,3,3,3,3,3,3,3,3,3,3,3,3,3,3,3,3,3,3,3,3,3,3,3,3,3,3,
3,3,3,3,3,3,3,3,3,3,3,3,3,3,3,3,3,3,3,3,3,3,3,3,3,3,3,3,3,3,3,3,3,3,3,3,
3,3,3,3,3,3,3,3,3,3,3,3,3,4),(0.,0.00140031477217955,0.00140471077795044,
0.00266802078416288,0.00280503991869902,0.00280942155590088,0.00350904601411992,
0.0035117769448761,0.00421391166537671,0.00421413233385132,0.0054757115695842,
0.00561884311180176,0.00562539732617376,0.00624161365127382,0.00632119850077698,
0.00633150174531931,0.00684077525372984,0.00702355388975221,0.00703744239472307,
0.00737473158423982,0.00772590927872743,0.00774310832046734,0.00790149812597123,
0.00809485263750744,0.00816488139683694,0.00839525907265532,0.00842826466770265,
0.00844823968462098,0.00883012690141071,0.00913062005667787,0.00915071497738323,
0.00949408974715976,0.00983297544565309,0.00984975882236083,0.010288127417881,
0.0105353308346283,0.0105519382898342,0.0109816113477805,0.0112376862236035,
0.011256964499863,0.0119400416125787,0.0119624300397562,0.012642397001554,
0.0126684590756814,0.0133447523905292,0.0133747142941972,0.0140109949716145,
0.0140471077795044,0.014081016958014,0.0147494631684796,0.0147867359334917,
0.0154518185574549,0.0154919817850933,0.0161541739464301,0.0161964030645728,
0.0168565293354053,0.0168999333468846,0.0175588847243805,0.0176023784331127,
0.0182612401133557,0.0183037180703459,0.0190457708643836,0.0196659508913062,
0.0197028070313108,0.0204012449363919,0.0210706616692566,0.0210982997683777,
0.0220208669352154,0.0224753724472071,0.022491522355566,0.0231777278361823,
0.0231879700796476,0.0238800832251575,0.0238842070156376,0.0245248296257142,
0.0245824386141327,0.0251358469483995,0.0252773653394326,0.0252847940031079,
0.0259753168749453,0.0259871493920832,0.0266743747517424,0.0266895047810584,
0.0273745963763137,0.0273918601700336,0.028075844308137,0.0280942155590088,
0.0287781662222905,0.028796570947984,0.0294814590000321,0.0294989263369593,
0.0301856481215008,0.0302012817259345,0.0308903550042043,0.0309036371149097,
0.0315954470883622,0.0316059925038849,0.0323004776486766,0.0323083478928601,
0.0330053920590642,0.0330107032818354,0.0337098914198013,0.0337130586708106,
0.0340642363652982,0.0344132883323281,0.0344154140597858,0.0347665917542734,
0.0351134153099559,0.035117769448761,0.0353289693119946),.UNSPECIFIED.);
#37=B_SPLINE_CURVE_WITH_KNOTS('',3,(#3973,#3974,#3975,#3976,#3977,#3978,
#3979,#3980,#3981,#3982,#3983,#3984,#3985,#3986,#3987,#3988,#3989,#3990,
#3991,#3992,#3993,#3994,#3995,#3996,#3997,#3998,#3999,#4000,#4001,#4002,
#4003,#4004,#4005,#4006,#4007,#4008,#4009,#4010,#4011,#4012,#4013,#4014,
#4015,#4016,#4017,#4018,#4019,#4020,#4021,#4022,#4023,#4024,#4025,#4026,
#4027,#4028,#4029,#4030,#4031,#4032,#4033,#4034,#4035,#4036,#4037,#4038,
#4039,#4040,#4041,#4042,#4043,#4044,#4045,#4046,#4047,#4048,#4049,#4050,
#4051,#4052,#4053,#4054,#4055,#4056,#4057,#4058,#4059,#4060,#4061,#4062,
#4063,#4064,#4065,#4066),.UNSPECIFIED.,.F.,.F.,(4,3,3,3,3,3,3,3,3,3,3,3,
3,3,3,3,3,3,3,3,3,3,3,3,3,3,3,3,3,3,3,4),(0.0353289693119946,0.0354689471432486,
0.0357151797751306,0.0358101306234921,0.0358201248377362,0.0359957136849801,
0.0361622997415635,0.0362590969558458,0.036494566465727,0.0365133987646397,
0.0365224802267115,0.0368736579211991,0.0372175636217352,0.0372248356156867,
0.037745349733891,0.0379221923222326,0.0379271910046619,0.0386338394322254,
0.0393319017826124,0.0393325801762689,0.0400342571715876,0.0400376077904805,
0.0407366125605628,0.040742169023038,0.0418790595833857,0.0421413233385132,
0.0421490473393667,0.0431128694586088,0.0435460341164637,0.043552148066348,
0.0446870528340301,0.0449507448944141),.UNSPECIFIED.);
#38=B_SPLINE_CURVE_WITH_KNOTS('',3,(#4067,#4068,#4069,#4070,#4071,#4072,
#4073,#4074,#4075,#4076,#4077,#4078,#4079,#4080,#4081,#4082,#4083,#4084,
#4085,#4086,#4087,#4088,#4089,#4090,#4091,#4092,#4093,#4094,#4095,#4096,
#4097,#4098,#4099,#4100,#4101,#4102,#4103,#4104,#4105,#4106,#4107,#4108,
#4109,#4110,#4111,#4112,#4113,#4114,#4115,#4116,#4117,#4118,#4119,#4120,
#4121),.UNSPECIFIED.,.F.,.F.,(4,3,3,3,3,3,3,3,3,3,3,3,3,3,3,3,3,3,4),(0.,
0.000819407797598472,0.00159893019106073,0.00160572740044206,0.00231970050898644,
0.0023983952865911,0.00240740677589241,0.00294462718609896,0.00319786038212147,
0.00320902915827141,0.00399732547765184,0.00400830451753745,0.00471752910356186,
0.0047967905731822,0.00480427977239759,0.00525275864214849,0.00569937924486883,
0.00613158603242623,0.00639572076424294),.UNSPECIFIED.);
#39=STYLED_ITEM('',(#4644),#117);
#40=STYLED_ITEM('',(#4645),#118);
#41=STYLED_ITEM('',(#4646),#119);
#42=STYLED_ITEM('',(#4646),#120);
#43=STYLED_ITEM('',(#4647),#2013);
#44=STYLED_ITEM('',(#4647),#2014);
#45=STYLED_ITEM('',(#4647),#2015);
#46=STYLED_ITEM('',(#4647),#2016);
#47=STYLED_ITEM('',(#4647),#2017);
#48=STYLED_ITEM('',(#4647),#2018);
#49=STYLED_ITEM('',(#4647),#2019);
#50=STYLED_ITEM('',(#4647),#2020);
#51=STYLED_ITEM('',(#4647),#2021);
#52=STYLED_ITEM('',(#4647),#2024);
#53=STYLED_ITEM('',(#4647),#2037);
#54=STYLED_ITEM('',(#4647),#2038);
#55=STYLED_ITEM('',(#4647),#2039);
#56=STYLED_ITEM('',(#4647),#2040);
#57=STYLED_ITEM('',(#4648),#2041);
#58=STYLED_ITEM('',(#4648),#2042);
#59=STYLED_ITEM('',(#4648),#2043);
#60=STYLED_ITEM('',(#4648),#2044);
#61=STYLED_ITEM('',(#4648),#2045);
#62=STYLED_ITEM('',(#4648),#2046);
#63=STYLED_ITEM('',(#4648),#2047);
#64=STYLED_ITEM('',(#4648),#2048);
#65=STYLED_ITEM('',(#4648),#2049);
#66=STYLED_ITEM('',(#4648),#2050);
#67=STYLED_ITEM('',(#4648),#2051);
#68=STYLED_ITEM('',(#4648),#2052);
#69=STYLED_ITEM('',(#4648),#2053);
#70=STYLED_ITEM('',(#4648),#2054);
#71=STYLED_ITEM('',(#4648),#2055);
#72=STYLED_ITEM('',(#4648),#2056);
#73=STYLED_ITEM('',(#4648),#2057);
#74=STYLED_ITEM('',(#4648),#2058);
#75=STYLED_ITEM('',(#4648),#2059);
#76=STYLED_ITEM('',(#4648),#2060);
#77=STYLED_ITEM('',(#4648),#2061);
#78=STYLED_ITEM('',(#4648),#2062);
#79=STYLED_ITEM('',(#4648),#2063);
#80=STYLED_ITEM('',(#4648),#2064);
#81=STYLED_ITEM('',(#4648),#2065);
#82=STYLED_ITEM('',(#4648),#2066);
#83=STYLED_ITEM('',(#4648),#2067);
#84=STYLED_ITEM('',(#4648),#2068);
#85=STYLED_ITEM('',(#4648),#2069);
#86=STYLED_ITEM('',(#4648),#2070);
#87=STYLED_ITEM('',(#4648),#2071);
#88=STYLED_ITEM('',(#4648),#2072);
#89=STYLED_ITEM('',(#4648),#2073);
#90=STYLED_ITEM('',(#4648),#2074);
#91=STYLED_ITEM('',(#4648),#2075);
#92=STYLED_ITEM('',(#4648),#2076);
#93=STYLED_ITEM('',(#4648),#2077);
#94=STYLED_ITEM('',(#4648),#2078);
#95=STYLED_ITEM('',(#4648),#2079);
#96=STYLED_ITEM('',(#4648),#2080);
#97=STYLED_ITEM('',(#4648),#2081);
#98=STYLED_ITEM('',(#4648),#2082);
#99=STYLED_ITEM('',(#4648),#2083);
#100=STYLED_ITEM('',(#4648),#2084);
#101=STYLED_ITEM('',(#4648),#2085);
#102=STYLED_ITEM('',(#4648),#2086);
#103=STYLED_ITEM('',(#4648),#2087);
#104=STYLED_ITEM('',(#4648),#2088);
#105=STYLED_ITEM('',(#4648),#2089);
#106=STYLED_ITEM('',(#4648),#2090);
#107=STYLED_ITEM('',(#4648),#2091);
#108=STYLED_ITEM('',(#4648),#2092);
#109=STYLED_ITEM('',(#4648),#2093);
#110=STYLED_ITEM('',(#4648),#2094);
#111=STYLED_ITEM('',(#4648),#2095);
#112=STYLED_ITEM('',(#4648),#2096);
#113=STYLED_ITEM('',(#4648),#2097);
#114=STYLED_ITEM('',(#4648),#2098);
#115=STYLED_ITEM('',(#4648),#2099);
#116=STYLED_ITEM('',(#4643),#121);
#117=MANIFOLD_SOLID_BREP('Body1',#2100);
#118=MANIFOLD_SOLID_BREP('Body2',#2101);
#119=MANIFOLD_SOLID_BREP('Body3',#2102);
#120=MANIFOLD_SOLID_BREP('Body4',#2103);
#121=MANIFOLD_SOLID_BREP('Body5',#2104);
#122=LINE('',#3062,#252);
#123=LINE('',#3064,#253);
#124=LINE('',#3068,#254);
#125=LINE('',#3073,#255);
#126=LINE('',#3085,#256);
#127=LINE('',#3087,#257);
#128=LINE('',#3092,#258);
#129=LINE('',#3096,#259);
#130=LINE('',#3121,#260);
#131=LINE('',#3126,#261);
#132=LINE('',#3133,#262);
#133=LINE('',#3143,#263);
#134=LINE('',#3179,#264);
#135=LINE('',#3190,#265);
#136=LINE('',#3196,#266);
#137=LINE('',#3198,#267);
#138=LINE('',#3200,#268);
#139=LINE('',#3202,#269);
#140=LINE('',#3205,#270);
#141=LINE('',#3209,#271);
#142=LINE('',#3213,#272);
#143=LINE('',#3219,#273);
#144=LINE('',#3225,#274);
#145=LINE('',#3231,#275);
#146=LINE('',#3236,#276);
#147=LINE('',#3238,#277);
#148=LINE('',#3240,#278);
#149=LINE('',#3242,#279);
#150=LINE('',#3244,#280);
#151=LINE('',#3246,#281);
#152=LINE('',#3251,#282);
#153=LINE('',#3256,#283);
#154=LINE('',#3261,#284);
#155=LINE('',#3266,#285);
#156=LINE('',#3271,#286);
#157=LINE('',#3276,#287);
#158=LINE('',#3433,#288);
#159=LINE('',#3595,#289);
#160=LINE('',#3611,#290);
#161=LINE('',#3616,#291);
#162=LINE('',#3621,#292);
#163=LINE('',#3626,#293);
#164=LINE('',#3631,#294);
#165=LINE('',#3636,#295);
#166=LINE('',#3970,#296);
#167=LINE('',#4340,#297);
#168=LINE('',#4343,#298);
#169=LINE('',#4346,#299);
#170=LINE('',#4349,#300);
#171=LINE('',#4352,#301);
#172=LINE('',#4355,#302);
#173=LINE('',#4358,#303);
#174=LINE('',#4361,#304);
#175=LINE('',#4364,#305);
#176=LINE('',#4367,#306);
#177=LINE('',#4371,#307);
#178=LINE('',#4373,#308);
#179=LINE('',#4374,#309);
#180=LINE('',#4375,#310);
#181=LINE('',#4378,#311);
#182=LINE('',#4380,#312);
#183=LINE('',#4381,#313);
#184=LINE('',#4385,#314);
#185=LINE('',#4386,#315);
#186=LINE('',#4387,#316);
#187=LINE('',#4391,#317);
#188=LINE('',#4392,#318);
#189=LINE('',#4393,#319);
#190=LINE('',#4397,#320);
#191=LINE('',#4398,#321);
#192=LINE('',#4399,#322);
#193=LINE('',#4403,#323);
#194=LINE('',#4404,#324);
#195=LINE('',#4406,#325);
#196=LINE('',#4407,#326);
#197=LINE('',#4427,#327);
#198=LINE('',#4433,#328);
#199=LINE('',#4441,#329);
#200=LINE('',#4444,#330);
#201=LINE('',#4447,#331);
#202=LINE('',#4449,#332);
#203=LINE('',#4450,#333);
#204=LINE('',#4455,#334);
#205=LINE('',#4459,#335);
#206=LINE('',#4461,#336);
#207=LINE('',#4462,#337);
#208=LINE('',#4467,#338);
#209=LINE('',#4471,#339);
#210=LINE('',#4473,#340);
#211=LINE('',#4474,#341);
#212=LINE('',#4479,#342);
#213=LINE('',#4483,#343);
#214=LINE('',#4485,#344);
#215=LINE('',#4486,#345);
#216=LINE('',#4491,#346);
#217=LINE('',#4495,#347);
#218=LINE('',#4497,#348);
#219=LINE('',#4498,#349);
#220=LINE('',#4503,#350);
#221=LINE('',#4506,#351);
#222=LINE('',#4507,#352);
#223=LINE('',#4514,#353);
#224=LINE('',#4525,#354);
#225=LINE('',#4530,#355);
#226=LINE('',#4536,#356);
#227=LINE('',#4544,#357);
#228=LINE('',#4547,#358);
#229=LINE('',#4550,#359);
#230=LINE('',#4552,#360);
#231=LINE('',#4553,#361);
#232=LINE('',#4559,#362);
#233=LINE('',#4562,#363);
#234=LINE('',#4564,#364);
#235=LINE('',#4565,#365);
#236=LINE('',#4571,#366);
#237=LINE('',#4574,#367);
#238=LINE('',#4576,#368);
#239=LINE('',#4577,#369);
#240=LINE('',#4583,#370);
#241=LINE('',#4586,#371);
#242=LINE('',#4588,#372);
#243=LINE('',#4589,#373);
#244=LINE('',#4595,#374);
#245=LINE('',#4598,#375);
#246=LINE('',#4600,#376);
#247=LINE('',#4601,#377);
#248=LINE('',#4607,#378);
#249=LINE('',#4609,#379);
#250=LINE('',#4610,#380);
#251=LINE('',#4620,#381);
#252=VECTOR('',#2405,7.5);
#253=VECTOR('',#2408,3.45);
#254=VECTOR('',#2413,7.);
#255=VECTOR('',#2420,6.5);
#256=VECTOR('',#2435,6.5);
#257=VECTOR('',#2438,3.55);
#258=VECTOR('',#2443,3.15);
#259=VECTOR('',#2446,8.90000000000001);
#260=VECTOR('',#2447,8.90000000000001);
#261=VECTOR('',#2452,3.12569992161757);
#262=VECTOR('',#2459,3.5);
#263=VECTOR('',#2468,19.);
#264=VECTOR('',#2507,10.);
#265=VECTOR('',#2520,7.5);
#266=VECTOR('',#2529,3.25);
#267=VECTOR('',#2532,18.9);
#268=VECTOR('',#2535,7.5);
#269=VECTOR('',#2538,9.89999999999999);
#270=VECTOR('',#2541,1.25);
#271=VECTOR('',#2546,1.25);
#272=VECTOR('',#2551,1.25);
#273=VECTOR('',#2558,1.25);
#274=VECTOR('',#2565,1.25);
#275=VECTOR('',#2572,1.25);
#276=VECTOR('',#2579,1.25);
#277=VECTOR('',#2582,1.25);
#278=VECTOR('',#2585,1.25);
#279=VECTOR('',#2588,1.25);
#280=VECTOR('',#2591,1.25);
#281=VECTOR('',#2594,1.25);
#282=VECTOR('',#2599,1.60964391031296);
#283=VECTOR('',#2604,1.60964391031301);
#284=VECTOR('',#2609,1.60964391031302);
#285=VECTOR('',#2614,1.60964391031301);
#286=VECTOR('',#2619,1.60964391031294);
#287=VECTOR('',#2624,1.60964391031294);
#288=VECTOR('',#2631,19.);
#289=VECTOR('',#2658,3.25);
#290=VECTOR('',#2669,1.25);
#291=VECTOR('',#2676,1.25);
#292=VECTOR('',#2683,1.25);
#293=VECTOR('',#2690,1.25);
#294=VECTOR('',#2697,1.25);
#295=VECTOR('',#2704,1.25);
#296=VECTOR('',#2709,6.5);
#297=VECTOR('',#2736,1.62244486925563);
#298=VECTOR('',#2739,1.62244486925563);
#299=VECTOR('',#2742,1.62244486925563);
#300=VECTOR('',#2745,1.6224448692556);
#301=VECTOR('',#2748,1.62244486925559);
#302=VECTOR('',#2751,1.62244486925559);
#303=VECTOR('',#2754,1.62244486925559);
#304=VECTOR('',#2757,1.62244486925559);
#305=VECTOR('',#2760,1.6224448692556);
#306=VECTOR('',#2763,1.62244486925562);
#307=VECTOR('',#2766,4.8545336488242);
#308=VECTOR('',#2767,0.4);
#309=VECTOR('',#2768,1.62244486925562);
#310=VECTOR('',#2769,0.4);
#311=VECTOR('',#2772,0.4);
#312=VECTOR('',#2773,4.8545336488242);
#313=VECTOR('',#2774,0.4);
#314=VECTOR('',#2777,4.8545336488242);
#315=VECTOR('',#2778,0.4);
#316=VECTOR('',#2779,0.4);
#317=VECTOR('',#2782,4.8545336488242);
#318=VECTOR('',#2783,0.4);
#319=VECTOR('',#2784,0.4);
#320=VECTOR('',#2787,4.8545336488242);
#321=VECTOR('',#2788,0.4);
#322=VECTOR('',#2789,0.4);
#323=VECTOR('',#2792,4.85453364882421);
#324=VECTOR('',#2793,0.4);
#325=VECTOR('',#2794,1.62244486925563);
#326=VECTOR('',#2795,0.4);
#327=VECTOR('',#2830,5.);
#328=VECTOR('',#2837,6.);
#329=VECTOR('',#2846,1.);
#330=VECTOR('',#2849,1.);
#331=VECTOR('',#2852,4.8545336488242);
#332=VECTOR('',#2853,1.);
#333=VECTOR('',#2854,4.8545336488242);
#334=VECTOR('',#2859,1.);
#335=VECTOR('',#2864,4.8545336488242);
#336=VECTOR('',#2865,1.);
#337=VECTOR('',#2866,4.8545336488242);
#338=VECTOR('',#2871,1.);
#339=VECTOR('',#2876,4.8545336488242);
#340=VECTOR('',#2877,1.);
#341=VECTOR('',#2878,4.8545336488242);
#342=VECTOR('',#2883,1.);
#343=VECTOR('',#2888,4.8545336488242);
#344=VECTOR('',#2889,1.);
#345=VECTOR('',#2890,4.8545336488242);
#346=VECTOR('',#2895,1.);
#347=VECTOR('',#2900,4.8545336488242);
#348=VECTOR('',#2901,1.);
#349=VECTOR('',#2902,4.8545336488242);
#350=VECTOR('',#2907,1.);
#351=VECTOR('',#2912,4.8545336488242);
#352=VECTOR('',#2913,4.8545336488242);
#353=VECTOR('',#2922,6.);
#354=VECTOR('',#2937,4.);
#355=VECTOR('',#2942,4.8);
#356=VECTOR('',#2949,5.8);
#357=VECTOR('',#2958,0.600000000000001);
#358=VECTOR('',#2961,0.600000000000001);
#359=VECTOR('',#2964,4.8545336488242);
#360=VECTOR('',#2965,4.8545336488242);
#361=VECTOR('',#2966,0.600000000000001);
#362=VECTOR('',#2973,0.600000000000001);
#363=VECTOR('',#2976,4.8545336488242);
#364=VECTOR('',#2977,4.8545336488242);
#365=VECTOR('',#2978,0.600000000000001);
#366=VECTOR('',#2985,0.600000000000001);
#367=VECTOR('',#2988,4.8545336488242);
#368=VECTOR('',#2989,4.8545336488242);
#369=VECTOR('',#2990,0.600000000000001);
#370=VECTOR('',#2997,0.600000000000001);
#371=VECTOR('',#3000,4.8545336488242);
#372=VECTOR('',#3001,4.8545336488242);
#373=VECTOR('',#3002,0.600000000000001);
#374=VECTOR('',#3009,0.600000000000001);
#375=VECTOR('',#3012,4.8545336488242);
#376=VECTOR('',#3013,4.8545336488242);
#377=VECTOR('',#3014,0.600000000000001);
#378=VECTOR('',#3021,0.600000000000001);
#379=VECTOR('',#3024,4.8545336488242);
#380=VECTOR('',#3025,4.8545336488242);
#381=VECTOR('',#3038,5.8);
#382=CYLINDRICAL_SURFACE('',#2127,7.5);
#383=CYLINDRICAL_SURFACE('',#2128,3.45);
#384=CYLINDRICAL_SURFACE('',#2129,7.);
#385=CYLINDRICAL_SURFACE('',#2133,6.5);
#386=CYLINDRICAL_SURFACE('',#2140,6.5);
#387=CYLINDRICAL_SURFACE('',#2141,3.55);
#388=CYLINDRICAL_SURFACE('',#2142,3.15);
#389=CYLINDRICAL_SURFACE('',#2150,1.);
#390=CYLINDRICAL_SURFACE('',#2152,19.);
#391=CYLINDRICAL_SURFACE('',#2172,10.);
#392=CYLINDRICAL_SURFACE('',#2177,7.5);
#393=CYLINDRICAL_SURFACE('',#2182,3.25);
#394=CYLINDRICAL_SURFACE('',#2186,1.25);
#395=CYLINDRICAL_SURFACE('',#2188,1.25);
#396=CYLINDRICAL_SURFACE('',#2190,1.25);
#397=CYLINDRICAL_SURFACE('',#2193,1.25);
#398=CYLINDRICAL_SURFACE('',#2196,1.25);
#399=CYLINDRICAL_SURFACE('',#2199,1.25);
#400=CYLINDRICAL_SURFACE('',#2220,19.);
#401=CYLINDRICAL_SURFACE('',#2234,3.25);
#402=CYLINDRICAL_SURFACE('',#2239,1.25);
#403=CYLINDRICAL_SURFACE('',#2242,1.25);
#404=CYLINDRICAL_SURFACE('',#2245,1.25);
#405=CYLINDRICAL_SURFACE('',#2248,1.25);
#406=CYLINDRICAL_SURFACE('',#2251,1.25);
#407=CYLINDRICAL_SURFACE('',#2254,1.25);
#408=CYLINDRICAL_SURFACE('',#2296,2.);
#409=CYLINDRICAL_SURFACE('',#2297,2.);
#410=CYLINDRICAL_SURFACE('',#2298,2.);
#411=CYLINDRICAL_SURFACE('',#2299,2.);
#412=CYLINDRICAL_SURFACE('',#2300,2.);
#413=CYLINDRICAL_SURFACE('',#2301,2.);
#414=CYLINDRICAL_SURFACE('',#2302,5.);
#415=CYLINDRICAL_SURFACE('',#2304,6.);
#416=CYLINDRICAL_SURFACE('',#2308,2.);
#417=CYLINDRICAL_SURFACE('',#2312,2.);
#418=CYLINDRICAL_SURFACE('',#2316,2.);
#419=CYLINDRICAL_SURFACE('',#2320,2.);
#420=CYLINDRICAL_SURFACE('',#2324,2.);
#421=CYLINDRICAL_SURFACE('',#2328,2.);
#422=CYLINDRICAL_SURFACE('',#2335,6.);
#423=CYLINDRICAL_SURFACE('',#2341,4.);
#424=CYLINDRICAL_SURFACE('',#2343,4.8);
#425=CYLINDRICAL_SURFACE('',#2346,5.8);
#426=CYLINDRICAL_SURFACE('',#2350,1.8);
#427=CYLINDRICAL_SURFACE('',#2354,1.8);
#428=CYLINDRICAL_SURFACE('',#2358,1.8);
#429=CYLINDRICAL_SURFACE('',#2362,1.8);
#430=CYLINDRICAL_SURFACE('',#2366,1.8);
#431=CYLINDRICAL_SURFACE('',#2370,1.8);
#432=CYLINDRICAL_SURFACE('',#2377,5.8);
#433=FACE_BOUND('',#598,.T.);
#434=FACE_BOUND('',#600,.T.);
#435=FACE_BOUND('',#602,.T.);
#436=FACE_BOUND('',#607,.T.);
#437=FACE_BOUND('',#610,.T.);
#438=FACE_BOUND('',#612,.T.);
#439=FACE_BOUND('',#623,.T.);
#440=FACE_BOUND('',#624,.T.);
#441=FACE_BOUND('',#625,.T.);
#442=FACE_BOUND('',#626,.T.);
#443=FACE_BOUND('',#627,.T.);
#444=FACE_BOUND('',#628,.T.);
#445=FACE_BOUND('',#629,.T.);
#446=FACE_BOUND('',#631,.T.);
#447=FACE_BOUND('',#632,.T.);
#448=FACE_BOUND('',#633,.T.);
#449=FACE_BOUND('',#634,.T.);
#450=FACE_BOUND('',#635,.T.);
#451=FACE_BOUND('',#636,.T.);
#452=FACE_BOUND('',#637,.T.);
#453=FACE_BOUND('',#640,.T.);
#454=FACE_BOUND('',#643,.T.);
#455=FACE_BOUND('',#668,.T.);
#456=FACE_BOUND('',#669,.T.);
#457=FACE_BOUND('',#670,.T.);
#458=FACE_BOUND('',#671,.T.);
#459=FACE_BOUND('',#672,.T.);
#460=FACE_BOUND('',#673,.T.);
#461=FACE_BOUND('',#674,.T.);
#462=FACE_BOUND('',#707,.T.);
#463=FACE_BOUND('',#718,.T.);
#464=FACE_BOUND('',#732,.T.);
#465=FACE_BOUND('',#734,.T.);
#466=FACE_BOUND('',#741,.T.);
#467=FACE_BOUND('',#755,.T.);
#468=FACE_BOUND('',#757,.T.);
#469=FACE_OUTER_BOUND('',#597,.T.);
#470=FACE_OUTER_BOUND('',#599,.T.);
#471=FACE_OUTER_BOUND('',#601,.T.);
#472=FACE_OUTER_BOUND('',#603,.T.);
#473=FACE_OUTER_BOUND('',#604,.T.);
#474=FACE_OUTER_BOUND('',#605,.T.);
#475=FACE_OUTER_BOUND('',#606,.T.);
#476=FACE_OUTER_BOUND('',#608,.T.);
#477=FACE_OUTER_BOUND('',#609,.T.);
#478=FACE_OUTER_BOUND('',#611,.T.);
#479=FACE_OUTER_BOUND('',#613,.T.);
#480=FACE_OUTER_BOUND('',#614,.T.);
#481=FACE_OUTER_BOUND('',#615,.T.);
#482=FACE_OUTER_BOUND('',#616,.T.);
#483=FACE_OUTER_BOUND('',#617,.T.);
#484=FACE_OUTER_BOUND('',#618,.T.);
#485=FACE_OUTER_BOUND('',#619,.T.);
#486=FACE_OUTER_BOUND('',#620,.T.);
#487=FACE_OUTER_BOUND('',#621,.T.);
#488=FACE_OUTER_BOUND('',#622,.T.);
#489=FACE_OUTER_BOUND('',#630,.T.);
#490=FACE_OUTER_BOUND('',#638,.T.);
#491=FACE_OUTER_BOUND('',#639,.T.);
#492=FACE_OUTER_BOUND('',#641,.T.);
#493=FACE_OUTER_BOUND('',#642,.T.);
#494=FACE_OUTER_BOUND('',#644,.T.);
#495=FACE_OUTER_BOUND('',#645,.T.);
#496=FACE_OUTER_BOUND('',#646,.T.);
#497=FACE_OUTER_BOUND('',#647,.T.);
#498=FACE_OUTER_BOUND('',#648,.T.);
#499=FACE_OUTER_BOUND('',#649,.T.);
#500=FACE_OUTER_BOUND('',#650,.T.);
#501=FACE_OUTER_BOUND('',#651,.T.);
#502=FACE_OUTER_BOUND('',#652,.T.);
#503=FACE_OUTER_BOUND('',#653,.T.);
#504=FACE_OUTER_BOUND('',#654,.T.);
#505=FACE_OUTER_BOUND('',#655,.T.);
#506=FACE_OUTER_BOUND('',#656,.T.);
#507=FACE_OUTER_BOUND('',#657,.T.);
#508=FACE_OUTER_BOUND('',#658,.T.);
#509=FACE_OUTER_BOUND('',#659,.T.);
#510=FACE_OUTER_BOUND('',#660,.T.);
#511=FACE_OUTER_BOUND('',#661,.T.);
#512=FACE_OUTER_BOUND('',#662,.T.);
#513=FACE_OUTER_BOUND('',#663,.T.);
#514=FACE_OUTER_BOUND('',#664,.T.);
#515=FACE_OUTER_BOUND('',#665,.T.);
#516=FACE_OUTER_BOUND('',#666,.T.);
#517=FACE_OUTER_BOUND('',#667,.T.);
#518=FACE_OUTER_BOUND('',#675,.T.);
#519=FACE_OUTER_BOUND('',#676,.T.);
#520=FACE_OUTER_BOUND('',#677,.T.);
#521=FACE_OUTER_BOUND('',#678,.T.);
#522=FACE_OUTER_BOUND('',#679,.T.);
#523=FACE_OUTER_BOUND('',#680,.T.);
#524=FACE_OUTER_BOUND('',#681,.T.);
#525=FACE_OUTER_BOUND('',#682,.T.);
#526=FACE_OUTER_BOUND('',#683,.T.);
#527=FACE_OUTER_BOUND('',#684,.T.);
#528=FACE_OUTER_BOUND('',#685,.T.);
#529=FACE_OUTER_BOUND('',#686,.T.);
#530=FACE_OUTER_BOUND('',#687,.T.);
#531=FACE_OUTER_BOUND('',#688,.T.);
#532=FACE_OUTER_BOUND('',#689,.T.);
#533=FACE_OUTER_BOUND('',#690,.T.);
#534=FACE_OUTER_BOUND('',#691,.T.);
#535=FACE_OUTER_BOUND('',#692,.T.);
#536=FACE_OUTER_BOUND('',#693,.T.);
#537=FACE_OUTER_BOUND('',#694,.T.);
#538=FACE_OUTER_BOUND('',#695,.T.);
#539=FACE_OUTER_BOUND('',#696,.T.);
#540=FACE_OUTER_BOUND('',#697,.T.);
#541=FACE_OUTER_BOUND('',#698,.T.);
#542=FACE_OUTER_BOUND('',#699,.T.);
#543=FACE_OUTER_BOUND('',#700,.T.);
#544=FACE_OUTER_BOUND('',#701,.T.);
#545=FACE_OUTER_BOUND('',#702,.T.);
#546=FACE_OUTER_BOUND('',#703,.T.);
#547=FACE_OUTER_BOUND('',#704,.T.);
#548=FACE_OUTER_BOUND('',#705,.T.);
#549=FACE_OUTER_BOUND('',#706,.T.);
#550=FACE_OUTER_BOUND('',#708,.T.);
#551=FACE_OUTER_BOUND('',#709,.T.);
#552=FACE_OUTER_BOUND('',#710,.T.);
#553=FACE_OUTER_BOUND('',#711,.T.);
#554=FACE_OUTER_BOUND('',#712,.T.);
#555=FACE_OUTER_BOUND('',#713,.T.);
#556=FACE_OUTER_BOUND('',#714,.T.);
#557=FACE_OUTER_BOUND('',#715,.T.);
#558=FACE_OUTER_BOUND('',#716,.T.);
#559=FACE_OUTER_BOUND('',#717,.T.);
#560=FACE_OUTER_BOUND('',#719,.T.);
#561=FACE_OUTER_BOUND('',#720,.T.);
#562=FACE_OUTER_BOUND('',#721,.T.);
#563=FACE_OUTER_BOUND('',#722,.T.);
#564=FACE_OUTER_BOUND('',#723,.T.);
#565=FACE_OUTER_BOUND('',#724,.T.);
#566=FACE_OUTER_BOUND('',#725,.T.);
#567=FACE_OUTER_BOUND('',#726,.T.);
#568=FACE_OUTER_BOUND('',#727,.T.);
#569=FACE_OUTER_BOUND('',#728,.T.);
#570=FACE_OUTER_BOUND('',#729,.T.);
#571=FACE_OUTER_BOUND('',#730,.T.);
#572=FACE_OUTER_BOUND('',#731,.T.);
#573=FACE_OUTER_BOUND('',#733,.T.);
#574=FACE_OUTER_BOUND('',#735,.T.);
#575=FACE_OUTER_BOUND('',#736,.T.);
#576=FACE_OUTER_BOUND('',#737,.T.);
#577=FACE_OUTER_BOUND('',#738,.T.);
#578=FACE_OUTER_BOUND('',#739,.T.);
#579=FACE_OUTER_BOUND('',#740,.T.);
#580=FACE_OUTER_BOUND('',#742,.T.);
#581=FACE_OUTER_BOUND('',#743,.T.);
#582=FACE_OUTER_BOUND('',#744,.T.);
#583=FACE_OUTER_BOUND('',#745,.T.);
#584=FACE_OUTER_BOUND('',#746,.T.);
#585=FACE_OUTER_BOUND('',#747,.T.);
#586=FACE_OUTER_BOUND('',#748,.T.);
#587=FACE_OUTER_BOUND('',#749,.T.);
#588=FACE_OUTER_BOUND('',#750,.T.);
#589=FACE_OUTER_BOUND('',#751,.T.);
#590=FACE_OUTER_BOUND('',#752,.T.);
#591=FACE_OUTER_BOUND('',#753,.T.);
#592=FACE_OUTER_BOUND('',#754,.T.);
#593=FACE_OUTER_BOUND('',#756,.T.);
#594=FACE_OUTER_BOUND('',#758,.T.);
#595=FACE_OUTER_BOUND('',#759,.T.);
#596=FACE_OUTER_BOUND('',#760,.T.);
#597=EDGE_LOOP('',(#1356));
#598=EDGE_LOOP('',(#1357));
#599=EDGE_LOOP('',(#1358));
#600=EDGE_LOOP('',(#1359));
#601=EDGE_LOOP('',(#1360));
#602=EDGE_LOOP('',(#1361));
#603=EDGE_LOOP('',(#1362,#1363,#1364,#1365));
#604=EDGE_LOOP('',(#1366,#1367,#1368,#1369));
#605=EDGE_LOOP('',(#1370,#1371,#1372,#1373));
#606=EDGE_LOOP('',(#1374));
#607=EDGE_LOOP('',(#1375));
#608=EDGE_LOOP('',(#1376,#1377,#1378,#1379));
#609=EDGE_LOOP('',(#1380));
#610=EDGE_LOOP('',(#1381));
#611=EDGE_LOOP('',(#1382));
#612=EDGE_LOOP('',(#1383));
#613=EDGE_LOOP('',(#1384,#1385,#1386,#1387));
#614=EDGE_LOOP('',(#1388,#1389,#1390,#1391));
#615=EDGE_LOOP('',(#1392,#1393,#1394,#1395,#1396,#1397,#1398,#1399));
#616=EDGE_LOOP('',(#1400,#1401));
#617=EDGE_LOOP('',(#1402));
#618=EDGE_LOOP('',(#1403,#1404,#1405,#1406,#1407,#1408));
#619=EDGE_LOOP('',(#1409,#1410));
#620=EDGE_LOOP('',(#1411,#1412,#1413,#1414,#1415));
#621=EDGE_LOOP('',(#1416,#1417,#1418,#1419));
#622=EDGE_LOOP('',(#1420));
#623=EDGE_LOOP('',(#1421));
#624=EDGE_LOOP('',(#1422));
#625=EDGE_LOOP('',(#1423));
#626=EDGE_LOOP('',(#1424));
#627=EDGE_LOOP('',(#1425));
#628=EDGE_LOOP('',(#1426));
#629=EDGE_LOOP('',(#1427));
#630=EDGE_LOOP('',(#1428));
#631=EDGE_LOOP('',(#1429));
#632=EDGE_LOOP('',(#1430));
#633=EDGE_LOOP('',(#1431));
#634=EDGE_LOOP('',(#1432));
#635=EDGE_LOOP('',(#1433));
#636=EDGE_LOOP('',(#1434));
#637=EDGE_LOOP('',(#1435));
#638=EDGE_LOOP('',(#1436,#1437,#1438,#1439));
#639=EDGE_LOOP('',(#1440));
#640=EDGE_LOOP('',(#1441));
#641=EDGE_LOOP('',(#1442,#1443,#1444,#1445));
#642=EDGE_LOOP('',(#1446));
#643=EDGE_LOOP('',(#1447));
#644=EDGE_LOOP('',(#1448,#1449,#1450,#1451));
#645=EDGE_LOOP('',(#1452,#1453,#1454,#1455));
#646=EDGE_LOOP('',(#1456,#1457,#1458,#1459));
#647=EDGE_LOOP('',(#1460,#1461,#1462,#1463));
#648=EDGE_LOOP('',(#1464,#1465,#1466,#1467));
#649=EDGE_LOOP('',(#1468,#1469,#1470,#1471));
#650=EDGE_LOOP('',(#1472,#1473,#1474,#1475,#1476));
#651=EDGE_LOOP('',(#1477,#1478,#1479,#1480,#1481));
#652=EDGE_LOOP('',(#1482,#1483,#1484,#1485,#1486));
#653=EDGE_LOOP('',(#1487,#1488,#1489,#1490,#1491));
#654=EDGE_LOOP('',(#1492,#1493,#1494,#1495,#1496));
#655=EDGE_LOOP('',(#1497,#1498,#1499,#1500,#1501));
#656=EDGE_LOOP('',(#1502,#1503,#1504,#1505));
#657=EDGE_LOOP('',(#1506,#1507,#1508,#1509));
#658=EDGE_LOOP('',(#1510,#1511,#1512,#1513,#1514));
#659=EDGE_LOOP('',(#1515,#1516,#1517,#1518,#1519));
#660=EDGE_LOOP('',(#1520,#1521));
#661=EDGE_LOOP('',(#1522,#1523));
#662=EDGE_LOOP('',(#1524,#1525));
#663=EDGE_LOOP('',(#1526,#1527));
#664=EDGE_LOOP('',(#1528,#1529));
#665=EDGE_LOOP('',(#1530,#1531));
#666=EDGE_LOOP('',(#1532,#1533,#1534,#1535,#1536,#1537,#1538));
#667=EDGE_LOOP('',(#1539));
#668=EDGE_LOOP('',(#1540));
#669=EDGE_LOOP('',(#1541));
#670=EDGE_LOOP('',(#1542));
#671=EDGE_LOOP('',(#1543));
#672=EDGE_LOOP('',(#1544));
#673=EDGE_LOOP('',(#1545));
#674=EDGE_LOOP('',(#1546));
#675=EDGE_LOOP('',(#1547));
#676=EDGE_LOOP('',(#1548,#1549,#1550,#1551));
#677=EDGE_LOOP('',(#1552));
#678=EDGE_LOOP('',(#1553,#1554,#1555,#1556,#1557,#1558));
#679=EDGE_LOOP('',(#1559,#1560,#1561,#1562));
#680=EDGE_LOOP('',(#1563));
#681=EDGE_LOOP('',(#1564,#1565,#1566,#1567));
#682=EDGE_LOOP('',(#1568));
#683=EDGE_LOOP('',(#1569,#1570,#1571,#1572));
#684=EDGE_LOOP('',(#1573));
#685=EDGE_LOOP('',(#1574,#1575,#1576,#1577));
#686=EDGE_LOOP('',(#1578));
#687=EDGE_LOOP('',(#1579,#1580,#1581,#1582));
#688=EDGE_LOOP('',(#1583));
#689=EDGE_LOOP('',(#1584,#1585,#1586,#1587));
#690=EDGE_LOOP('',(#1588));
#691=EDGE_LOOP('',(#1589,#1590,#1591,#1592,#1593,#1594));
#692=EDGE_LOOP('',(#1595,#1596,#1597,#1598,#1599,#1600));
#693=EDGE_LOOP('',(#1601,#1602,#1603,#1604));
#694=EDGE_LOOP('',(#1605,#1606,#1607,#1608,#1609,#1610,#1611,#1612,#1613,
#1614,#1615,#1616,#1617,#1618,#1619,#1620));
#695=EDGE_LOOP('',(#1621,#1622,#1623,#1624));
#696=EDGE_LOOP('',(#1625,#1626,#1627,#1628));
#697=EDGE_LOOP('',(#1629,#1630,#1631,#1632,#1633));
#698=EDGE_LOOP('',(#1634,#1635,#1636,#1637));
#699=EDGE_LOOP('',(#1638,#1639,#1640,#1641));
#700=EDGE_LOOP('',(#1642,#1643,#1644,#1645,#1646,#1647));
#701=EDGE_LOOP('',(#1648,#1649,#1650,#1651,#1652,#1653));
#702=EDGE_LOOP('',(#1654,#1655,#1656,#1657,#1658,#1659));
#703=EDGE_LOOP('',(#1660,#1661,#1662,#1663,#1664,#1665));
#704=EDGE_LOOP('',(#1666,#1667,#1668,#1669,#1670,#1671));
#705=EDGE_LOOP('',(#1672,#1673,#1674,#1675,#1676,#1677));
#706=EDGE_LOOP('',(#1678,#1679,#1680,#1681,#1682,#1683,#1684,#1685,#1686,
#1687,#1688,#1689));
#707=EDGE_LOOP('',(#1690));
#708=EDGE_LOOP('',(#1691,#1692,#1693,#1694));
#709=EDGE_LOOP('',(#1695,#1696,#1697,#1698));
#710=EDGE_LOOP('',(#1699,#1700,#1701,#1702));
#711=EDGE_LOOP('',(#1703,#1704,#1705,#1706));
#712=EDGE_LOOP('',(#1707,#1708,#1709,#1710));
#713=EDGE_LOOP('',(#1711,#1712,#1713,#1714));
#714=EDGE_LOOP('',(#1715,#1716,#1717,#1718));
#715=EDGE_LOOP('',(#1719,#1720,#1721,#1722));
#716=EDGE_LOOP('',(#1723,#1724,#1725,#1726));
#717=EDGE_LOOP('',(#1727));
#718=EDGE_LOOP('',(#1728));
#719=EDGE_LOOP('',(#1729,#1730,#1731,#1732));
#720=EDGE_LOOP('',(#1733,#1734,#1735,#1736));
#721=EDGE_LOOP('',(#1737,#1738,#1739,#1740));
#722=EDGE_LOOP('',(#1741,#1742,#1743,#1744));
#723=EDGE_LOOP('',(#1745,#1746,#1747,#1748));
#724=EDGE_LOOP('',(#1749,#1750,#1751,#1752));
#725=EDGE_LOOP('',(#1753,#1754,#1755,#1756));
#726=EDGE_LOOP('',(#1757,#1758,#1759,#1760));
#727=EDGE_LOOP('',(#1761,#1762,#1763,#1764));
#728=EDGE_LOOP('',(#1765,#1766,#1767,#1768));
#729=EDGE_LOOP('',(#1769,#1770,#1771,#1772));
#730=EDGE_LOOP('',(#1773,#1774,#1775,#1776));
#731=EDGE_LOOP('',(#1777,#1778,#1779,#1780,#1781,#1782,#1783,#1784,#1785,
#1786,#1787,#1788));
#732=EDGE_LOOP('',(#1789));
#733=EDGE_LOOP('',(#1790,#1791,#1792,#1793,#1794,#1795,#1796,#1797,#1798,
#1799,#1800,#1801));
#734=EDGE_LOOP('',(#1802));
#735=EDGE_LOOP('',(#1803,#1804,#1805,#1806,#1807));
#736=EDGE_LOOP('',(#1808,#1809,#1810,#1811,#1812));
#737=EDGE_LOOP('',(#1813,#1814,#1815,#1816));
#738=EDGE_LOOP('',(#1817,#1818,#1819,#1820));
#739=EDGE_LOOP('',(#1821,#1822,#1823,#1824));
#740=EDGE_LOOP('',(#1825));
#741=EDGE_LOOP('',(#1826));
#742=EDGE_LOOP('',(#1827,#1828,#1829,#1830));
#743=EDGE_LOOP('',(#1831,#1832,#1833,#1834));
#744=EDGE_LOOP('',(#1835,#1836,#1837,#1838));
#745=EDGE_LOOP('',(#1839,#1840,#1841,#1842));
#746=EDGE_LOOP('',(#1843,#1844,#1845,#1846));
#747=EDGE_LOOP('',(#1847,#1848,#1849,#1850));
#748=EDGE_LOOP('',(#1851,#1852,#1853,#1854));
#749=EDGE_LOOP('',(#1855,#1856,#1857,#1858));
#750=EDGE_LOOP('',(#1859,#1860,#1861,#1862));
#751=EDGE_LOOP('',(#1863,#1864,#1865,#1866));
#752=EDGE_LOOP('',(#1867,#1868,#1869,#1870));
#753=EDGE_LOOP('',(#1871,#1872,#1873,#1874));
#754=EDGE_LOOP('',(#1875,#1876,#1877,#1878,#1879,#1880,#1881,#1882,#1883,
#1884,#1885,#1886));
#755=EDGE_LOOP('',(#1887));
#756=EDGE_LOOP('',(#1888,#1889,#1890,#1891,#1892,#1893,#1894,#1895,#1896,
#1897,#1898,#1899));
#757=EDGE_LOOP('',(#1900));
#758=EDGE_LOOP('',(#1901,#1902,#1903,#1904,#1905));
#759=EDGE_LOOP('',(#1906,#1907,#1908,#1909,#1910));
#760=EDGE_LOOP('',(#1911));
#761=CIRCLE('',#2119,6.5);
#762=CIRCLE('',#2120,3.45);
#763=CIRCLE('',#2122,7.5);
#764=CIRCLE('',#2123,7.);
#765=CIRCLE('',#2125,7.5);
#766=CIRCLE('',#2126,3.45);
#767=CIRCLE('',#2130,7.);
#768=CIRCLE('',#2132,6.5);
#769=CIRCLE('',#2135,6.5);
#770=CIRCLE('',#2136,3.55);
#771=CIRCLE('',#2138,6.5);
#772=CIRCLE('',#2139,3.55);
#773=CIRCLE('',#2143,3.15);
#774=CIRCLE('',#2144,3.15);
#775=CIRCLE('',#2145,3.15);
#776=CIRCLE('',#2147,3.05);
#777=CIRCLE('',#2153,19.);
#778=CIRCLE('',#2154,19.);
#779=CIRCLE('',#2156,18.9);
#780=CIRCLE('',#2157,10.);
#781=CIRCLE('',#2158,1.34999999999999);
#782=CIRCLE('',#2159,1.34999999999998);
#783=CIRCLE('',#2160,1.34999999999999);
#784=CIRCLE('',#2161,1.35);
#785=CIRCLE('',#2162,1.34999999999998);
#786=CIRCLE('',#2163,1.34999999999998);
#787=CIRCLE('',#2165,1.25);
#788=CIRCLE('',#2166,1.25);
#789=CIRCLE('',#2167,1.25);
#790=CIRCLE('',#2168,1.25);
#791=CIRCLE('',#2169,1.25);
#792=CIRCLE('',#2170,1.25);
#793=CIRCLE('',#2171,3.25);
#794=CIRCLE('',#2173,10.);
#795=CIRCLE('',#2175,9.89999999999999);
#796=CIRCLE('',#2176,7.60000000000001);
#797=CIRCLE('',#2178,7.5);
#798=CIRCLE('',#2179,7.5);
#799=CIRCLE('',#2181,3.25);
#800=CIRCLE('',#2187,1.25);
#801=CIRCLE('',#2189,1.25);
#802=CIRCLE('',#2191,1.25);
#803=CIRCLE('',#2192,1.25);
#804=CIRCLE('',#2194,1.25);
#805=CIRCLE('',#2195,1.25);
#806=CIRCLE('',#2197,1.25);
#807=CIRCLE('',#2198,1.25);
#808=CIRCLE('',#2200,1.25);
#809=CIRCLE('',#2201,1.25);
#810=CIRCLE('',#2209,6.25613370571707);
#811=CIRCLE('',#2211,6.25613370571707);
#812=CIRCLE('',#2213,6.25613370571707);
#813=CIRCLE('',#2215,6.25613370571707);
#814=CIRCLE('',#2217,6.25613370571707);
#815=CIRCLE('',#2219,6.25613370571707);
#816=CIRCLE('',#2221,19.);
#817=CIRCLE('',#2222,19.);
#818=CIRCLE('',#2223,19.);
#819=CIRCLE('',#2225,1.25);
#820=CIRCLE('',#2226,1.25);
#821=CIRCLE('',#2227,1.25);
#822=CIRCLE('',#2228,1.25);
#823=CIRCLE('',#2229,1.25);
#824=CIRCLE('',#2230,1.25);
#825=CIRCLE('',#2231,3.25);
#826=CIRCLE('',#2233,17.);
#827=CIRCLE('',#2235,3.25);
#828=CIRCLE('',#2238,2.);
#829=CIRCLE('',#2240,1.25);
#830=CIRCLE('',#2243,1.25);
#831=CIRCLE('',#2246,1.25);
#832=CIRCLE('',#2249,1.25);
#833=CIRCLE('',#2252,1.25);
#834=CIRCLE('',#2255,1.25);
#835=CIRCLE('',#2258,6.65013908252043);
#836=CIRCLE('',#2259,0.5);
#837=CIRCLE('',#2260,0.5);
#838=CIRCLE('',#2262,6.25613370571707);
#839=CIRCLE('',#2263,6.25613370571707);
#840=CIRCLE('',#2264,6.25613370571707);
#841=CIRCLE('',#2265,6.25613370571707);
#842=CIRCLE('',#2266,0.5);
#843=CIRCLE('',#2267,6.25613370571707);
#844=CIRCLE('',#2268,6.25613370571707);
#845=CIRCLE('',#2269,6.25613370571707);
#846=CIRCLE('',#2271,2.);
#847=CIRCLE('',#2273,2.);
#848=CIRCLE('',#2275,2.);
#849=CIRCLE('',#2277,2.);
#850=CIRCLE('',#2279,2.);
#851=CIRCLE('',#2287,2.);
#852=CIRCLE('',#2288,2.);
#853=CIRCLE('',#2289,2.);
#854=CIRCLE('',#2290,2.);
#855=CIRCLE('',#2291,2.);
#856=CIRCLE('',#2292,2.);
#857=CIRCLE('',#2293,5.);
#858=CIRCLE('',#2295,2.);
#859=CIRCLE('',#2303,5.);
#860=CIRCLE('',#2305,6.);
#861=CIRCLE('',#2306,6.);
#862=CIRCLE('',#2309,2.);
#863=CIRCLE('',#2310,2.);
#864=CIRCLE('',#2313,2.);
#865=CIRCLE('',#2314,2.);
#866=CIRCLE('',#2317,2.);
#867=CIRCLE('',#2318,2.);
#868=CIRCLE('',#2321,2.);
#869=CIRCLE('',#2322,2.);
#870=CIRCLE('',#2325,2.);
#871=CIRCLE('',#2326,2.);
#872=CIRCLE('',#2329,2.);
#873=CIRCLE('',#2330,2.);
#874=CIRCLE('',#2333,6.);
#875=CIRCLE('',#2336,6.);
#876=CIRCLE('',#2337,6.);
#877=CIRCLE('',#2339,4.);
#878=CIRCLE('',#2340,2.);
#879=CIRCLE('',#2342,4.);
#880=CIRCLE('',#2344,4.8);
#881=CIRCLE('',#2345,4.8);
#882=CIRCLE('',#2347,5.8);
#883=CIRCLE('',#2348,5.8);
#884=CIRCLE('',#2351,1.8);
#885=CIRCLE('',#2352,1.8);
#886=CIRCLE('',#2355,1.8);
#887=CIRCLE('',#2356,1.8);
#888=CIRCLE('',#2359,1.8);
#889=CIRCLE('',#2360,1.8);
#890=CIRCLE('',#2363,1.8);
#891=CIRCLE('',#2364,1.8);
#892=CIRCLE('',#2367,1.8);
#893=CIRCLE('',#2368,1.8);
#894=CIRCLE('',#2371,1.8);
#895=CIRCLE('',#2372,1.8);
#896=CIRCLE('',#2375,5.8);
#897=CIRCLE('',#2378,5.8);
#898=CIRCLE('',#2379,5.8);
#899=CIRCLE('',#2381,1.8);
#900=VERTEX_POINT('',#3047);
#901=VERTEX_POINT('',#3049);
#902=VERTEX_POINT('',#3052);
#903=VERTEX_POINT('',#3054);
#904=VERTEX_POINT('',#3057);
#905=VERTEX_POINT('',#3059);
#906=VERTEX_POINT('',#3066);
#907=VERTEX_POINT('',#3070);
#908=VERTEX_POINT('',#3075);
#909=VERTEX_POINT('',#3077);
#910=VERTEX_POINT('',#3080);
#911=VERTEX_POINT('',#3082);
#912=VERTEX_POINT('',#3089);
#913=VERTEX_POINT('',#3091);
#914=VERTEX_POINT('',#3093);
#915=VERTEX_POINT('',#3095);
#916=VERTEX_POINT('',#3097);
#917=VERTEX_POINT('',#3120);
#918=VERTEX_POINT('',#3124);
#919=VERTEX_POINT('',#3125);
#920=VERTEX_POINT('',#3140);
#921=VERTEX_POINT('',#3142);
#922=VERTEX_POINT('',#3146);
#923=VERTEX_POINT('',#3148);
#924=VERTEX_POINT('',#3150);
#925=VERTEX_POINT('',#3152);
#926=VERTEX_POINT('',#3154);
#927=VERTEX_POINT('',#3156);
#928=VERTEX_POINT('',#3158);
#929=VERTEX_POINT('',#3160);
#930=VERTEX_POINT('',#3163);
#931=VERTEX_POINT('',#3165);
#932=VERTEX_POINT('',#3167);
#933=VERTEX_POINT('',#3169);
#934=VERTEX_POINT('',#3171);
#935=VERTEX_POINT('',#3173);
#936=VERTEX_POINT('',#3175);
#937=VERTEX_POINT('',#3178);
#938=VERTEX_POINT('',#3182);
#939=VERTEX_POINT('',#3184);
#940=VERTEX_POINT('',#3187);
#941=VERTEX_POINT('',#3189);
#942=VERTEX_POINT('',#3193);
#943=VERTEX_POINT('',#3204);
#944=VERTEX_POINT('',#3208);
#945=VERTEX_POINT('',#3212);
#946=VERTEX_POINT('',#3214);
#947=VERTEX_POINT('',#3218);
#948=VERTEX_POINT('',#3220);
#949=VERTEX_POINT('',#3224);
#950=VERTEX_POINT('',#3226);
#951=VERTEX_POINT('',#3230);
#952=VERTEX_POINT('',#3232);
#953=VERTEX_POINT('',#3248);
#954=VERTEX_POINT('',#3249);
#955=VERTEX_POINT('',#3253);
#956=VERTEX_POINT('',#3254);
#957=VERTEX_POINT('',#3258);
#958=VERTEX_POINT('',#3259);
#959=VERTEX_POINT('',#3263);
#960=VERTEX_POINT('',#3264);
#961=VERTEX_POINT('',#3268);
#962=VERTEX_POINT('',#3269);
#963=VERTEX_POINT('',#3273);
#964=VERTEX_POINT('',#3274);
#965=VERTEX_POINT('',#3278);
#966=VERTEX_POINT('',#3279);
#967=VERTEX_POINT('',#3281);
#968=VERTEX_POINT('',#3283);
#969=VERTEX_POINT('',#3432);
#970=VERTEX_POINT('',#3575);
#971=VERTEX_POINT('',#3577);
#972=VERTEX_POINT('',#3579);
#973=VERTEX_POINT('',#3581);
#974=VERTEX_POINT('',#3583);
#975=VERTEX_POINT('',#3585);
#976=VERTEX_POINT('',#3587);
#977=VERTEX_POINT('',#3590);
#978=VERTEX_POINT('',#3593);
#979=VERTEX_POINT('',#3609);
#980=VERTEX_POINT('',#3614);
#981=VERTEX_POINT('',#3619);
#982=VERTEX_POINT('',#3624);
#983=VERTEX_POINT('',#3629);
#984=VERTEX_POINT('',#3634);
#985=VERTEX_POINT('',#3639);
#986=VERTEX_POINT('',#3640);
#987=VERTEX_POINT('',#3969);
#988=VERTEX_POINT('',#3972);
#989=VERTEX_POINT('',#4332);
#990=VERTEX_POINT('',#4339);
#991=VERTEX_POINT('',#4341);
#992=VERTEX_POINT('',#4345);
#993=VERTEX_POINT('',#4347);
#994=VERTEX_POINT('',#4351);
#995=VERTEX_POINT('',#4353);
#996=VERTEX_POINT('',#4357);
#997=VERTEX_POINT('',#4359);
#998=VERTEX_POINT('',#4363);
#999=VERTEX_POINT('',#4365);
#1000=VERTEX_POINT('',#4369);
#1001=VERTEX_POINT('',#4370);
#1002=VERTEX_POINT('',#4372);
#1003=VERTEX_POINT('',#4377);
#1004=VERTEX_POINT('',#4379);
#1005=VERTEX_POINT('',#4383);
#1006=VERTEX_POINT('',#4384);
#1007=VERTEX_POINT('',#4389);
#1008=VERTEX_POINT('',#4390);
#1009=VERTEX_POINT('',#4395);
#1010=VERTEX_POINT('',#4396);
#1011=VERTEX_POINT('',#4401);
#1012=VERTEX_POINT('',#4402);
#1013=VERTEX_POINT('',#4405);
#1014=VERTEX_POINT('',#4415);
#1015=VERTEX_POINT('',#4426);
#1016=VERTEX_POINT('',#4430);
#1017=VERTEX_POINT('',#4432);
#1018=VERTEX_POINT('',#4437);
#1019=VERTEX_POINT('',#4438);
#1020=VERTEX_POINT('',#4440);
#1021=VERTEX_POINT('',#4442);
#1022=VERTEX_POINT('',#4446);
#1023=VERTEX_POINT('',#4448);
#1024=VERTEX_POINT('',#4452);
#1025=VERTEX_POINT('',#4454);
#1026=VERTEX_POINT('',#4458);
#1027=VERTEX_POINT('',#4460);
#1028=VERTEX_POINT('',#4464);
#1029=VERTEX_POINT('',#4466);
#1030=VERTEX_POINT('',#4470);
#1031=VERTEX_POINT('',#4472);
#1032=VERTEX_POINT('',#4476);
#1033=VERTEX_POINT('',#4478);
#1034=VERTEX_POINT('',#4482);
#1035=VERTEX_POINT('',#4484);
#1036=VERTEX_POINT('',#4488);
#1037=VERTEX_POINT('',#4490);
#1038=VERTEX_POINT('',#4494);
#1039=VERTEX_POINT('',#4496);
#1040=VERTEX_POINT('',#4500);
#1041=VERTEX_POINT('',#4502);
#1042=VERTEX_POINT('',#4509);
#1043=VERTEX_POINT('',#4513);
#1044=VERTEX_POINT('',#4515);
#1045=VERTEX_POINT('',#4519);
#1046=VERTEX_POINT('',#4523);
#1047=VERTEX_POINT('',#4527);
#1048=VERTEX_POINT('',#4529);
#1049=VERTEX_POINT('',#4533);
#1050=VERTEX_POINT('',#4535);
#1051=VERTEX_POINT('',#4540);
#1052=VERTEX_POINT('',#4541);
#1053=VERTEX_POINT('',#4543);
#1054=VERTEX_POINT('',#4545);
#1055=VERTEX_POINT('',#4549);
#1056=VERTEX_POINT('',#4551);
#1057=VERTEX_POINT('',#4555);
#1058=VERTEX_POINT('',#4557);
#1059=VERTEX_POINT('',#4561);
#1060=VERTEX_POINT('',#4563);
#1061=VERTEX_POINT('',#4567);
#1062=VERTEX_POINT('',#4569);
#1063=VERTEX_POINT('',#4573);
#1064=VERTEX_POINT('',#4575);
#1065=VERTEX_POINT('',#4579);
#1066=VERTEX_POINT('',#4581);
#1067=VERTEX_POINT('',#4585);
#1068=VERTEX_POINT('',#4587);
#1069=VERTEX_POINT('',#4591);
#1070=VERTEX_POINT('',#4593);
#1071=VERTEX_POINT('',#4597);
#1072=VERTEX_POINT('',#4599);
#1073=VERTEX_POINT('',#4603);
#1074=VERTEX_POINT('',#4605);
#1075=VERTEX_POINT('',#4612);
#1076=VERTEX_POINT('',#4616);
#1077=VERTEX_POINT('',#4617);
#1078=EDGE_CURVE('',#900,#900,#761,.T.);
#1079=EDGE_CURVE('',#901,#901,#762,.T.);
#1080=EDGE_CURVE('',#902,#902,#763,.T.);
#1081=EDGE_CURVE('',#903,#903,#764,.T.);
#1082=EDGE_CURVE('',#904,#904,#765,.T.);
#1083=EDGE_CURVE('',#905,#905,#766,.T.);
#1084=EDGE_CURVE('',#904,#902,#122,.T.);
#1085=EDGE_CURVE('',#901,#905,#123,.T.);
#1086=EDGE_CURVE('',#906,#906,#767,.T.);
#1087=EDGE_CURVE('',#906,#903,#124,.T.);
#1088=EDGE_CURVE('',#907,#907,#768,.T.);
#1089=EDGE_CURVE('',#900,#907,#125,.T.);
#1090=EDGE_CURVE('',#908,#908,#769,.T.);
#1091=EDGE_CURVE('',#909,#909,#770,.T.);
#1092=EDGE_CURVE('',#910,#910,#771,.T.);
#1093=EDGE_CURVE('',#911,#911,#772,.T.);
#1094=EDGE_CURVE('',#910,#908,#126,.T.);
#1095=EDGE_CURVE('',#909,#911,#127,.T.);
#1096=EDGE_CURVE('',#912,#912,#773,.T.);
#1097=EDGE_CURVE('',#912,#913,#128,.T.);
#1098=EDGE_CURVE('',#913,#914,#774,.F.);
#1099=EDGE_CURVE('',#915,#914,#129,.T.);
#1100=EDGE_CURVE('',#915,#916,#32,.T.);
#1101=EDGE_CURVE('',#916,#917,#130,.T.);
#1102=EDGE_CURVE('',#917,#913,#775,.F.);
#1103=EDGE_CURVE('',#918,#919,#131,.T.);
#1104=EDGE_CURVE('',#918,#919,#776,.T.);
#1105=EDGE_CURVE('',#919,#917,#30,.T.);
#1106=EDGE_CURVE('',#916,#915,#132,.F.);
#1107=EDGE_CURVE('',#914,#918,#31,.T.);
#1108=EDGE_CURVE('',#920,#920,#777,.T.);
#1109=EDGE_CURVE('',#920,#921,#133,.T.);
#1110=EDGE_CURVE('',#921,#921,#778,.F.);
#1111=EDGE_CURVE('',#922,#922,#779,.T.);
#1112=EDGE_CURVE('',#923,#923,#780,.T.);
#1113=EDGE_CURVE('',#924,#924,#781,.F.);
#1114=EDGE_CURVE('',#925,#925,#782,.F.);
#1115=EDGE_CURVE('',#926,#926,#783,.F.);
#1116=EDGE_CURVE('',#927,#927,#784,.F.);
#1117=EDGE_CURVE('',#928,#928,#785,.F.);
#1118=EDGE_CURVE('',#929,#929,#786,.F.);
#1119=EDGE_CURVE('',#930,#930,#787,.T.);
#1120=EDGE_CURVE('',#931,#931,#788,.T.);
#1121=EDGE_CURVE('',#932,#932,#789,.T.);
#1122=EDGE_CURVE('',#933,#933,#790,.T.);
#1123=EDGE_CURVE('',#934,#934,#791,.T.);
#1124=EDGE_CURVE('',#935,#935,#792,.T.);
#1125=EDGE_CURVE('',#936,#936,#793,.T.);
#1126=EDGE_CURVE('',#923,#937,#134,.T.);
#1127=EDGE_CURVE('',#937,#937,#794,.F.);
#1128=EDGE_CURVE('',#938,#938,#795,.T.);
#1129=EDGE_CURVE('',#939,#939,#796,.F.);
#1130=EDGE_CURVE('',#940,#940,#797,.T.);
#1131=EDGE_CURVE('',#940,#941,#135,.T.);
#1132=EDGE_CURVE('',#941,#941,#798,.T.);
#1133=EDGE_CURVE('',#942,#942,#799,.T.);
#1134=EDGE_CURVE('',#936,#942,#136,.T.);
#1135=EDGE_CURVE('',#921,#922,#137,.T.);
#1136=EDGE_CURVE('',#941,#939,#138,.T.);
#1137=EDGE_CURVE('',#937,#938,#139,.T.);
#1138=EDGE_CURVE('',#935,#943,#140,.T.);
#1139=EDGE_CURVE('',#943,#943,#800,.T.);
#1140=EDGE_CURVE('',#934,#944,#141,.T.);
#1141=EDGE_CURVE('',#944,#944,#801,.T.);
#1142=EDGE_CURVE('',#933,#945,#142,.T.);
#1143=EDGE_CURVE('',#945,#946,#802,.T.);
#1144=EDGE_CURVE('',#946,#945,#803,.T.);
#1145=EDGE_CURVE('',#932,#947,#143,.T.);
#1146=EDGE_CURVE('',#947,#948,#804,.T.);
#1147=EDGE_CURVE('',#948,#947,#805,.T.);
#1148=EDGE_CURVE('',#931,#949,#144,.T.);
#1149=EDGE_CURVE('',#949,#950,#806,.T.);
#1150=EDGE_CURVE('',#950,#949,#807,.T.);
#1151=EDGE_CURVE('',#930,#951,#145,.T.);
#1152=EDGE_CURVE('',#951,#952,#808,.T.);
#1153=EDGE_CURVE('',#952,#951,#809,.T.);
#1154=EDGE_CURVE('',#952,#924,#146,.T.);
#1155=EDGE_CURVE('',#948,#925,#147,.T.);
#1156=EDGE_CURVE('',#944,#926,#148,.T.);
#1157=EDGE_CURVE('',#943,#927,#149,.T.);
#1158=EDGE_CURVE('',#950,#928,#150,.T.);
#1159=EDGE_CURVE('',#946,#929,#151,.T.);
#1160=EDGE_CURVE('',#953,#954,#810,.T.);
#1161=EDGE_CURVE('',#953,#954,#152,.T.);
#1162=EDGE_CURVE('',#955,#956,#811,.T.);
#1163=EDGE_CURVE('',#955,#956,#153,.T.);
#1164=EDGE_CURVE('',#957,#958,#812,.T.);
#1165=EDGE_CURVE('',#957,#958,#154,.T.);
#1166=EDGE_CURVE('',#959,#960,#813,.T.);
#1167=EDGE_CURVE('',#959,#960,#155,.T.);
#1168=EDGE_CURVE('',#961,#962,#814,.T.);
#1169=EDGE_CURVE('',#961,#962,#156,.T.);
#1170=EDGE_CURVE('',#963,#964,#815,.T.);
#1171=EDGE_CURVE('',#963,#964,#157,.T.);
#1172=EDGE_CURVE('',#965,#966,#816,.T.);
#1173=EDGE_CURVE('',#966,#967,#817,.T.);
#1174=EDGE_CURVE('',#967,#968,#33,.T.);
#1175=EDGE_CURVE('',#968,#969,#158,.T.);
#1176=EDGE_CURVE('',#969,#969,#818,.T.);
#1177=EDGE_CURVE('',#968,#965,#34,.T.);
#1178=EDGE_CURVE('',#970,#970,#819,.T.);
#1179=EDGE_CURVE('',#971,#971,#820,.T.);
#1180=EDGE_CURVE('',#972,#972,#821,.T.);
#1181=EDGE_CURVE('',#973,#973,#822,.T.);
#1182=EDGE_CURVE('',#974,#974,#823,.T.);
#1183=EDGE_CURVE('',#975,#975,#824,.T.);
#1184=EDGE_CURVE('',#976,#976,#825,.T.);
#1185=EDGE_CURVE('',#977,#977,#826,.F.);
#1186=EDGE_CURVE('',#978,#978,#827,.T.);
#1187=EDGE_CURVE('',#978,#976,#159,.T.);
#1188=EDGE_CURVE('',#965,#967,#35,.T.);
#1189=EDGE_CURVE('',#966,#977,#828,.T.);
#1190=EDGE_CURVE('',#979,#979,#829,.T.);
#1191=EDGE_CURVE('',#979,#975,#160,.T.);
#1192=EDGE_CURVE('',#980,#980,#830,.T.);
#1193=EDGE_CURVE('',#980,#974,#161,.T.);
#1194=EDGE_CURVE('',#981,#981,#831,.T.);
#1195=EDGE_CURVE('',#981,#973,#162,.T.);
#1196=EDGE_CURVE('',#982,#982,#832,.T.);
#1197=EDGE_CURVE('',#982,#972,#163,.T.);
#1198=EDGE_CURVE('',#983,#983,#833,.T.);
#1199=EDGE_CURVE('',#983,#971,#164,.T.);
#1200=EDGE_CURVE('',#984,#984,#834,.T.);
#1201=EDGE_CURVE('',#984,#970,#165,.T.);
#1202=EDGE_CURVE('',#985,#986,#36,.T.);
#1203=EDGE_CURVE('',#986,#987,#166,.T.);
#1204=EDGE_CURVE('',#987,#987,#835,.F.);
#1205=EDGE_CURVE('',#986,#988,#37,.T.);
#1206=EDGE_CURVE('',#988,#985,#38,.T.);
#1207=EDGE_CURVE('',#988,#967,#836,.T.);
#1208=EDGE_CURVE('',#965,#985,#837,.T.);
#1209=EDGE_CURVE('',#953,#964,#838,.F.);
#1210=EDGE_CURVE('',#963,#962,#839,.F.);
#1211=EDGE_CURVE('',#961,#960,#840,.F.);
#1212=EDGE_CURVE('',#959,#989,#841,.F.);
#1213=EDGE_CURVE('',#989,#987,#842,.T.);
#1214=EDGE_CURVE('',#989,#958,#843,.F.);
#1215=EDGE_CURVE('',#957,#956,#844,.F.);
#1216=EDGE_CURVE('',#955,#954,#845,.F.);
#1217=EDGE_CURVE('',#990,#963,#167,.T.);
#1218=EDGE_CURVE('',#990,#991,#846,.F.);
#1219=EDGE_CURVE('',#962,#991,#168,.T.);
#1220=EDGE_CURVE('',#992,#961,#169,.T.);
#1221=EDGE_CURVE('',#992,#993,#847,.F.);
#1222=EDGE_CURVE('',#960,#993,#170,.T.);
#1223=EDGE_CURVE('',#994,#959,#171,.T.);
#1224=EDGE_CURVE('',#994,#995,#848,.F.);
#1225=EDGE_CURVE('',#958,#995,#172,.T.);
#1226=EDGE_CURVE('',#996,#957,#173,.T.);
#1227=EDGE_CURVE('',#996,#997,#849,.F.);
#1228=EDGE_CURVE('',#956,#997,#174,.T.);
#1229=EDGE_CURVE('',#998,#955,#175,.T.);
#1230=EDGE_CURVE('',#998,#999,#850,.F.);
#1231=EDGE_CURVE('',#954,#999,#176,.T.);
#1232=EDGE_CURVE('',#1000,#1001,#177,.T.);
#1233=EDGE_CURVE('',#1000,#1002,#178,.T.);
#1234=EDGE_CURVE('',#1002,#953,#179,.T.);
#1235=EDGE_CURVE('',#999,#1001,#180,.F.);
#1236=EDGE_CURVE('',#997,#1003,#181,.F.);
#1237=EDGE_CURVE('',#1004,#1003,#182,.T.);
#1238=EDGE_CURVE('',#1004,#998,#183,.T.);
#1239=EDGE_CURVE('',#1005,#1006,#184,.T.);
#1240=EDGE_CURVE('',#1005,#996,#185,.T.);
#1241=EDGE_CURVE('',#995,#1006,#186,.F.);
#1242=EDGE_CURVE('',#1007,#1008,#187,.T.);
#1243=EDGE_CURVE('',#1007,#994,#188,.T.);
#1244=EDGE_CURVE('',#993,#1008,#189,.F.);
#1245=EDGE_CURVE('',#1009,#1010,#190,.T.);
#1246=EDGE_CURVE('',#1009,#992,#191,.T.);
#1247=EDGE_CURVE('',#991,#1010,#192,.F.);
#1248=EDGE_CURVE('',#1011,#1012,#193,.T.);
#1249=EDGE_CURVE('',#1011,#990,#194,.T.);
#1250=EDGE_CURVE('',#964,#1013,#195,.T.);
#1251=EDGE_CURVE('',#1013,#1012,#196,.F.);
#1252=EDGE_CURVE('',#1003,#1005,#851,.T.);
#1253=EDGE_CURVE('',#1006,#1007,#852,.T.);
#1254=EDGE_CURVE('',#1008,#1009,#853,.T.);
#1255=EDGE_CURVE('',#1010,#1011,#854,.T.);
#1256=EDGE_CURVE('',#1012,#1000,#855,.T.);
#1257=EDGE_CURVE('',#1001,#1004,#856,.T.);
#1258=EDGE_CURVE('',#1014,#1014,#857,.T.);
#1259=EDGE_CURVE('',#1002,#1013,#858,.F.);
#1260=EDGE_CURVE('',#1014,#1015,#197,.T.);
#1261=EDGE_CURVE('',#1015,#1015,#859,.T.);
#1262=EDGE_CURVE('',#1016,#1016,#860,.T.);
#1263=EDGE_CURVE('',#1016,#1017,#198,.T.);
#1264=EDGE_CURVE('',#1017,#1017,#861,.T.);
#1265=EDGE_CURVE('',#1018,#1019,#862,.T.);
#1266=EDGE_CURVE('',#1020,#1019,#199,.T.);
#1267=EDGE_CURVE('',#1021,#1020,#863,.T.);
#1268=EDGE_CURVE('',#1021,#1018,#200,.T.);
#1269=EDGE_CURVE('',#1019,#1022,#201,.T.);
#1270=EDGE_CURVE('',#1023,#1022,#202,.T.);
#1271=EDGE_CURVE('',#1020,#1023,#203,.T.);
#1272=EDGE_CURVE('',#1022,#1024,#864,.T.);
#1273=EDGE_CURVE('',#1025,#1024,#204,.T.);
#1274=EDGE_CURVE('',#1023,#1025,#865,.T.);
#1275=EDGE_CURVE('',#1024,#1026,#205,.T.);
#1276=EDGE_CURVE('',#1027,#1026,#206,.T.);
#1277=EDGE_CURVE('',#1025,#1027,#207,.T.);
#1278=EDGE_CURVE('',#1026,#1028,#866,.T.);
#1279=EDGE_CURVE('',#1029,#1028,#208,.T.);
#1280=EDGE_CURVE('',#1027,#1029,#867,.T.);
#1281=EDGE_CURVE('',#1028,#1030,#209,.T.);
#1282=EDGE_CURVE('',#1031,#1030,#210,.T.);
#1283=EDGE_CURVE('',#1029,#1031,#211,.T.);
#1284=EDGE_CURVE('',#1030,#1032,#868,.T.);
#1285=EDGE_CURVE('',#1033,#1032,#212,.T.);
#1286=EDGE_CURVE('',#1031,#1033,#869,.T.);
#1287=EDGE_CURVE('',#1032,#1034,#213,.T.);
#1288=EDGE_CURVE('',#1035,#1034,#214,.T.);
#1289=EDGE_CURVE('',#1033,#1035,#215,.T.);
#1290=EDGE_CURVE('',#1034,#1036,#870,.T.);
#1291=EDGE_CURVE('',#1037,#1036,#216,.T.);
#1292=EDGE_CURVE('',#1035,#1037,#871,.T.);
#1293=EDGE_CURVE('',#1036,#1038,#217,.T.);
#1294=EDGE_CURVE('',#1039,#1038,#218,.T.);
#1295=EDGE_CURVE('',#1037,#1039,#219,.T.);
#1296=EDGE_CURVE('',#1038,#1040,#872,.T.);
#1297=EDGE_CURVE('',#1041,#1040,#220,.T.);
#1298=EDGE_CURVE('',#1039,#1041,#873,.T.);
#1299=EDGE_CURVE('',#1040,#1018,#221,.T.);
#1300=EDGE_CURVE('',#1041,#1021,#222,.T.);
#1301=EDGE_CURVE('',#1042,#1042,#874,.T.);
#1302=EDGE_CURVE('',#1042,#1043,#223,.T.);
#1303=EDGE_CURVE('',#1043,#1044,#875,.F.);
#1304=EDGE_CURVE('',#1044,#1043,#876,.F.);
#1305=EDGE_CURVE('',#1045,#1045,#877,.T.);
#1306=EDGE_CURVE('',#1045,#1044,#878,.T.);
#1307=EDGE_CURVE('',#1046,#1046,#879,.F.);
#1308=EDGE_CURVE('',#1046,#1045,#224,.T.);
#1309=EDGE_CURVE('',#1047,#1047,#880,.T.);
#1310=EDGE_CURVE('',#1047,#1048,#225,.T.);
#1311=EDGE_CURVE('',#1048,#1048,#881,.T.);
#1312=EDGE_CURVE('',#1049,#1049,#882,.T.);
#1313=EDGE_CURVE('',#1049,#1050,#226,.T.);
#1314=EDGE_CURVE('',#1050,#1050,#883,.T.);
#1315=EDGE_CURVE('',#1051,#1052,#884,.T.);
#1316=EDGE_CURVE('',#1053,#1051,#227,.T.);
#1317=EDGE_CURVE('',#1053,#1054,#885,.T.);
#1318=EDGE_CURVE('',#1054,#1052,#228,.F.);
#1319=EDGE_CURVE('',#1052,#1055,#229,.T.);
#1320=EDGE_CURVE('',#1054,#1056,#230,.T.);
#1321=EDGE_CURVE('',#1056,#1055,#231,.T.);
#1322=EDGE_CURVE('',#1055,#1057,#886,.T.);
#1323=EDGE_CURVE('',#1056,#1058,#887,.T.);
#1324=EDGE_CURVE('',#1058,#1057,#232,.F.);
#1325=EDGE_CURVE('',#1057,#1059,#233,.T.);
#1326=EDGE_CURVE('',#1058,#1060,#234,.T.);
#1327=EDGE_CURVE('',#1060,#1059,#235,.T.);
#1328=EDGE_CURVE('',#1059,#1061,#888,.T.);
#1329=EDGE_CURVE('',#1060,#1062,#889,.T.);
#1330=EDGE_CURVE('',#1062,#1061,#236,.F.);
#1331=EDGE_CURVE('',#1061,#1063,#237,.T.);
#1332=EDGE_CURVE('',#1062,#1064,#238,.T.);
#1333=EDGE_CURVE('',#1064,#1063,#239,.T.);
#1334=EDGE_CURVE('',#1063,#1065,#890,.T.);
#1335=EDGE_CURVE('',#1064,#1066,#891,.T.);
#1336=EDGE_CURVE('',#1066,#1065,#240,.F.);
#1337=EDGE_CURVE('',#1065,#1067,#241,.T.);
#1338=EDGE_CURVE('',#1066,#1068,#242,.T.);
#1339=EDGE_CURVE('',#1068,#1067,#243,.T.);
#1340=EDGE_CURVE('',#1067,#1069,#892,.T.);
#1341=EDGE_CURVE('',#1068,#1070,#893,.T.);
#1342=EDGE_CURVE('',#1070,#1069,#244,.F.);
#1343=EDGE_CURVE('',#1069,#1071,#245,.T.);
#1344=EDGE_CURVE('',#1070,#1072,#246,.T.);
#1345=EDGE_CURVE('',#1072,#1071,#247,.T.);
#1346=EDGE_CURVE('',#1071,#1073,#894,.T.);
#1347=EDGE_CURVE('',#1072,#1074,#895,.T.);
#1348=EDGE_CURVE('',#1074,#1073,#248,.F.);
#1349=EDGE_CURVE('',#1073,#1051,#249,.T.);
#1350=EDGE_CURVE('',#1074,#1053,#250,.T.);
#1351=EDGE_CURVE('',#1075,#1075,#896,.T.);
#1352=EDGE_CURVE('',#1076,#1077,#897,.T.);
#1353=EDGE_CURVE('',#1077,#1076,#898,.T.);
#1354=EDGE_CURVE('',#1077,#1075,#251,.T.);
#1355=EDGE_CURVE('',#1076,#1046,#899,.T.);
#1356=ORIENTED_EDGE('',*,*,#1078,.T.);
#1357=ORIENTED_EDGE('',*,*,#1079,.F.);
#1358=ORIENTED_EDGE('',*,*,#1080,.T.);
#1359=ORIENTED_EDGE('',*,*,#1081,.F.);
#1360=ORIENTED_EDGE('',*,*,#1082,.F.);
#1361=ORIENTED_EDGE('',*,*,#1083,.T.);
#1362=ORIENTED_EDGE('',*,*,#1082,.T.);
#1363=ORIENTED_EDGE('',*,*,#1084,.T.);
#1364=ORIENTED_EDGE('',*,*,#1080,.F.);
#1365=ORIENTED_EDGE('',*,*,#1084,.F.);
#1366=ORIENTED_EDGE('',*,*,#1079,.T.);
#1367=ORIENTED_EDGE('',*,*,#1085,.T.);
#1368=ORIENTED_EDGE('',*,*,#1083,.F.);
#1369=ORIENTED_EDGE('',*,*,#1085,.F.);
#1370=ORIENTED_EDGE('',*,*,#1086,.F.);
#1371=ORIENTED_EDGE('',*,*,#1087,.T.);
#1372=ORIENTED_EDGE('',*,*,#1081,.T.);
#1373=ORIENTED_EDGE('',*,*,#1087,.F.);
#1374=ORIENTED_EDGE('',*,*,#1086,.T.);
#1375=ORIENTED_EDGE('',*,*,#1088,.F.);
#1376=ORIENTED_EDGE('',*,*,#1078,.F.);
#1377=ORIENTED_EDGE('',*,*,#1089,.T.);
#1378=ORIENTED_EDGE('',*,*,#1088,.T.);
#1379=ORIENTED_EDGE('',*,*,#1089,.F.);
#1380=ORIENTED_EDGE('',*,*,#1090,.T.);
#1381=ORIENTED_EDGE('',*,*,#1091,.F.);
#1382=ORIENTED_EDGE('',*,*,#1092,.F.);
#1383=ORIENTED_EDGE('',*,*,#1093,.T.);
#1384=ORIENTED_EDGE('',*,*,#1092,.T.);
#1385=ORIENTED_EDGE('',*,*,#1094,.T.);
#1386=ORIENTED_EDGE('',*,*,#1090,.F.);
#1387=ORIENTED_EDGE('',*,*,#1094,.F.);
#1388=ORIENTED_EDGE('',*,*,#1091,.T.);
#1389=ORIENTED_EDGE('',*,*,#1095,.T.);
#1390=ORIENTED_EDGE('',*,*,#1093,.F.);
#1391=ORIENTED_EDGE('',*,*,#1095,.F.);
#1392=ORIENTED_EDGE('',*,*,#1096,.T.);
#1393=ORIENTED_EDGE('',*,*,#1097,.T.);
#1394=ORIENTED_EDGE('',*,*,#1098,.T.);
#1395=ORIENTED_EDGE('',*,*,#1099,.F.);
#1396=ORIENTED_EDGE('',*,*,#1100,.T.);
#1397=ORIENTED_EDGE('',*,*,#1101,.T.);
#1398=ORIENTED_EDGE('',*,*,#1102,.T.);
#1399=ORIENTED_EDGE('',*,*,#1097,.F.);
#1400=ORIENTED_EDGE('',*,*,#1103,.F.);
#1401=ORIENTED_EDGE('',*,*,#1104,.T.);
#1402=ORIENTED_EDGE('',*,*,#1096,.F.);
#1403=ORIENTED_EDGE('',*,*,#1103,.T.);
#1404=ORIENTED_EDGE('',*,*,#1105,.T.);
#1405=ORIENTED_EDGE('',*,*,#1101,.F.);
#1406=ORIENTED_EDGE('',*,*,#1106,.T.);
#1407=ORIENTED_EDGE('',*,*,#1099,.T.);
#1408=ORIENTED_EDGE('',*,*,#1107,.T.);
#1409=ORIENTED_EDGE('',*,*,#1100,.F.);
#1410=ORIENTED_EDGE('',*,*,#1106,.F.);
#1411=ORIENTED_EDGE('',*,*,#1107,.F.);
#1412=ORIENTED_EDGE('',*,*,#1098,.F.);
#1413=ORIENTED_EDGE('',*,*,#1102,.F.);
#1414=ORIENTED_EDGE('',*,*,#1105,.F.);
#1415=ORIENTED_EDGE('',*,*,#1104,.F.);
#1416=ORIENTED_EDGE('',*,*,#1108,.T.);
#1417=ORIENTED_EDGE('',*,*,#1109,.T.);
#1418=ORIENTED_EDGE('',*,*,#1110,.T.);
#1419=ORIENTED_EDGE('',*,*,#1109,.F.);
#1420=ORIENTED_EDGE('',*,*,#1111,.T.);
#1421=ORIENTED_EDGE('',*,*,#1112,.F.);
#1422=ORIENTED_EDGE('',*,*,#1113,.T.);
#1423=ORIENTED_EDGE('',*,*,#1114,.T.);
#1424=ORIENTED_EDGE('',*,*,#1115,.T.);
#1425=ORIENTED_EDGE('',*,*,#1116,.T.);
#1426=ORIENTED_EDGE('',*,*,#1117,.T.);
#1427=ORIENTED_EDGE('',*,*,#1118,.T.);
#1428=ORIENTED_EDGE('',*,*,#1108,.F.);
#1429=ORIENTED_EDGE('',*,*,#1119,.T.);
#1430=ORIENTED_EDGE('',*,*,#1120,.T.);
#1431=ORIENTED_EDGE('',*,*,#1121,.T.);
#1432=ORIENTED_EDGE('',*,*,#1122,.T.);
#1433=ORIENTED_EDGE('',*,*,#1123,.T.);
#1434=ORIENTED_EDGE('',*,*,#1124,.T.);
#1435=ORIENTED_EDGE('',*,*,#1125,.T.);
#1436=ORIENTED_EDGE('',*,*,#1112,.T.);
#1437=ORIENTED_EDGE('',*,*,#1126,.T.);
#1438=ORIENTED_EDGE('',*,*,#1127,.T.);
#1439=ORIENTED_EDGE('',*,*,#1126,.F.);
#1440=ORIENTED_EDGE('',*,*,#1128,.T.);
#1441=ORIENTED_EDGE('',*,*,#1129,.T.);
#1442=ORIENTED_EDGE('',*,*,#1130,.F.);
#1443=ORIENTED_EDGE('',*,*,#1131,.T.);
#1444=ORIENTED_EDGE('',*,*,#1132,.T.);
#1445=ORIENTED_EDGE('',*,*,#1131,.F.);
#1446=ORIENTED_EDGE('',*,*,#1130,.T.);
#1447=ORIENTED_EDGE('',*,*,#1133,.F.);
#1448=ORIENTED_EDGE('',*,*,#1125,.F.);
#1449=ORIENTED_EDGE('',*,*,#1134,.T.);
#1450=ORIENTED_EDGE('',*,*,#1133,.T.);
#1451=ORIENTED_EDGE('',*,*,#1134,.F.);
#1452=ORIENTED_EDGE('',*,*,#1110,.F.);
#1453=ORIENTED_EDGE('',*,*,#1135,.T.);
#1454=ORIENTED_EDGE('',*,*,#1111,.F.);
#1455=ORIENTED_EDGE('',*,*,#1135,.F.);
#1456=ORIENTED_EDGE('',*,*,#1132,.F.);
#1457=ORIENTED_EDGE('',*,*,#1136,.T.);
#1458=ORIENTED_EDGE('',*,*,#1129,.F.);
#1459=ORIENTED_EDGE('',*,*,#1136,.F.);
#1460=ORIENTED_EDGE('',*,*,#1127,.F.);
#1461=ORIENTED_EDGE('',*,*,#1137,.T.);
#1462=ORIENTED_EDGE('',*,*,#1128,.F.);
#1463=ORIENTED_EDGE('',*,*,#1137,.F.);
#1464=ORIENTED_EDGE('',*,*,#1124,.F.);
#1465=ORIENTED_EDGE('',*,*,#1138,.T.);
#1466=ORIENTED_EDGE('',*,*,#1139,.T.);
#1467=ORIENTED_EDGE('',*,*,#1138,.F.);
#1468=ORIENTED_EDGE('',*,*,#1123,.F.);
#1469=ORIENTED_EDGE('',*,*,#1140,.T.);
#1470=ORIENTED_EDGE('',*,*,#1141,.T.);
#1471=ORIENTED_EDGE('',*,*,#1140,.F.);
#1472=ORIENTED_EDGE('',*,*,#1122,.F.);
#1473=ORIENTED_EDGE('',*,*,#1142,.T.);
#1474=ORIENTED_EDGE('',*,*,#1143,.T.);
#1475=ORIENTED_EDGE('',*,*,#1144,.T.);
#1476=ORIENTED_EDGE('',*,*,#1142,.F.);
#1477=ORIENTED_EDGE('',*,*,#1121,.F.);
#1478=ORIENTED_EDGE('',*,*,#1145,.T.);
#1479=ORIENTED_EDGE('',*,*,#1146,.T.);
#1480=ORIENTED_EDGE('',*,*,#1147,.T.);
#1481=ORIENTED_EDGE('',*,*,#1145,.F.);
#1482=ORIENTED_EDGE('',*,*,#1120,.F.);
#1483=ORIENTED_EDGE('',*,*,#1148,.T.);
#1484=ORIENTED_EDGE('',*,*,#1149,.T.);
#1485=ORIENTED_EDGE('',*,*,#1150,.T.);
#1486=ORIENTED_EDGE('',*,*,#1148,.F.);
#1487=ORIENTED_EDGE('',*,*,#1119,.F.);
#1488=ORIENTED_EDGE('',*,*,#1151,.T.);
#1489=ORIENTED_EDGE('',*,*,#1152,.T.);
#1490=ORIENTED_EDGE('',*,*,#1153,.T.);
#1491=ORIENTED_EDGE('',*,*,#1151,.F.);
#1492=ORIENTED_EDGE('',*,*,#1152,.F.);
#1493=ORIENTED_EDGE('',*,*,#1153,.F.);
#1494=ORIENTED_EDGE('',*,*,#1154,.T.);
#1495=ORIENTED_EDGE('',*,*,#1113,.F.);
#1496=ORIENTED_EDGE('',*,*,#1154,.F.);
#1497=ORIENTED_EDGE('',*,*,#1146,.F.);
#1498=ORIENTED_EDGE('',*,*,#1147,.F.);
#1499=ORIENTED_EDGE('',*,*,#1155,.T.);
#1500=ORIENTED_EDGE('',*,*,#1114,.F.);
#1501=ORIENTED_EDGE('',*,*,#1155,.F.);
#1502=ORIENTED_EDGE('',*,*,#1141,.F.);
#1503=ORIENTED_EDGE('',*,*,#1156,.T.);
#1504=ORIENTED_EDGE('',*,*,#1115,.F.);
#1505=ORIENTED_EDGE('',*,*,#1156,.F.);
#1506=ORIENTED_EDGE('',*,*,#1139,.F.);
#1507=ORIENTED_EDGE('',*,*,#1157,.T.);
#1508=ORIENTED_EDGE('',*,*,#1116,.F.);
#1509=ORIENTED_EDGE('',*,*,#1157,.F.);
#1510=ORIENTED_EDGE('',*,*,#1150,.F.);
#1511=ORIENTED_EDGE('',*,*,#1158,.T.);
#1512=ORIENTED_EDGE('',*,*,#1117,.F.);
#1513=ORIENTED_EDGE('',*,*,#1158,.F.);
#1514=ORIENTED_EDGE('',*,*,#1149,.F.);
#1515=ORIENTED_EDGE('',*,*,#1144,.F.);
#1516=ORIENTED_EDGE('',*,*,#1159,.T.);
#1517=ORIENTED_EDGE('',*,*,#1118,.F.);
#1518=ORIENTED_EDGE('',*,*,#1159,.F.);
#1519=ORIENTED_EDGE('',*,*,#1143,.F.);
#1520=ORIENTED_EDGE('',*,*,#1160,.T.);
#1521=ORIENTED_EDGE('',*,*,#1161,.F.);
#1522=ORIENTED_EDGE('',*,*,#1162,.T.);
#1523=ORIENTED_EDGE('',*,*,#1163,.F.);
#1524=ORIENTED_EDGE('',*,*,#1164,.T.);
#1525=ORIENTED_EDGE('',*,*,#1165,.F.);
#1526=ORIENTED_EDGE('',*,*,#1166,.T.);
#1527=ORIENTED_EDGE('',*,*,#1167,.F.);
#1528=ORIENTED_EDGE('',*,*,#1168,.T.);
#1529=ORIENTED_EDGE('',*,*,#1169,.F.);
#1530=ORIENTED_EDGE('',*,*,#1170,.T.);
#1531=ORIENTED_EDGE('',*,*,#1171,.F.);
#1532=ORIENTED_EDGE('',*,*,#1172,.T.);
#1533=ORIENTED_EDGE('',*,*,#1173,.T.);
#1534=ORIENTED_EDGE('',*,*,#1174,.T.);
#1535=ORIENTED_EDGE('',*,*,#1175,.T.);
#1536=ORIENTED_EDGE('',*,*,#1176,.F.);
#1537=ORIENTED_EDGE('',*,*,#1175,.F.);
#1538=ORIENTED_EDGE('',*,*,#1177,.T.);
#1539=ORIENTED_EDGE('',*,*,#1176,.T.);
#1540=ORIENTED_EDGE('',*,*,#1178,.F.);
#1541=ORIENTED_EDGE('',*,*,#1179,.F.);
#1542=ORIENTED_EDGE('',*,*,#1180,.F.);
#1543=ORIENTED_EDGE('',*,*,#1181,.F.);
#1544=ORIENTED_EDGE('',*,*,#1182,.F.);
#1545=ORIENTED_EDGE('',*,*,#1183,.F.);
#1546=ORIENTED_EDGE('',*,*,#1184,.F.);
#1547=ORIENTED_EDGE('',*,*,#1185,.T.);
#1548=ORIENTED_EDGE('',*,*,#1186,.F.);
#1549=ORIENTED_EDGE('',*,*,#1187,.T.);
#1550=ORIENTED_EDGE('',*,*,#1184,.T.);
#1551=ORIENTED_EDGE('',*,*,#1187,.F.);
#1552=ORIENTED_EDGE('',*,*,#1186,.T.);
#1553=ORIENTED_EDGE('',*,*,#1172,.F.);
#1554=ORIENTED_EDGE('',*,*,#1188,.T.);
#1555=ORIENTED_EDGE('',*,*,#1173,.F.);
#1556=ORIENTED_EDGE('',*,*,#1189,.T.);
#1557=ORIENTED_EDGE('',*,*,#1185,.F.);
#1558=ORIENTED_EDGE('',*,*,#1189,.F.);
#1559=ORIENTED_EDGE('',*,*,#1190,.F.);
#1560=ORIENTED_EDGE('',*,*,#1191,.T.);
#1561=ORIENTED_EDGE('',*,*,#1183,.T.);
#1562=ORIENTED_EDGE('',*,*,#1191,.F.);
#1563=ORIENTED_EDGE('',*,*,#1190,.T.);
#1564=ORIENTED_EDGE('',*,*,#1192,.F.);
#1565=ORIENTED_EDGE('',*,*,#1193,.T.);
#1566=ORIENTED_EDGE('',*,*,#1182,.T.);
#1567=ORIENTED_EDGE('',*,*,#1193,.F.);
#1568=ORIENTED_EDGE('',*,*,#1192,.T.);
#1569=ORIENTED_EDGE('',*,*,#1194,.F.);
#1570=ORIENTED_EDGE('',*,*,#1195,.T.);
#1571=ORIENTED_EDGE('',*,*,#1181,.T.);
#1572=ORIENTED_EDGE('',*,*,#1195,.F.);
#1573=ORIENTED_EDGE('',*,*,#1194,.T.);
#1574=ORIENTED_EDGE('',*,*,#1196,.F.);
#1575=ORIENTED_EDGE('',*,*,#1197,.T.);
#1576=ORIENTED_EDGE('',*,*,#1180,.T.);
#1577=ORIENTED_EDGE('',*,*,#1197,.F.);
#1578=ORIENTED_EDGE('',*,*,#1196,.T.);
#1579=ORIENTED_EDGE('',*,*,#1198,.F.);
#1580=ORIENTED_EDGE('',*,*,#1199,.T.);
#1581=ORIENTED_EDGE('',*,*,#1179,.T.);
#1582=ORIENTED_EDGE('',*,*,#1199,.F.);
#1583=ORIENTED_EDGE('',*,*,#1198,.T.);
#1584=ORIENTED_EDGE('',*,*,#1200,.F.);
#1585=ORIENTED_EDGE('',*,*,#1201,.T.);
#1586=ORIENTED_EDGE('',*,*,#1178,.T.);
#1587=ORIENTED_EDGE('',*,*,#1201,.F.);
#1588=ORIENTED_EDGE('',*,*,#1200,.T.);
#1589=ORIENTED_EDGE('',*,*,#1202,.T.);
#1590=ORIENTED_EDGE('',*,*,#1203,.T.);
#1591=ORIENTED_EDGE('',*,*,#1204,.T.);
#1592=ORIENTED_EDGE('',*,*,#1203,.F.);
#1593=ORIENTED_EDGE('',*,*,#1205,.T.);
#1594=ORIENTED_EDGE('',*,*,#1206,.T.);
#1595=ORIENTED_EDGE('',*,*,#1207,.F.);
#1596=ORIENTED_EDGE('',*,*,#1205,.F.);
#1597=ORIENTED_EDGE('',*,*,#1202,.F.);
#1598=ORIENTED_EDGE('',*,*,#1208,.F.);
#1599=ORIENTED_EDGE('',*,*,#1177,.F.);
#1600=ORIENTED_EDGE('',*,*,#1174,.F.);
#1601=ORIENTED_EDGE('',*,*,#1208,.T.);
#1602=ORIENTED_EDGE('',*,*,#1206,.F.);
#1603=ORIENTED_EDGE('',*,*,#1207,.T.);
#1604=ORIENTED_EDGE('',*,*,#1188,.F.);
#1605=ORIENTED_EDGE('',*,*,#1160,.F.);
#1606=ORIENTED_EDGE('',*,*,#1209,.T.);
#1607=ORIENTED_EDGE('',*,*,#1170,.F.);
#1608=ORIENTED_EDGE('',*,*,#1210,.T.);
#1609=ORIENTED_EDGE('',*,*,#1168,.F.);
#1610=ORIENTED_EDGE('',*,*,#1211,.T.);
#1611=ORIENTED_EDGE('',*,*,#1166,.F.);
#1612=ORIENTED_EDGE('',*,*,#1212,.T.);
#1613=ORIENTED_EDGE('',*,*,#1213,.T.);
#1614=ORIENTED_EDGE('',*,*,#1204,.F.);
#1615=ORIENTED_EDGE('',*,*,#1213,.F.);
#1616=ORIENTED_EDGE('',*,*,#1214,.T.);
#1617=ORIENTED_EDGE('',*,*,#1164,.F.);
#1618=ORIENTED_EDGE('',*,*,#1215,.T.);
#1619=ORIENTED_EDGE('',*,*,#1162,.F.);
#1620=ORIENTED_EDGE('',*,*,#1216,.T.);
#1621=ORIENTED_EDGE('',*,*,#1210,.F.);
#1622=ORIENTED_EDGE('',*,*,#1217,.F.);
#1623=ORIENTED_EDGE('',*,*,#1218,.T.);
#1624=ORIENTED_EDGE('',*,*,#1219,.F.);
#1625=ORIENTED_EDGE('',*,*,#1211,.F.);
#1626=ORIENTED_EDGE('',*,*,#1220,.F.);
#1627=ORIENTED_EDGE('',*,*,#1221,.T.);
#1628=ORIENTED_EDGE('',*,*,#1222,.F.);
#1629=ORIENTED_EDGE('',*,*,#1212,.F.);
#1630=ORIENTED_EDGE('',*,*,#1223,.F.);
#1631=ORIENTED_EDGE('',*,*,#1224,.T.);
#1632=ORIENTED_EDGE('',*,*,#1225,.F.);
#1633=ORIENTED_EDGE('',*,*,#1214,.F.);
#1634=ORIENTED_EDGE('',*,*,#1215,.F.);
#1635=ORIENTED_EDGE('',*,*,#1226,.F.);
#1636=ORIENTED_EDGE('',*,*,#1227,.T.);
#1637=ORIENTED_EDGE('',*,*,#1228,.F.);
#1638=ORIENTED_EDGE('',*,*,#1216,.F.);
#1639=ORIENTED_EDGE('',*,*,#1229,.F.);
#1640=ORIENTED_EDGE('',*,*,#1230,.T.);
#1641=ORIENTED_EDGE('',*,*,#1231,.F.);
#1642=ORIENTED_EDGE('',*,*,#1232,.F.);
#1643=ORIENTED_EDGE('',*,*,#1233,.T.);
#1644=ORIENTED_EDGE('',*,*,#1234,.T.);
#1645=ORIENTED_EDGE('',*,*,#1161,.T.);
#1646=ORIENTED_EDGE('',*,*,#1231,.T.);
#1647=ORIENTED_EDGE('',*,*,#1235,.T.);
#1648=ORIENTED_EDGE('',*,*,#1229,.T.);
#1649=ORIENTED_EDGE('',*,*,#1163,.T.);
#1650=ORIENTED_EDGE('',*,*,#1228,.T.);
#1651=ORIENTED_EDGE('',*,*,#1236,.T.);
#1652=ORIENTED_EDGE('',*,*,#1237,.F.);
#1653=ORIENTED_EDGE('',*,*,#1238,.T.);
#1654=ORIENTED_EDGE('',*,*,#1239,.F.);
#1655=ORIENTED_EDGE('',*,*,#1240,.T.);
#1656=ORIENTED_EDGE('',*,*,#1226,.T.);
#1657=ORIENTED_EDGE('',*,*,#1165,.T.);
#1658=ORIENTED_EDGE('',*,*,#1225,.T.);
#1659=ORIENTED_EDGE('',*,*,#1241,.T.);
#1660=ORIENTED_EDGE('',*,*,#1242,.F.);
#1661=ORIENTED_EDGE('',*,*,#1243,.T.);
#1662=ORIENTED_EDGE('',*,*,#1223,.T.);
#1663=ORIENTED_EDGE('',*,*,#1167,.T.);
#1664=ORIENTED_EDGE('',*,*,#1222,.T.);
#1665=ORIENTED_EDGE('',*,*,#1244,.T.);
#1666=ORIENTED_EDGE('',*,*,#1245,.F.);
#1667=ORIENTED_EDGE('',*,*,#1246,.T.);
#1668=ORIENTED_EDGE('',*,*,#1220,.T.);
#1669=ORIENTED_EDGE('',*,*,#1169,.T.);
#1670=ORIENTED_EDGE('',*,*,#1219,.T.);
#1671=ORIENTED_EDGE('',*,*,#1247,.T.);
#1672=ORIENTED_EDGE('',*,*,#1248,.F.);
#1673=ORIENTED_EDGE('',*,*,#1249,.T.);
#1674=ORIENTED_EDGE('',*,*,#1217,.T.);
#1675=ORIENTED_EDGE('',*,*,#1171,.T.);
#1676=ORIENTED_EDGE('',*,*,#1250,.T.);
#1677=ORIENTED_EDGE('',*,*,#1251,.T.);
#1678=ORIENTED_EDGE('',*,*,#1237,.T.);
#1679=ORIENTED_EDGE('',*,*,#1252,.T.);
#1680=ORIENTED_EDGE('',*,*,#1239,.T.);
#1681=ORIENTED_EDGE('',*,*,#1253,.T.);
#1682=ORIENTED_EDGE('',*,*,#1242,.T.);
#1683=ORIENTED_EDGE('',*,*,#1254,.T.);
#1684=ORIENTED_EDGE('',*,*,#1245,.T.);
#1685=ORIENTED_EDGE('',*,*,#1255,.T.);
#1686=ORIENTED_EDGE('',*,*,#1248,.T.);
#1687=ORIENTED_EDGE('',*,*,#1256,.T.);
#1688=ORIENTED_EDGE('',*,*,#1232,.T.);
#1689=ORIENTED_EDGE('',*,*,#1257,.T.);
#1690=ORIENTED_EDGE('',*,*,#1258,.F.);
#1691=ORIENTED_EDGE('',*,*,#1209,.F.);
#1692=ORIENTED_EDGE('',*,*,#1234,.F.);
#1693=ORIENTED_EDGE('',*,*,#1259,.T.);
#1694=ORIENTED_EDGE('',*,*,#1250,.F.);
#1695=ORIENTED_EDGE('',*,*,#1252,.F.);
#1696=ORIENTED_EDGE('',*,*,#1236,.F.);
#1697=ORIENTED_EDGE('',*,*,#1227,.F.);
#1698=ORIENTED_EDGE('',*,*,#1240,.F.);
#1699=ORIENTED_EDGE('',*,*,#1253,.F.);
#1700=ORIENTED_EDGE('',*,*,#1241,.F.);
#1701=ORIENTED_EDGE('',*,*,#1224,.F.);
#1702=ORIENTED_EDGE('',*,*,#1243,.F.);
#1703=ORIENTED_EDGE('',*,*,#1254,.F.);
#1704=ORIENTED_EDGE('',*,*,#1244,.F.);
#1705=ORIENTED_EDGE('',*,*,#1221,.F.);
#1706=ORIENTED_EDGE('',*,*,#1246,.F.);
#1707=ORIENTED_EDGE('',*,*,#1255,.F.);
#1708=ORIENTED_EDGE('',*,*,#1247,.F.);
#1709=ORIENTED_EDGE('',*,*,#1218,.F.);
#1710=ORIENTED_EDGE('',*,*,#1249,.F.);
#1711=ORIENTED_EDGE('',*,*,#1256,.F.);
#1712=ORIENTED_EDGE('',*,*,#1251,.F.);
#1713=ORIENTED_EDGE('',*,*,#1259,.F.);
#1714=ORIENTED_EDGE('',*,*,#1233,.F.);
#1715=ORIENTED_EDGE('',*,*,#1257,.F.);
#1716=ORIENTED_EDGE('',*,*,#1235,.F.);
#1717=ORIENTED_EDGE('',*,*,#1230,.F.);
#1718=ORIENTED_EDGE('',*,*,#1238,.F.);
#1719=ORIENTED_EDGE('',*,*,#1258,.T.);
#1720=ORIENTED_EDGE('',*,*,#1260,.T.);
#1721=ORIENTED_EDGE('',*,*,#1261,.F.);
#1722=ORIENTED_EDGE('',*,*,#1260,.F.);
#1723=ORIENTED_EDGE('',*,*,#1262,.T.);
#1724=ORIENTED_EDGE('',*,*,#1263,.T.);
#1725=ORIENTED_EDGE('',*,*,#1264,.F.);
#1726=ORIENTED_EDGE('',*,*,#1263,.F.);
#1727=ORIENTED_EDGE('',*,*,#1262,.F.);
#1728=ORIENTED_EDGE('',*,*,#1261,.T.);
#1729=ORIENTED_EDGE('',*,*,#1265,.T.);
#1730=ORIENTED_EDGE('',*,*,#1266,.F.);
#1731=ORIENTED_EDGE('',*,*,#1267,.F.);
#1732=ORIENTED_EDGE('',*,*,#1268,.T.);
#1733=ORIENTED_EDGE('',*,*,#1269,.T.);
#1734=ORIENTED_EDGE('',*,*,#1270,.F.);
#1735=ORIENTED_EDGE('',*,*,#1271,.F.);
#1736=ORIENTED_EDGE('',*,*,#1266,.T.);
#1737=ORIENTED_EDGE('',*,*,#1272,.T.);
#1738=ORIENTED_EDGE('',*,*,#1273,.F.);
#1739=ORIENTED_EDGE('',*,*,#1274,.F.);
#1740=ORIENTED_EDGE('',*,*,#1270,.T.);
#1741=ORIENTED_EDGE('',*,*,#1275,.T.);
#1742=ORIENTED_EDGE('',*,*,#1276,.F.);
#1743=ORIENTED_EDGE('',*,*,#1277,.F.);
#1744=ORIENTED_EDGE('',*,*,#1273,.T.);
#1745=ORIENTED_EDGE('',*,*,#1278,.T.);
#1746=ORIENTED_EDGE('',*,*,#1279,.F.);
#1747=ORIENTED_EDGE('',*,*,#1280,.F.);
#1748=ORIENTED_EDGE('',*,*,#1276,.T.);
#1749=ORIENTED_EDGE('',*,*,#1281,.T.);
#1750=ORIENTED_EDGE('',*,*,#1282,.F.);
#1751=ORIENTED_EDGE('',*,*,#1283,.F.);
#1752=ORIENTED_EDGE('',*,*,#1279,.T.);
#1753=ORIENTED_EDGE('',*,*,#1284,.T.);
#1754=ORIENTED_EDGE('',*,*,#1285,.F.);
#1755=ORIENTED_EDGE('',*,*,#1286,.F.);
#1756=ORIENTED_EDGE('',*,*,#1282,.T.);
#1757=ORIENTED_EDGE('',*,*,#1287,.T.);
#1758=ORIENTED_EDGE('',*,*,#1288,.F.);
#1759=ORIENTED_EDGE('',*,*,#1289,.F.);
#1760=ORIENTED_EDGE('',*,*,#1285,.T.);
#1761=ORIENTED_EDGE('',*,*,#1290,.T.);
#1762=ORIENTED_EDGE('',*,*,#1291,.F.);
#1763=ORIENTED_EDGE('',*,*,#1292,.F.);
#1764=ORIENTED_EDGE('',*,*,#1288,.T.);
#1765=ORIENTED_EDGE('',*,*,#1293,.T.);
#1766=ORIENTED_EDGE('',*,*,#1294,.F.);
#1767=ORIENTED_EDGE('',*,*,#1295,.F.);
#1768=ORIENTED_EDGE('',*,*,#1291,.T.);
#1769=ORIENTED_EDGE('',*,*,#1296,.T.);
#1770=ORIENTED_EDGE('',*,*,#1297,.F.);
#1771=ORIENTED_EDGE('',*,*,#1298,.F.);
#1772=ORIENTED_EDGE('',*,*,#1294,.T.);
#1773=ORIENTED_EDGE('',*,*,#1299,.T.);
#1774=ORIENTED_EDGE('',*,*,#1268,.F.);
#1775=ORIENTED_EDGE('',*,*,#1300,.F.);
#1776=ORIENTED_EDGE('',*,*,#1297,.T.);
#1777=ORIENTED_EDGE('',*,*,#1267,.T.);
#1778=ORIENTED_EDGE('',*,*,#1271,.T.);
#1779=ORIENTED_EDGE('',*,*,#1274,.T.);
#1780=ORIENTED_EDGE('',*,*,#1277,.T.);
#1781=ORIENTED_EDGE('',*,*,#1280,.T.);
#1782=ORIENTED_EDGE('',*,*,#1283,.T.);
#1783=ORIENTED_EDGE('',*,*,#1286,.T.);
#1784=ORIENTED_EDGE('',*,*,#1289,.T.);
#1785=ORIENTED_EDGE('',*,*,#1292,.T.);
#1786=ORIENTED_EDGE('',*,*,#1295,.T.);
#1787=ORIENTED_EDGE('',*,*,#1298,.T.);
#1788=ORIENTED_EDGE('',*,*,#1300,.T.);
#1789=ORIENTED_EDGE('',*,*,#1301,.F.);
#1790=ORIENTED_EDGE('',*,*,#1265,.F.);
#1791=ORIENTED_EDGE('',*,*,#1299,.F.);
#1792=ORIENTED_EDGE('',*,*,#1296,.F.);
#1793=ORIENTED_EDGE('',*,*,#1293,.F.);
#1794=ORIENTED_EDGE('',*,*,#1290,.F.);
#1795=ORIENTED_EDGE('',*,*,#1287,.F.);
#1796=ORIENTED_EDGE('',*,*,#1284,.F.);
#1797=ORIENTED_EDGE('',*,*,#1281,.F.);
#1798=ORIENTED_EDGE('',*,*,#1278,.F.);
#1799=ORIENTED_EDGE('',*,*,#1275,.F.);
#1800=ORIENTED_EDGE('',*,*,#1272,.F.);
#1801=ORIENTED_EDGE('',*,*,#1269,.F.);
#1802=ORIENTED_EDGE('',*,*,#1264,.T.);
#1803=ORIENTED_EDGE('',*,*,#1301,.T.);
#1804=ORIENTED_EDGE('',*,*,#1302,.T.);
#1805=ORIENTED_EDGE('',*,*,#1303,.T.);
#1806=ORIENTED_EDGE('',*,*,#1304,.T.);
#1807=ORIENTED_EDGE('',*,*,#1302,.F.);
#1808=ORIENTED_EDGE('',*,*,#1305,.F.);
#1809=ORIENTED_EDGE('',*,*,#1306,.T.);
#1810=ORIENTED_EDGE('',*,*,#1303,.F.);
#1811=ORIENTED_EDGE('',*,*,#1304,.F.);
#1812=ORIENTED_EDGE('',*,*,#1306,.F.);
#1813=ORIENTED_EDGE('',*,*,#1307,.F.);
#1814=ORIENTED_EDGE('',*,*,#1308,.T.);
#1815=ORIENTED_EDGE('',*,*,#1305,.T.);
#1816=ORIENTED_EDGE('',*,*,#1308,.F.);
#1817=ORIENTED_EDGE('',*,*,#1309,.T.);
#1818=ORIENTED_EDGE('',*,*,#1310,.T.);
#1819=ORIENTED_EDGE('',*,*,#1311,.F.);
#1820=ORIENTED_EDGE('',*,*,#1310,.F.);
#1821=ORIENTED_EDGE('',*,*,#1312,.T.);
#1822=ORIENTED_EDGE('',*,*,#1313,.T.);
#1823=ORIENTED_EDGE('',*,*,#1314,.F.);
#1824=ORIENTED_EDGE('',*,*,#1313,.F.);
#1825=ORIENTED_EDGE('',*,*,#1314,.T.);
#1826=ORIENTED_EDGE('',*,*,#1309,.F.);
#1827=ORIENTED_EDGE('',*,*,#1315,.F.);
#1828=ORIENTED_EDGE('',*,*,#1316,.F.);
#1829=ORIENTED_EDGE('',*,*,#1317,.T.);
#1830=ORIENTED_EDGE('',*,*,#1318,.T.);
#1831=ORIENTED_EDGE('',*,*,#1319,.F.);
#1832=ORIENTED_EDGE('',*,*,#1318,.F.);
#1833=ORIENTED_EDGE('',*,*,#1320,.T.);
#1834=ORIENTED_EDGE('',*,*,#1321,.T.);
#1835=ORIENTED_EDGE('',*,*,#1322,.F.);
#1836=ORIENTED_EDGE('',*,*,#1321,.F.);
#1837=ORIENTED_EDGE('',*,*,#1323,.T.);
#1838=ORIENTED_EDGE('',*,*,#1324,.T.);
#1839=ORIENTED_EDGE('',*,*,#1325,.F.);
#1840=ORIENTED_EDGE('',*,*,#1324,.F.);
#1841=ORIENTED_EDGE('',*,*,#1326,.T.);
#1842=ORIENTED_EDGE('',*,*,#1327,.T.);
#1843=ORIENTED_EDGE('',*,*,#1328,.F.);
#1844=ORIENTED_EDGE('',*,*,#1327,.F.);
#1845=ORIENTED_EDGE('',*,*,#1329,.T.);
#1846=ORIENTED_EDGE('',*,*,#1330,.T.);
#1847=ORIENTED_EDGE('',*,*,#1331,.F.);
#1848=ORIENTED_EDGE('',*,*,#1330,.F.);
#1849=ORIENTED_EDGE('',*,*,#1332,.T.);
#1850=ORIENTED_EDGE('',*,*,#1333,.T.);
#1851=ORIENTED_EDGE('',*,*,#1334,.F.);
#1852=ORIENTED_EDGE('',*,*,#1333,.F.);
#1853=ORIENTED_EDGE('',*,*,#1335,.T.);
#1854=ORIENTED_EDGE('',*,*,#1336,.T.);
#1855=ORIENTED_EDGE('',*,*,#1337,.F.);
#1856=ORIENTED_EDGE('',*,*,#1336,.F.);
#1857=ORIENTED_EDGE('',*,*,#1338,.T.);
#1858=ORIENTED_EDGE('',*,*,#1339,.T.);
#1859=ORIENTED_EDGE('',*,*,#1340,.F.);
#1860=ORIENTED_EDGE('',*,*,#1339,.F.);
#1861=ORIENTED_EDGE('',*,*,#1341,.T.);
#1862=ORIENTED_EDGE('',*,*,#1342,.T.);
#1863=ORIENTED_EDGE('',*,*,#1343,.F.);
#1864=ORIENTED_EDGE('',*,*,#1342,.F.);
#1865=ORIENTED_EDGE('',*,*,#1344,.T.);
#1866=ORIENTED_EDGE('',*,*,#1345,.T.);
#1867=ORIENTED_EDGE('',*,*,#1346,.F.);
#1868=ORIENTED_EDGE('',*,*,#1345,.F.);
#1869=ORIENTED_EDGE('',*,*,#1347,.T.);
#1870=ORIENTED_EDGE('',*,*,#1348,.T.);
#1871=ORIENTED_EDGE('',*,*,#1349,.F.);
#1872=ORIENTED_EDGE('',*,*,#1348,.F.);
#1873=ORIENTED_EDGE('',*,*,#1350,.T.);
#1874=ORIENTED_EDGE('',*,*,#1316,.T.);
#1875=ORIENTED_EDGE('',*,*,#1317,.F.);
#1876=ORIENTED_EDGE('',*,*,#1350,.F.);
#1877=ORIENTED_EDGE('',*,*,#1347,.F.);
#1878=ORIENTED_EDGE('',*,*,#1344,.F.);
#1879=ORIENTED_EDGE('',*,*,#1341,.F.);
#1880=ORIENTED_EDGE('',*,*,#1338,.F.);
#1881=ORIENTED_EDGE('',*,*,#1335,.F.);
#1882=ORIENTED_EDGE('',*,*,#1332,.F.);
#1883=ORIENTED_EDGE('',*,*,#1329,.F.);
#1884=ORIENTED_EDGE('',*,*,#1326,.F.);
#1885=ORIENTED_EDGE('',*,*,#1323,.F.);
#1886=ORIENTED_EDGE('',*,*,#1320,.F.);
#1887=ORIENTED_EDGE('',*,*,#1351,.T.);
#1888=ORIENTED_EDGE('',*,*,#1315,.T.);
#1889=ORIENTED_EDGE('',*,*,#1319,.T.);
#1890=ORIENTED_EDGE('',*,*,#1322,.T.);
#1891=ORIENTED_EDGE('',*,*,#1325,.T.);
#1892=ORIENTED_EDGE('',*,*,#1328,.T.);
#1893=ORIENTED_EDGE('',*,*,#1331,.T.);
#1894=ORIENTED_EDGE('',*,*,#1334,.T.);
#1895=ORIENTED_EDGE('',*,*,#1337,.T.);
#1896=ORIENTED_EDGE('',*,*,#1340,.T.);
#1897=ORIENTED_EDGE('',*,*,#1343,.T.);
#1898=ORIENTED_EDGE('',*,*,#1346,.T.);
#1899=ORIENTED_EDGE('',*,*,#1349,.T.);
#1900=ORIENTED_EDGE('',*,*,#1312,.F.);
#1901=ORIENTED_EDGE('',*,*,#1352,.F.);
#1902=ORIENTED_EDGE('',*,*,#1353,.F.);
#1903=ORIENTED_EDGE('',*,*,#1354,.T.);
#1904=ORIENTED_EDGE('',*,*,#1351,.F.);
#1905=ORIENTED_EDGE('',*,*,#1354,.F.);
#1906=ORIENTED_EDGE('',*,*,#1352,.T.);
#1907=ORIENTED_EDGE('',*,*,#1353,.T.);
#1908=ORIENTED_EDGE('',*,*,#1355,.T.);
#1909=ORIENTED_EDGE('',*,*,#1307,.T.);
#1910=ORIENTED_EDGE('',*,*,#1355,.F.);
#1911=ORIENTED_EDGE('',*,*,#1311,.T.);
#1912=PLANE('',#2118);
#1913=PLANE('',#2121);
#1914=PLANE('',#2124);
#1915=PLANE('',#2131);
#1916=PLANE('',#2134);
#1917=PLANE('',#2137);
#1918=PLANE('',#2146);
#1919=PLANE('',#2148);
#1920=PLANE('',#2149);
#1921=PLANE('',#2155);
#1922=PLANE('',#2164);
#1923=PLANE('',#2174);
#1924=PLANE('',#2180);
#1925=PLANE('',#2208);
#1926=PLANE('',#2210);
#1927=PLANE('',#2212);
#1928=PLANE('',#2214);
#1929=PLANE('',#2216);
#1930=PLANE('',#2218);
#1931=PLANE('',#2224);
#1932=PLANE('',#2232);
#1933=PLANE('',#2236);
#1934=PLANE('',#2241);
#1935=PLANE('',#2244);
#1936=PLANE('',#2247);
#1937=PLANE('',#2250);
#1938=PLANE('',#2253);
#1939=PLANE('',#2256);
#1940=PLANE('',#2270);
#1941=PLANE('',#2272);
#1942=PLANE('',#2274);
#1943=PLANE('',#2276);
#1944=PLANE('',#2278);
#1945=PLANE('',#2280);
#1946=PLANE('',#2281);
#1947=PLANE('',#2282);
#1948=PLANE('',#2283);
#1949=PLANE('',#2284);
#1950=PLANE('',#2285);
#1951=PLANE('',#2286);
#1952=PLANE('',#2294);
#1953=PLANE('',#2307);
#1954=PLANE('',#2311);
#1955=PLANE('',#2315);
#1956=PLANE('',#2319);
#1957=PLANE('',#2323);
#1958=PLANE('',#2327);
#1959=PLANE('',#2331);
#1960=PLANE('',#2332);
#1961=PLANE('',#2334);
#1962=PLANE('',#2349);
#1963=PLANE('',#2353);
#1964=PLANE('',#2357);
#1965=PLANE('',#2361);
#1966=PLANE('',#2365);
#1967=PLANE('',#2369);
#1968=PLANE('',#2373);
#1969=PLANE('',#2374);
#1970=PLANE('',#2376);
#1971=PLANE('',#2382);
#1972=ADVANCED_FACE('',(#469,#433),#1912,.T.);
#1973=ADVANCED_FACE('',(#470,#434),#1913,.T.);
#1974=ADVANCED_FACE('',(#471,#435),#1914,.F.);
#1975=ADVANCED_FACE('',(#472),#382,.T.);
#1976=ADVANCED_FACE('',(#473),#383,.F.);
#1977=ADVANCED_FACE('',(#474),#384,.F.);
#1978=ADVANCED_FACE('',(#475,#436),#1915,.T.);
#1979=ADVANCED_FACE('',(#476),#385,.T.);
#1980=ADVANCED_FACE('',(#477,#437),#1916,.T.);
#1981=ADVANCED_FACE('',(#478,#438),#1917,.F.);
#1982=ADVANCED_FACE('',(#479),#386,.T.);
#1983=ADVANCED_FACE('',(#480),#387,.F.);
#1984=ADVANCED_FACE('',(#481),#388,.T.);
#1985=ADVANCED_FACE('',(#482),#1918,.T.);
#1986=ADVANCED_FACE('',(#483),#1919,.F.);
#1987=ADVANCED_FACE('',(#484),#1920,.F.);
#1988=ADVANCED_FACE('',(#485),#389,.F.);
#1989=ADVANCED_FACE('',(#486),#19,.T.);
#1990=ADVANCED_FACE('',(#487),#390,.T.);
#1991=ADVANCED_FACE('',(#488,#439,#440,#441,#442,#443,#444,#445),#1921,
 .T.);
#1992=ADVANCED_FACE('',(#489,#446,#447,#448,#449,#450,#451,#452),#1922,
 .F.);
#1993=ADVANCED_FACE('',(#490),#391,.T.);
#1994=ADVANCED_FACE('',(#491,#453),#1923,.T.);
#1995=ADVANCED_FACE('',(#492),#392,.F.);
#1996=ADVANCED_FACE('',(#493,#454),#1924,.T.);
#1997=ADVANCED_FACE('',(#494),#393,.F.);
#1998=ADVANCED_FACE('',(#495),#20,.T.);
#1999=ADVANCED_FACE('',(#496),#21,.F.);
#2000=ADVANCED_FACE('',(#497),#22,.T.);
#2001=ADVANCED_FACE('',(#498),#394,.F.);
#2002=ADVANCED_FACE('',(#499),#395,.F.);
#2003=ADVANCED_FACE('',(#500),#396,.F.);
#2004=ADVANCED_FACE('',(#501),#397,.F.);
#2005=ADVANCED_FACE('',(#502),#398,.F.);
#2006=ADVANCED_FACE('',(#503),#399,.F.);
#2007=ADVANCED_FACE('',(#504),#23,.F.);
#2008=ADVANCED_FACE('',(#505),#24,.F.);
#2009=ADVANCED_FACE('',(#506),#25,.F.);
#2010=ADVANCED_FACE('',(#507),#26,.F.);
#2011=ADVANCED_FACE('',(#508),#27,.F.);
#2012=ADVANCED_FACE('',(#509),#28,.F.);
#2013=ADVANCED_FACE('',(#510),#1925,.T.);
#2014=ADVANCED_FACE('',(#511),#1926,.T.);
#2015=ADVANCED_FACE('',(#512),#1927,.T.);
#2016=ADVANCED_FACE('',(#513),#1928,.T.);
#2017=ADVANCED_FACE('',(#514),#1929,.T.);
#2018=ADVANCED_FACE('',(#515),#1930,.T.);
#2019=ADVANCED_FACE('',(#516),#400,.T.);
#2020=ADVANCED_FACE('',(#517,#455,#456,#457,#458,#459,#460,#461),#1931,
 .T.);
#2021=ADVANCED_FACE('',(#518),#1932,.F.);
#2022=ADVANCED_FACE('',(#519),#401,.F.);
#2023=ADVANCED_FACE('',(#520),#1933,.T.);
#2024=ADVANCED_FACE('',(#521),#15,.T.);
#2025=ADVANCED_FACE('',(#522),#402,.F.);
#2026=ADVANCED_FACE('',(#523),#1934,.T.);
#2027=ADVANCED_FACE('',(#524),#403,.F.);
#2028=ADVANCED_FACE('',(#525),#1935,.T.);
#2029=ADVANCED_FACE('',(#526),#404,.F.);
#2030=ADVANCED_FACE('',(#527),#1936,.T.);
#2031=ADVANCED_FACE('',(#528),#405,.F.);
#2032=ADVANCED_FACE('',(#529),#1937,.T.);
#2033=ADVANCED_FACE('',(#530),#406,.F.);
#2034=ADVANCED_FACE('',(#531),#1938,.T.);
#2035=ADVANCED_FACE('',(#532),#407,.F.);
#2036=ADVANCED_FACE('',(#533),#1939,.T.);
#2037=ADVANCED_FACE('',(#534),#29,.T.);
#2038=ADVANCED_FACE('',(#535),#13,.F.);
#2039=ADVANCED_FACE('',(#536),#14,.F.);
#2040=ADVANCED_FACE('',(#537),#16,.T.);
#2041=ADVANCED_FACE('',(#538),#1940,.F.);
#2042=ADVANCED_FACE('',(#539),#1941,.F.);
#2043=ADVANCED_FACE('',(#540),#1942,.F.);
#2044=ADVANCED_FACE('',(#541),#1943,.F.);
#2045=ADVANCED_FACE('',(#542),#1944,.F.);
#2046=ADVANCED_FACE('',(#543),#1945,.F.);
#2047=ADVANCED_FACE('',(#544),#1946,.F.);
#2048=ADVANCED_FACE('',(#545),#1947,.F.);
#2049=ADVANCED_FACE('',(#546),#1948,.F.);
#2050=ADVANCED_FACE('',(#547),#1949,.F.);
#2051=ADVANCED_FACE('',(#548),#1950,.F.);
#2052=ADVANCED_FACE('',(#549,#462),#1951,.T.);
#2053=ADVANCED_FACE('',(#550),#1952,.F.);
#2054=ADVANCED_FACE('',(#551),#408,.T.);
#2055=ADVANCED_FACE('',(#552),#409,.T.);
#2056=ADVANCED_FACE('',(#553),#410,.T.);
#2057=ADVANCED_FACE('',(#554),#411,.T.);
#2058=ADVANCED_FACE('',(#555),#412,.T.);
#2059=ADVANCED_FACE('',(#556),#413,.T.);
#2060=ADVANCED_FACE('',(#557),#414,.T.);
#2061=ADVANCED_FACE('',(#558),#415,.T.);
#2062=ADVANCED_FACE('',(#559,#463),#1953,.F.);
#2063=ADVANCED_FACE('',(#560),#416,.T.);
#2064=ADVANCED_FACE('',(#561),#1954,.F.);
#2065=ADVANCED_FACE('',(#562),#417,.T.);
#2066=ADVANCED_FACE('',(#563),#1955,.F.);
#2067=ADVANCED_FACE('',(#564),#418,.T.);
#2068=ADVANCED_FACE('',(#565),#1956,.F.);
#2069=ADVANCED_FACE('',(#566),#419,.T.);
#2070=ADVANCED_FACE('',(#567),#1957,.F.);
#2071=ADVANCED_FACE('',(#568),#420,.T.);
#2072=ADVANCED_FACE('',(#569),#1958,.F.);
#2073=ADVANCED_FACE('',(#570),#421,.T.);
#2074=ADVANCED_FACE('',(#571),#1959,.F.);
#2075=ADVANCED_FACE('',(#572,#464),#1960,.T.);
#2076=ADVANCED_FACE('',(#573,#465),#1961,.F.);
#2077=ADVANCED_FACE('',(#574),#422,.T.);
#2078=ADVANCED_FACE('',(#575),#17,.T.);
#2079=ADVANCED_FACE('',(#576),#423,.F.);
#2080=ADVANCED_FACE('',(#577),#424,.F.);
#2081=ADVANCED_FACE('',(#578),#425,.F.);
#2082=ADVANCED_FACE('',(#579,#466),#1962,.T.);
#2083=ADVANCED_FACE('',(#580),#426,.F.);
#2084=ADVANCED_FACE('',(#581),#1963,.T.);
#2085=ADVANCED_FACE('',(#582),#427,.F.);
#2086=ADVANCED_FACE('',(#583),#1964,.T.);
#2087=ADVANCED_FACE('',(#584),#428,.F.);
#2088=ADVANCED_FACE('',(#585),#1965,.T.);
#2089=ADVANCED_FACE('',(#586),#429,.F.);
#2090=ADVANCED_FACE('',(#587),#1966,.T.);
#2091=ADVANCED_FACE('',(#588),#430,.F.);
#2092=ADVANCED_FACE('',(#589),#1967,.T.);
#2093=ADVANCED_FACE('',(#590),#431,.F.);
#2094=ADVANCED_FACE('',(#591),#1968,.T.);
#2095=ADVANCED_FACE('',(#592,#467),#1969,.F.);
#2096=ADVANCED_FACE('',(#593,#468),#1970,.T.);
#2097=ADVANCED_FACE('',(#594),#432,.F.);
#2098=ADVANCED_FACE('',(#595),#18,.F.);
#2099=ADVANCED_FACE('',(#596),#1971,.T.);
#2100=CLOSED_SHELL('',(#1972,#1973,#1974,#1975,#1976,#1977,#1978,#1979));
#2101=CLOSED_SHELL('',(#1980,#1981,#1982,#1983));
#2102=CLOSED_SHELL('',(#1984,#1985,#1986,#1987,#1988,#1989));
#2103=CLOSED_SHELL('',(#1990,#1991,#1992,#1993,#1994,#1995,#1996,#1997,
#1998,#1999,#2000,#2001,#2002,#2003,#2004,#2005,#2006,#2007,#2008,#2009,
#2010,#2011,#2012));
#2104=CLOSED_SHELL('',(#2013,#2014,#2015,#2016,#2017,#2018,#2019,#2020,
#2021,#2022,#2023,#2024,#2025,#2026,#2027,#2028,#2029,#2030,#2031,#2032,
#2033,#2034,#2035,#2036,#2037,#2038,#2039,#2040,#2041,#2042,#2043,#2044,
#2045,#2046,#2047,#2048,#2049,#2050,#2051,#2052,#2053,#2054,#2055,#2056,
#2057,#2058,#2059,#2060,#2061,#2062,#2063,#2064,#2065,#2066,#2067,#2068,
#2069,#2070,#2071,#2072,#2073,#2074,#2075,#2076,#2077,#2078,#2079,#2080,
#2081,#2082,#2083,#2084,#2085,#2086,#2087,#2088,#2089,#2090,#2091,#2092,
#2093,#2094,#2095,#2096,#2097,#2098,#2099));
#2105=DERIVED_UNIT_ELEMENT(#2107,1.);
#2106=DERIVED_UNIT_ELEMENT(#4629,-3.);
#2107=(
MASS_UNIT()
NAMED_UNIT(*)
SI_UNIT(.KILO.,.GRAM.)
);
#2108=DERIVED_UNIT((#2105,#2106));
#2109=MEASURE_REPRESENTATION_ITEM('density measure',
POSITIVE_RATIO_MEASURE(7850.),#2108);
#2110=PROPERTY_DEFINITION_REPRESENTATION(#2115,#2112);
#2111=PROPERTY_DEFINITION_REPRESENTATION(#2116,#2113);
#2112=REPRESENTATION('material name',(#2114),#4626);
#2113=REPRESENTATION('density',(#2109),#4626);
#2114=DESCRIPTIVE_REPRESENTATION_ITEM('Steel','Steel');
#2115=PROPERTY_DEFINITION('material property','material name',#4636);
#2116=PROPERTY_DEFINITION('material property','density of part',#4636);
#2117=AXIS2_PLACEMENT_3D('',#3045,#2383,#2384);
#2118=AXIS2_PLACEMENT_3D('',#3046,#2385,#2386);
#2119=AXIS2_PLACEMENT_3D('',#3048,#2387,#2388);
#2120=AXIS2_PLACEMENT_3D('',#3050,#2389,#2390);
#2121=AXIS2_PLACEMENT_3D('',#3051,#2391,#2392);
#2122=AXIS2_PLACEMENT_3D('',#3053,#2393,#2394);
#2123=AXIS2_PLACEMENT_3D('',#3055,#2395,#2396);
#2124=AXIS2_PLACEMENT_3D('',#3056,#2397,#2398);
#2125=AXIS2_PLACEMENT_3D('',#3058,#2399,#2400);
#2126=AXIS2_PLACEMENT_3D('',#3060,#2401,#2402);
#2127=AXIS2_PLACEMENT_3D('',#3061,#2403,#2404);
#2128=AXIS2_PLACEMENT_3D('',#3063,#2406,#2407);
#2129=AXIS2_PLACEMENT_3D('',#3065,#2409,#2410);
#2130=AXIS2_PLACEMENT_3D('',#3067,#2411,#2412);
#2131=AXIS2_PLACEMENT_3D('',#3069,#2414,#2415);
#2132=AXIS2_PLACEMENT_3D('',#3071,#2416,#2417);
#2133=AXIS2_PLACEMENT_3D('',#3072,#2418,#2419);
#2134=AXIS2_PLACEMENT_3D('',#3074,#2421,#2422);
#2135=AXIS2_PLACEMENT_3D('',#3076,#2423,#2424);
#2136=AXIS2_PLACEMENT_3D('',#3078,#2425,#2426);
#2137=AXIS2_PLACEMENT_3D('',#3079,#2427,#2428);
#2138=AXIS2_PLACEMENT_3D('',#3081,#2429,#2430);
#2139=AXIS2_PLACEMENT_3D('',#3083,#2431,#2432);
#2140=AXIS2_PLACEMENT_3D('',#3084,#2433,#2434);
#2141=AXIS2_PLACEMENT_3D('',#3086,#2436,#2437);
#2142=AXIS2_PLACEMENT_3D('',#3088,#2439,#2440);
#2143=AXIS2_PLACEMENT_3D('',#3090,#2441,#2442);
#2144=AXIS2_PLACEMENT_3D('',#3094,#2444,#2445);
#2145=AXIS2_PLACEMENT_3D('',#3122,#2448,#2449);
#2146=AXIS2_PLACEMENT_3D('',#3123,#2450,#2451);
#2147=AXIS2_PLACEMENT_3D('',#3127,#2453,#2454);
#2148=AXIS2_PLACEMENT_3D('',#3128,#2455,#2456);
#2149=AXIS2_PLACEMENT_3D('',#3129,#2457,#2458);
#2150=AXIS2_PLACEMENT_3D('',#3137,#2460,#2461);
#2151=AXIS2_PLACEMENT_3D('',#3138,#2462,#2463);
#2152=AXIS2_PLACEMENT_3D('',#3139,#2464,#2465);
#2153=AXIS2_PLACEMENT_3D('',#3141,#2466,#2467);
#2154=AXIS2_PLACEMENT_3D('',#3144,#2469,#2470);
#2155=AXIS2_PLACEMENT_3D('',#3145,#2471,#2472);
#2156=AXIS2_PLACEMENT_3D('',#3147,#2473,#2474);
#2157=AXIS2_PLACEMENT_3D('',#3149,#2475,#2476);
#2158=AXIS2_PLACEMENT_3D('',#3151,#2477,#2478);
#2159=AXIS2_PLACEMENT_3D('',#3153,#2479,#2480);
#2160=AXIS2_PLACEMENT_3D('',#3155,#2481,#2482);
#2161=AXIS2_PLACEMENT_3D('',#3157,#2483,#2484);
#2162=AXIS2_PLACEMENT_3D('',#3159,#2485,#2486);
#2163=AXIS2_PLACEMENT_3D('',#3161,#2487,#2488);
#2164=AXIS2_PLACEMENT_3D('',#3162,#2489,#2490);
#2165=AXIS2_PLACEMENT_3D('',#3164,#2491,#2492);
#2166=AXIS2_PLACEMENT_3D('',#3166,#2493,#2494);
#2167=AXIS2_PLACEMENT_3D('',#3168,#2495,#2496);
#2168=AXIS2_PLACEMENT_3D('',#3170,#2497,#2498);
#2169=AXIS2_PLACEMENT_3D('',#3172,#2499,#2500);
#2170=AXIS2_PLACEMENT_3D('',#3174,#2501,#2502);
#2171=AXIS2_PLACEMENT_3D('',#3176,#2503,#2504);
#2172=AXIS2_PLACEMENT_3D('',#3177,#2505,#2506);
#2173=AXIS2_PLACEMENT_3D('',#3180,#2508,#2509);
#2174=AXIS2_PLACEMENT_3D('',#3181,#2510,#2511);
#2175=AXIS2_PLACEMENT_3D('',#3183,#2512,#2513);
#2176=AXIS2_PLACEMENT_3D('',#3185,#2514,#2515);
#2177=AXIS2_PLACEMENT_3D('',#3186,#2516,#2517);
#2178=AXIS2_PLACEMENT_3D('',#3188,#2518,#2519);
#2179=AXIS2_PLACEMENT_3D('',#3191,#2521,#2522);
#2180=AXIS2_PLACEMENT_3D('',#3192,#2523,#2524);
#2181=AXIS2_PLACEMENT_3D('',#3194,#2525,#2526);
#2182=AXIS2_PLACEMENT_3D('',#3195,#2527,#2528);
#2183=AXIS2_PLACEMENT_3D('',#3197,#2530,#2531);
#2184=AXIS2_PLACEMENT_3D('',#3199,#2533,#2534);
#2185=AXIS2_PLACEMENT_3D('',#3201,#2536,#2537);
#2186=AXIS2_PLACEMENT_3D('',#3203,#2539,#2540);
#2187=AXIS2_PLACEMENT_3D('',#3206,#2542,#2543);
#2188=AXIS2_PLACEMENT_3D('',#3207,#2544,#2545);
#2189=AXIS2_PLACEMENT_3D('',#3210,#2547,#2548);
#2190=AXIS2_PLACEMENT_3D('',#3211,#2549,#2550);
#2191=AXIS2_PLACEMENT_3D('',#3215,#2552,#2553);
#2192=AXIS2_PLACEMENT_3D('',#3216,#2554,#2555);
#2193=AXIS2_PLACEMENT_3D('',#3217,#2556,#2557);
#2194=AXIS2_PLACEMENT_3D('',#3221,#2559,#2560);
#2195=AXIS2_PLACEMENT_3D('',#3222,#2561,#2562);
#2196=AXIS2_PLACEMENT_3D('',#3223,#2563,#2564);
#2197=AXIS2_PLACEMENT_3D('',#3227,#2566,#2567);
#2198=AXIS2_PLACEMENT_3D('',#3228,#2568,#2569);
#2199=AXIS2_PLACEMENT_3D('',#3229,#2570,#2571);
#2200=AXIS2_PLACEMENT_3D('',#3233,#2573,#2574);
#2201=AXIS2_PLACEMENT_3D('',#3234,#2575,#2576);
#2202=AXIS2_PLACEMENT_3D('',#3235,#2577,#2578);
#2203=AXIS2_PLACEMENT_3D('',#3237,#2580,#2581);
#2204=AXIS2_PLACEMENT_3D('',#3239,#2583,#2584);
#2205=AXIS2_PLACEMENT_3D('',#3241,#2586,#2587);
#2206=AXIS2_PLACEMENT_3D('',#3243,#2589,#2590);
#2207=AXIS2_PLACEMENT_3D('',#3245,#2592,#2593);
#2208=AXIS2_PLACEMENT_3D('',#3247,#2595,#2596);
#2209=AXIS2_PLACEMENT_3D('',#3250,#2597,#2598);
#2210=AXIS2_PLACEMENT_3D('',#3252,#2600,#2601);
#2211=AXIS2_PLACEMENT_3D('',#3255,#2602,#2603);
#2212=AXIS2_PLACEMENT_3D('',#3257,#2605,#2606);
#2213=AXIS2_PLACEMENT_3D('',#3260,#2607,#2608);
#2214=AXIS2_PLACEMENT_3D('',#3262,#2610,#2611);
#2215=AXIS2_PLACEMENT_3D('',#3265,#2612,#2613);
#2216=AXIS2_PLACEMENT_3D('',#3267,#2615,#2616);
#2217=AXIS2_PLACEMENT_3D('',#3270,#2617,#2618);
#2218=AXIS2_PLACEMENT_3D('',#3272,#2620,#2621);
#2219=AXIS2_PLACEMENT_3D('',#3275,#2622,#2623);
#2220=AXIS2_PLACEMENT_3D('',#3277,#2625,#2626);
#2221=AXIS2_PLACEMENT_3D('',#3280,#2627,#2628);
#2222=AXIS2_PLACEMENT_3D('',#3282,#2629,#2630);
#2223=AXIS2_PLACEMENT_3D('',#3434,#2632,#2633);
#2224=AXIS2_PLACEMENT_3D('',#3574,#2634,#2635);
#2225=AXIS2_PLACEMENT_3D('',#3576,#2636,#2637);
#2226=AXIS2_PLACEMENT_3D('',#3578,#2638,#2639);
#2227=AXIS2_PLACEMENT_3D('',#3580,#2640,#2641);
#2228=AXIS2_PLACEMENT_3D('',#3582,#2642,#2643);
#2229=AXIS2_PLACEMENT_3D('',#3584,#2644,#2645);
#2230=AXIS2_PLACEMENT_3D('',#3586,#2646,#2647);
#2231=AXIS2_PLACEMENT_3D('',#3588,#2648,#2649);
#2232=AXIS2_PLACEMENT_3D('',#3589,#2650,#2651);
#2233=AXIS2_PLACEMENT_3D('',#3591,#2652,#2653);
#2234=AXIS2_PLACEMENT_3D('',#3592,#2654,#2655);
#2235=AXIS2_PLACEMENT_3D('',#3594,#2656,#2657);
#2236=AXIS2_PLACEMENT_3D('',#3596,#2659,#2660);
#2237=AXIS2_PLACEMENT_3D('',#3597,#2661,#2662);
#2238=AXIS2_PLACEMENT_3D('',#3607,#2663,#2664);
#2239=AXIS2_PLACEMENT_3D('',#3608,#2665,#2666);
#2240=AXIS2_PLACEMENT_3D('',#3610,#2667,#2668);
#2241=AXIS2_PLACEMENT_3D('',#3612,#2670,#2671);
#2242=AXIS2_PLACEMENT_3D('',#3613,#2672,#2673);
#2243=AXIS2_PLACEMENT_3D('',#3615,#2674,#2675);
#2244=AXIS2_PLACEMENT_3D('',#3617,#2677,#2678);
#2245=AXIS2_PLACEMENT_3D('',#3618,#2679,#2680);
#2246=AXIS2_PLACEMENT_3D('',#3620,#2681,#2682);
#2247=AXIS2_PLACEMENT_3D('',#3622,#2684,#2685);
#2248=AXIS2_PLACEMENT_3D('',#3623,#2686,#2687);
#2249=AXIS2_PLACEMENT_3D('',#3625,#2688,#2689);
#2250=AXIS2_PLACEMENT_3D('',#3627,#2691,#2692);
#2251=AXIS2_PLACEMENT_3D('',#3628,#2693,#2694);
#2252=AXIS2_PLACEMENT_3D('',#3630,#2695,#2696);
#2253=AXIS2_PLACEMENT_3D('',#3632,#2698,#2699);
#2254=AXIS2_PLACEMENT_3D('',#3633,#2700,#2701);
#2255=AXIS2_PLACEMENT_3D('',#3635,#2702,#2703);
#2256=AXIS2_PLACEMENT_3D('',#3637,#2705,#2706);
#2257=AXIS2_PLACEMENT_3D('',#3638,#2707,#2708);
#2258=AXIS2_PLACEMENT_3D('',#3971,#2710,#2711);
#2259=AXIS2_PLACEMENT_3D('',#4299,#2712,#2713);
#2260=AXIS2_PLACEMENT_3D('',#4300,#2714,#2715);
#2261=AXIS2_PLACEMENT_3D('',#4328,#2716,#2717);
#2262=AXIS2_PLACEMENT_3D('',#4329,#2718,#2719);
#2263=AXIS2_PLACEMENT_3D('',#4330,#2720,#2721);
#2264=AXIS2_PLACEMENT_3D('',#4331,#2722,#2723);
#2265=AXIS2_PLACEMENT_3D('',#4333,#2724,#2725);
#2266=AXIS2_PLACEMENT_3D('',#4334,#2726,#2727);
#2267=AXIS2_PLACEMENT_3D('',#4335,#2728,#2729);
#2268=AXIS2_PLACEMENT_3D('',#4336,#2730,#2731);
#2269=AXIS2_PLACEMENT_3D('',#4337,#2732,#2733);
#2270=AXIS2_PLACEMENT_3D('',#4338,#2734,#2735);
#2271=AXIS2_PLACEMENT_3D('',#4342,#2737,#2738);
#2272=AXIS2_PLACEMENT_3D('',#4344,#2740,#2741);
#2273=AXIS2_PLACEMENT_3D('',#4348,#2743,#2744);
#2274=AXIS2_PLACEMENT_3D('',#4350,#2746,#2747);
#2275=AXIS2_PLACEMENT_3D('',#4354,#2749,#2750);
#2276=AXIS2_PLACEMENT_3D('',#4356,#2752,#2753);
#2277=AXIS2_PLACEMENT_3D('',#4360,#2755,#2756);
#2278=AXIS2_PLACEMENT_3D('',#4362,#2758,#2759);
#2279=AXIS2_PLACEMENT_3D('',#4366,#2761,#2762);
#2280=AXIS2_PLACEMENT_3D('',#4368,#2764,#2765);
#2281=AXIS2_PLACEMENT_3D('',#4376,#2770,#2771);
#2282=AXIS2_PLACEMENT_3D('',#4382,#2775,#2776);
#2283=AXIS2_PLACEMENT_3D('',#4388,#2780,#2781);
#2284=AXIS2_PLACEMENT_3D('',#4394,#2785,#2786);
#2285=AXIS2_PLACEMENT_3D('',#4400,#2790,#2791);
#2286=AXIS2_PLACEMENT_3D('',#4408,#2796,#2797);
#2287=AXIS2_PLACEMENT_3D('',#4409,#2798,#2799);
#2288=AXIS2_PLACEMENT_3D('',#4410,#2800,#2801);
#2289=AXIS2_PLACEMENT_3D('',#4411,#2802,#2803);
#2290=AXIS2_PLACEMENT_3D('',#4412,#2804,#2805);
#2291=AXIS2_PLACEMENT_3D('',#4413,#2806,#2807);
#2292=AXIS2_PLACEMENT_3D('',#4414,#2808,#2809);
#2293=AXIS2_PLACEMENT_3D('',#4416,#2810,#2811);
#2294=AXIS2_PLACEMENT_3D('',#4417,#2812,#2813);
#2295=AXIS2_PLACEMENT_3D('',#4418,#2814,#2815);
#2296=AXIS2_PLACEMENT_3D('',#4419,#2816,#2817);
#2297=AXIS2_PLACEMENT_3D('',#4420,#2818,#2819);
#2298=AXIS2_PLACEMENT_3D('',#4421,#2820,#2821);
#2299=AXIS2_PLACEMENT_3D('',#4422,#2822,#2823);
#2300=AXIS2_PLACEMENT_3D('',#4423,#2824,#2825);
#2301=AXIS2_PLACEMENT_3D('',#4424,#2826,#2827);
#2302=AXIS2_PLACEMENT_3D('',#4425,#2828,#2829);
#2303=AXIS2_PLACEMENT_3D('',#4428,#2831,#2832);
#2304=AXIS2_PLACEMENT_3D('',#4429,#2833,#2834);
#2305=AXIS2_PLACEMENT_3D('',#4431,#2835,#2836);
#2306=AXIS2_PLACEMENT_3D('',#4434,#2838,#2839);
#2307=AXIS2_PLACEMENT_3D('',#4435,#2840,#2841);
#2308=AXIS2_PLACEMENT_3D('',#4436,#2842,#2843);
#2309=AXIS2_PLACEMENT_3D('',#4439,#2844,#2845);
#2310=AXIS2_PLACEMENT_3D('',#4443,#2847,#2848);
#2311=AXIS2_PLACEMENT_3D('',#4445,#2850,#2851);
#2312=AXIS2_PLACEMENT_3D('',#4451,#2855,#2856);
#2313=AXIS2_PLACEMENT_3D('',#4453,#2857,#2858);
#2314=AXIS2_PLACEMENT_3D('',#4456,#2860,#2861);
#2315=AXIS2_PLACEMENT_3D('',#4457,#2862,#2863);
#2316=AXIS2_PLACEMENT_3D('',#4463,#2867,#2868);
#2317=AXIS2_PLACEMENT_3D('',#4465,#2869,#2870);
#2318=AXIS2_PLACEMENT_3D('',#4468,#2872,#2873);
#2319=AXIS2_PLACEMENT_3D('',#4469,#2874,#2875);
#2320=AXIS2_PLACEMENT_3D('',#4475,#2879,#2880);
#2321=AXIS2_PLACEMENT_3D('',#4477,#2881,#2882);
#2322=AXIS2_PLACEMENT_3D('',#4480,#2884,#2885);
#2323=AXIS2_PLACEMENT_3D('',#4481,#2886,#2887);
#2324=AXIS2_PLACEMENT_3D('',#4487,#2891,#2892);
#2325=AXIS2_PLACEMENT_3D('',#4489,#2893,#2894);
#2326=AXIS2_PLACEMENT_3D('',#4492,#2896,#2897);
#2327=AXIS2_PLACEMENT_3D('',#4493,#2898,#2899);
#2328=AXIS2_PLACEMENT_3D('',#4499,#2903,#2904);
#2329=AXIS2_PLACEMENT_3D('',#4501,#2905,#2906);
#2330=AXIS2_PLACEMENT_3D('',#4504,#2908,#2909);
#2331=AXIS2_PLACEMENT_3D('',#4505,#2910,#2911);
#2332=AXIS2_PLACEMENT_3D('',#4508,#2914,#2915);
#2333=AXIS2_PLACEMENT_3D('',#4510,#2916,#2917);
#2334=AXIS2_PLACEMENT_3D('',#4511,#2918,#2919);
#2335=AXIS2_PLACEMENT_3D('',#4512,#2920,#2921);
#2336=AXIS2_PLACEMENT_3D('',#4516,#2923,#2924);
#2337=AXIS2_PLACEMENT_3D('',#4517,#2925,#2926);
#2338=AXIS2_PLACEMENT_3D('',#4518,#2927,#2928);
#2339=AXIS2_PLACEMENT_3D('',#4520,#2929,#2930);
#2340=AXIS2_PLACEMENT_3D('',#4521,#2931,#2932);
#2341=AXIS2_PLACEMENT_3D('',#4522,#2933,#2934);
#2342=AXIS2_PLACEMENT_3D('',#4524,#2935,#2936);
#2343=AXIS2_PLACEMENT_3D('',#4526,#2938,#2939);
#2344=AXIS2_PLACEMENT_3D('',#4528,#2940,#2941);
#2345=AXIS2_PLACEMENT_3D('',#4531,#2943,#2944);
#2346=AXIS2_PLACEMENT_3D('',#4532,#2945,#2946);
#2347=AXIS2_PLACEMENT_3D('',#4534,#2947,#2948);
#2348=AXIS2_PLACEMENT_3D('',#4537,#2950,#2951);
#2349=AXIS2_PLACEMENT_3D('',#4538,#2952,#2953);
#2350=AXIS2_PLACEMENT_3D('',#4539,#2954,#2955);
#2351=AXIS2_PLACEMENT_3D('',#4542,#2956,#2957);
#2352=AXIS2_PLACEMENT_3D('',#4546,#2959,#2960);
#2353=AXIS2_PLACEMENT_3D('',#4548,#2962,#2963);
#2354=AXIS2_PLACEMENT_3D('',#4554,#2967,#2968);
#2355=AXIS2_PLACEMENT_3D('',#4556,#2969,#2970);
#2356=AXIS2_PLACEMENT_3D('',#4558,#2971,#2972);
#2357=AXIS2_PLACEMENT_3D('',#4560,#2974,#2975);
#2358=AXIS2_PLACEMENT_3D('',#4566,#2979,#2980);
#2359=AXIS2_PLACEMENT_3D('',#4568,#2981,#2982);
#2360=AXIS2_PLACEMENT_3D('',#4570,#2983,#2984);
#2361=AXIS2_PLACEMENT_3D('',#4572,#2986,#2987);
#2362=AXIS2_PLACEMENT_3D('',#4578,#2991,#2992);
#2363=AXIS2_PLACEMENT_3D('',#4580,#2993,#2994);
#2364=AXIS2_PLACEMENT_3D('',#4582,#2995,#2996);
#2365=AXIS2_PLACEMENT_3D('',#4584,#2998,#2999);
#2366=AXIS2_PLACEMENT_3D('',#4590,#3003,#3004);
#2367=AXIS2_PLACEMENT_3D('',#4592,#3005,#3006);
#2368=AXIS2_PLACEMENT_3D('',#4594,#3007,#3008);
#2369=AXIS2_PLACEMENT_3D('',#4596,#3010,#3011);
#2370=AXIS2_PLACEMENT_3D('',#4602,#3015,#3016);
#2371=AXIS2_PLACEMENT_3D('',#4604,#3017,#3018);
#2372=AXIS2_PLACEMENT_3D('',#4606,#3019,#3020);
#2373=AXIS2_PLACEMENT_3D('',#4608,#3022,#3023);
#2374=AXIS2_PLACEMENT_3D('',#4611,#3026,#3027);
#2375=AXIS2_PLACEMENT_3D('',#4613,#3028,#3029);
#2376=AXIS2_PLACEMENT_3D('',#4614,#3030,#3031);
#2377=AXIS2_PLACEMENT_3D('',#4615,#3032,#3033);
#2378=AXIS2_PLACEMENT_3D('',#4618,#3034,#3035);
#2379=AXIS2_PLACEMENT_3D('',#4619,#3036,#3037);
#2380=AXIS2_PLACEMENT_3D('',#4621,#3039,#3040);
#2381=AXIS2_PLACEMENT_3D('',#4622,#3041,#3042);
#2382=AXIS2_PLACEMENT_3D('',#4623,#3043,#3044);
#2383=DIRECTION('axis',(0.,0.,1.));
#2384=DIRECTION('refdir',(1.,0.,0.));
#2385=DIRECTION('center_axis',(0.,1.,0.));
#2386=DIRECTION('ref_axis',(0.,0.,1.));
#2387=DIRECTION('center_axis',(0.,1.,0.));
#2388=DIRECTION('ref_axis',(0.,0.,1.));
#2389=DIRECTION('center_axis',(0.,1.,0.));
#2390=DIRECTION('ref_axis',(0.,0.,1.));
#2391=DIRECTION('center_axis',(0.,1.,0.));
#2392=DIRECTION('ref_axis',(0.,0.,1.));
#2393=DIRECTION('center_axis',(0.,1.,0.));
#2394=DIRECTION('ref_axis',(0.,0.,1.));
#2395=DIRECTION('center_axis',(0.,1.,0.));
#2396=DIRECTION('ref_axis',(0.,0.,1.));
#2397=DIRECTION('center_axis',(0.,1.,0.));
#2398=DIRECTION('ref_axis',(0.,0.,1.));
#2399=DIRECTION('center_axis',(0.,1.,0.));
#2400=DIRECTION('ref_axis',(0.,0.,1.));
#2401=DIRECTION('center_axis',(0.,1.,0.));
#2402=DIRECTION('ref_axis',(0.,0.,1.));
#2403=DIRECTION('center_axis',(0.,-1.,0.));
#2404=DIRECTION('ref_axis',(0.,0.,-1.));
#2405=DIRECTION('',(0.,1.,0.));
#2406=DIRECTION('center_axis',(0.,-1.,0.));
#2407=DIRECTION('ref_axis',(0.,0.,-1.));
#2408=DIRECTION('',(0.,-1.,0.));
#2409=DIRECTION('center_axis',(0.,1.,0.));
#2410=DIRECTION('ref_axis',(0.,0.,1.));
#2411=DIRECTION('center_axis',(0.,1.,0.));
#2412=DIRECTION('ref_axis',(0.,0.,1.));
#2413=DIRECTION('',(0.,1.,0.));
#2414=DIRECTION('center_axis',(0.,1.,0.));
#2415=DIRECTION('ref_axis',(0.,0.,1.));
#2416=DIRECTION('center_axis',(0.,1.,0.));
#2417=DIRECTION('ref_axis',(0.,0.,1.));
#2418=DIRECTION('center_axis',(0.,1.,0.));
#2419=DIRECTION('ref_axis',(0.,0.,1.));
#2420=DIRECTION('',(0.,-1.,0.));
#2421=DIRECTION('center_axis',(0.,1.,0.));
#2422=DIRECTION('ref_axis',(0.,0.,1.));
#2423=DIRECTION('center_axis',(0.,1.,0.));
#2424=DIRECTION('ref_axis',(0.,0.,1.));
#2425=DIRECTION('center_axis',(0.,1.,0.));
#2426=DIRECTION('ref_axis',(0.,0.,1.));
#2427=DIRECTION('center_axis',(0.,1.,0.));
#2428=DIRECTION('ref_axis',(0.,0.,1.));
#2429=DIRECTION('center_axis',(0.,1.,0.));
#2430=DIRECTION('ref_axis',(0.,0.,1.));
#2431=DIRECTION('center_axis',(0.,1.,0.));
#2432=DIRECTION('ref_axis',(0.,0.,1.));
#2433=DIRECTION('center_axis',(0.,-1.,0.));
#2434=DIRECTION('ref_axis',(0.,0.,-1.));
#2435=DIRECTION('',(0.,1.,0.));
#2436=DIRECTION('center_axis',(0.,-1.,0.));
#2437=DIRECTION('ref_axis',(0.,0.,-1.));
#2438=DIRECTION('',(0.,-1.,0.));
#2439=DIRECTION('center_axis',(0.,-1.,0.));
#2440=DIRECTION('ref_axis',(0.,0.,-1.));
#2441=DIRECTION('center_axis',(0.,1.,0.));
#2442=DIRECTION('ref_axis',(0.,0.,1.));
#2443=DIRECTION('',(0.,1.,0.));
#2444=DIRECTION('center_axis',(0.,1.,0.));
#2445=DIRECTION('ref_axis',(0.,0.,1.));
#2446=DIRECTION('',(0.,1.,0.));
#2447=DIRECTION('',(0.,1.,0.));
#2448=DIRECTION('center_axis',(0.,1.,0.));
#2449=DIRECTION('ref_axis',(0.,0.,1.));
#2450=DIRECTION('center_axis',(0.,1.,0.));
#2451=DIRECTION('ref_axis',(0.,0.,1.));
#2452=DIRECTION('',(0.230055199335721,0.,0.973177581563921));
#2453=DIRECTION('center_axis',(0.,1.,0.));
#2454=DIRECTION('ref_axis',(0.,0.,1.));
#2455=DIRECTION('center_axis',(0.,1.,0.));
#2456=DIRECTION('ref_axis',(0.,0.,1.));
#2457=DIRECTION('center_axis',(-0.973177581563921,0.,0.230055199335721));
#2458=DIRECTION('ref_axis',(0.230055199335721,0.,0.973177581563921));
#2459=DIRECTION('',(0.230055199335721,0.,0.973177581563921));
#2460=DIRECTION('center_axis',(0.230055199335721,0.,0.973177581563921));
#2461=DIRECTION('ref_axis',(0.973177581563921,0.,-0.230055199335721));
#2462=DIRECTION('center_axis',(0.,-1.,0.));
#2463=DIRECTION('ref_axis',(-0.97317758156392,0.,0.230055199335723));
#2464=DIRECTION('center_axis',(0.,-1.,0.));
#2465=DIRECTION('ref_axis',(0.,0.,-1.));
#2466=DIRECTION('center_axis',(0.,1.,0.));
#2467=DIRECTION('ref_axis',(0.,0.,1.));
#2468=DIRECTION('',(0.,1.,0.));
#2469=DIRECTION('center_axis',(0.,1.,0.));
#2470=DIRECTION('ref_axis',(0.,0.,1.));
#2471=DIRECTION('center_axis',(0.,1.,0.));
#2472=DIRECTION('ref_axis',(0.,0.,1.));
#2473=DIRECTION('center_axis',(0.,1.,0.));
#2474=DIRECTION('ref_axis',(0.,0.,1.));
#2475=DIRECTION('center_axis',(0.,1.,0.));
#2476=DIRECTION('ref_axis',(0.,0.,1.));
#2477=DIRECTION('center_axis',(0.,1.,0.));
#2478=DIRECTION('ref_axis',(0.,0.,1.));
#2479=DIRECTION('center_axis',(0.,1.,0.));
#2480=DIRECTION('ref_axis',(0.,0.,1.));
#2481=DIRECTION('center_axis',(0.,1.,0.));
#2482=DIRECTION('ref_axis',(0.,0.,1.));
#2483=DIRECTION('center_axis',(0.,1.,0.));
#2484=DIRECTION('ref_axis',(0.,0.,1.));
#2485=DIRECTION('center_axis',(0.,1.,0.));
#2486=DIRECTION('ref_axis',(0.,0.,1.));
#2487=DIRECTION('center_axis',(0.,1.,0.));
#2488=DIRECTION('ref_axis',(0.,0.,1.));
#2489=DIRECTION('center_axis',(0.,1.,0.));
#2490=DIRECTION('ref_axis',(0.,0.,1.));
#2491=DIRECTION('center_axis',(0.,1.,0.));
#2492=DIRECTION('ref_axis',(0.866025403784436,0.,-0.500000000000004));
#2493=DIRECTION('center_axis',(0.,1.,0.));
#2494=DIRECTION('ref_axis',(-0.866025403784443,0.,-0.499999999999992));
#2495=DIRECTION('center_axis',(0.,1.,0.));
#2496=DIRECTION('ref_axis',(0.866025403784436,0.,-0.500000000000004));
#2497=DIRECTION('center_axis',(0.,1.,0.));
#2498=DIRECTION('ref_axis',(-0.866025403784443,0.,-0.499999999999992));
#2499=DIRECTION('center_axis',(0.,1.,0.));
#2500=DIRECTION('ref_axis',(0.,0.,1.));
#2501=DIRECTION('center_axis',(0.,1.,0.));
#2502=DIRECTION('ref_axis',(0.,0.,1.));
#2503=DIRECTION('center_axis',(0.,1.,0.));
#2504=DIRECTION('ref_axis',(0.,0.,1.));
#2505=DIRECTION('center_axis',(0.,-1.,0.));
#2506=DIRECTION('ref_axis',(0.,0.,-1.));
#2507=DIRECTION('',(0.,1.,0.));
#2508=DIRECTION('center_axis',(0.,1.,0.));
#2509=DIRECTION('ref_axis',(0.,0.,1.));
#2510=DIRECTION('center_axis',(0.,1.,0.));
#2511=DIRECTION('ref_axis',(0.,0.,1.));
#2512=DIRECTION('center_axis',(0.,1.,0.));
#2513=DIRECTION('ref_axis',(0.,0.,1.));
#2514=DIRECTION('center_axis',(0.,1.,0.));
#2515=DIRECTION('ref_axis',(0.,0.,1.));
#2516=DIRECTION('center_axis',(0.,1.,0.));
#2517=DIRECTION('ref_axis',(0.,0.,1.));
#2518=DIRECTION('center_axis',(0.,1.,0.));
#2519=DIRECTION('ref_axis',(0.,0.,1.));
#2520=DIRECTION('',(0.,1.,0.));
#2521=DIRECTION('center_axis',(0.,1.,0.));
#2522=DIRECTION('ref_axis',(0.,0.,1.));
#2523=DIRECTION('center_axis',(0.,1.,0.));
#2524=DIRECTION('ref_axis',(0.,0.,1.));
#2525=DIRECTION('center_axis',(0.,1.,0.));
#2526=DIRECTION('ref_axis',(0.,0.,1.));
#2527=DIRECTION('center_axis',(0.,1.,0.));
#2528=DIRECTION('ref_axis',(0.,0.,1.));
#2529=DIRECTION('',(0.,1.,0.));
#2530=DIRECTION('center_axis',(0.,-1.,0.));
#2531=DIRECTION('ref_axis',(0.,0.,-1.));
#2532=DIRECTION('',(8.65956056235478E-17,0.70710678118656,-0.707106781186535));
#2533=DIRECTION('center_axis',(0.,1.,0.));
#2534=DIRECTION('ref_axis',(0.,0.,1.));
#2535=DIRECTION('',(-8.65956056235489E-17,0.707106781186551,-0.707106781186544));
#2536=DIRECTION('center_axis',(0.,-1.,0.));
#2537=DIRECTION('ref_axis',(0.,0.,-1.));
#2538=DIRECTION('',(8.65956056235486E-17,0.707106781186554,-0.707106781186541));
#2539=DIRECTION('center_axis',(0.,1.,0.));
#2540=DIRECTION('ref_axis',(0.,0.,1.));
#2541=DIRECTION('',(0.,1.,0.));
#2542=DIRECTION('center_axis',(0.,1.,0.));
#2543=DIRECTION('ref_axis',(0.,0.,1.));
#2544=DIRECTION('center_axis',(0.,1.,0.));
#2545=DIRECTION('ref_axis',(0.,0.,1.));
#2546=DIRECTION('',(0.,1.,0.));
#2547=DIRECTION('center_axis',(0.,1.,0.));
#2548=DIRECTION('ref_axis',(0.,0.,1.));
#2549=DIRECTION('center_axis',(0.,1.,0.));
#2550=DIRECTION('ref_axis',(-0.866025403784443,0.,-0.499999999999992));
#2551=DIRECTION('',(0.,1.,0.));
#2552=DIRECTION('center_axis',(0.,1.,0.));
#2553=DIRECTION('ref_axis',(0.,0.,1.));
#2554=DIRECTION('center_axis',(0.,1.,0.));
#2555=DIRECTION('ref_axis',(0.,0.,1.));
#2556=DIRECTION('center_axis',(0.,1.,0.));
#2557=DIRECTION('ref_axis',(0.866025403784436,0.,-0.500000000000004));
#2558=DIRECTION('',(0.,1.,0.));
#2559=DIRECTION('center_axis',(0.,1.,0.));
#2560=DIRECTION('ref_axis',(0.,0.,1.));
#2561=DIRECTION('center_axis',(0.,1.,0.));
#2562=DIRECTION('ref_axis',(0.,0.,1.));
#2563=DIRECTION('center_axis',(0.,1.,0.));
#2564=DIRECTION('ref_axis',(-0.866025403784443,0.,-0.499999999999992));
#2565=DIRECTION('',(0.,1.,0.));
#2566=DIRECTION('center_axis',(0.,1.,0.));
#2567=DIRECTION('ref_axis',(0.,0.,1.));
#2568=DIRECTION('center_axis',(0.,1.,0.));
#2569=DIRECTION('ref_axis',(0.,0.,1.));
#2570=DIRECTION('center_axis',(0.,1.,0.));
#2571=DIRECTION('ref_axis',(0.866025403784436,0.,-0.500000000000004));
#2572=DIRECTION('',(0.,1.,0.));
#2573=DIRECTION('center_axis',(0.,1.,0.));
#2574=DIRECTION('ref_axis',(0.,0.,1.));
#2575=DIRECTION('center_axis',(0.,1.,0.));
#2576=DIRECTION('ref_axis',(0.,0.,1.));
#2577=DIRECTION('center_axis',(0.,1.,0.));
#2578=DIRECTION('ref_axis',(0.,0.,1.));
#2579=DIRECTION('',(-8.65956056235481E-17,0.707106781186557,-0.707106781186537));
#2580=DIRECTION('center_axis',(0.,1.,0.));
#2581=DIRECTION('ref_axis',(0.,0.,1.));
#2582=DIRECTION('',(-8.65956056235453E-17,0.707106781186581,-0.707106781186515));
#2583=DIRECTION('center_axis',(0.,1.,0.));
#2584=DIRECTION('ref_axis',(0.,0.,1.));
#2585=DIRECTION('',(-8.65956056235472E-17,0.707106781186565,-0.70710678118653));
#2586=DIRECTION('center_axis',(0.,1.,0.));
#2587=DIRECTION('ref_axis',(0.,0.,1.));
#2588=DIRECTION('',(-8.65956056235502E-17,0.707106781186541,-0.707106781186554));
#2589=DIRECTION('center_axis',(0.,1.,0.));
#2590=DIRECTION('ref_axis',(0.,0.,1.));
#2591=DIRECTION('',(-8.65956056235456E-17,0.707106781186578,-0.707106781186517));
#2592=DIRECTION('center_axis',(0.,1.,0.));
#2593=DIRECTION('ref_axis',(0.,0.,1.));
#2594=DIRECTION('',(-8.65956056235458E-17,0.707106781186577,-0.707106781186518));
#2595=DIRECTION('center_axis',(0.,0.,1.));
#2596=DIRECTION('ref_axis',(1.,0.,0.));
#2597=DIRECTION('center_axis',(0.,0.,1.));
#2598=DIRECTION('ref_axis',(1.,0.,0.));
#2599=DIRECTION('',(-0.5,0.866025403784438,0.));
#2600=DIRECTION('center_axis',(0.,0.,1.));
#2601=DIRECTION('ref_axis',(1.,0.,0.));
#2602=DIRECTION('center_axis',(0.,0.,1.));
#2603=DIRECTION('ref_axis',(1.,0.,0.));
#2604=DIRECTION('',(-1.,-1.37946413801456E-15,0.));
#2605=DIRECTION('center_axis',(0.,0.,1.));
#2606=DIRECTION('ref_axis',(1.,0.,0.));
#2607=DIRECTION('center_axis',(0.,0.,1.));
#2608=DIRECTION('ref_axis',(1.,0.,0.));
#2609=DIRECTION('',(-0.5,-0.866025403784438,0.));
#2610=DIRECTION('center_axis',(0.,0.,1.));
#2611=DIRECTION('ref_axis',(1.,0.,0.));
#2612=DIRECTION('center_axis',(0.,0.,1.));
#2613=DIRECTION('ref_axis',(1.,0.,0.));
#2614=DIRECTION('',(0.5,-0.866025403784438,0.));
#2615=DIRECTION('center_axis',(0.,0.,1.));
#2616=DIRECTION('ref_axis',(1.,0.,0.));
#2617=DIRECTION('center_axis',(0.,0.,1.));
#2618=DIRECTION('ref_axis',(1.,0.,0.));
#2619=DIRECTION('',(1.,0.,0.));
#2620=DIRECTION('center_axis',(0.,0.,1.));
#2621=DIRECTION('ref_axis',(1.,0.,0.));
#2622=DIRECTION('center_axis',(0.,0.,1.));
#2623=DIRECTION('ref_axis',(1.,0.,0.));
#2624=DIRECTION('',(0.499999999999999,0.866025403784439,0.));
#2625=DIRECTION('center_axis',(0.,-1.,0.));
#2626=DIRECTION('ref_axis',(0.,0.,-1.));
#2627=DIRECTION('center_axis',(0.,1.,0.));
#2628=DIRECTION('ref_axis',(0.,0.,1.));
#2629=DIRECTION('center_axis',(0.,1.,0.));
#2630=DIRECTION('ref_axis',(0.,0.,1.));
#2631=DIRECTION('',(0.,1.,0.));
#2632=DIRECTION('center_axis',(0.,1.,0.));
#2633=DIRECTION('ref_axis',(0.,0.,1.));
#2634=DIRECTION('center_axis',(0.,1.,0.));
#2635=DIRECTION('ref_axis',(0.,0.,1.));
#2636=DIRECTION('center_axis',(0.,1.,0.));
#2637=DIRECTION('ref_axis',(0.866025403784436,0.,-0.500000000000004));
#2638=DIRECTION('center_axis',(0.,1.,0.));
#2639=DIRECTION('ref_axis',(-0.866025403784443,0.,-0.499999999999992));
#2640=DIRECTION('center_axis',(0.,1.,0.));
#2641=DIRECTION('ref_axis',(0.866025403784436,0.,-0.500000000000004));
#2642=DIRECTION('center_axis',(0.,1.,0.));
#2643=DIRECTION('ref_axis',(-0.866025403784443,0.,-0.499999999999992));
#2644=DIRECTION('center_axis',(0.,1.,0.));
#2645=DIRECTION('ref_axis',(0.,0.,1.));
#2646=DIRECTION('center_axis',(0.,1.,0.));
#2647=DIRECTION('ref_axis',(0.,0.,1.));
#2648=DIRECTION('center_axis',(0.,1.,0.));
#2649=DIRECTION('ref_axis',(0.,0.,1.));
#2650=DIRECTION('center_axis',(0.,1.,0.));
#2651=DIRECTION('ref_axis',(0.,0.,1.));
#2652=DIRECTION('center_axis',(0.,1.,0.));
#2653=DIRECTION('ref_axis',(0.,0.,1.));
#2654=DIRECTION('center_axis',(0.,1.,0.));
#2655=DIRECTION('ref_axis',(0.,0.,1.));
#2656=DIRECTION('center_axis',(0.,1.,0.));
#2657=DIRECTION('ref_axis',(0.,0.,1.));
#2658=DIRECTION('',(0.,1.,0.));
#2659=DIRECTION('center_axis',(0.,1.,0.));
#2660=DIRECTION('ref_axis',(0.,0.,1.));
#2661=DIRECTION('center_axis',(0.,1.,0.));
#2662=DIRECTION('ref_axis',(0.,0.,1.));
#2663=DIRECTION('center_axis',(-1.,0.,1.22464679914735E-16));
#2664=DIRECTION('ref_axis',(-1.22464679914735E-16,0.,-1.));
#2665=DIRECTION('center_axis',(0.,1.,0.));
#2666=DIRECTION('ref_axis',(0.,0.,1.));
#2667=DIRECTION('center_axis',(0.,1.,0.));
#2668=DIRECTION('ref_axis',(0.,0.,1.));
#2669=DIRECTION('',(0.,1.,0.));
#2670=DIRECTION('center_axis',(0.,1.,0.));
#2671=DIRECTION('ref_axis',(0.,0.,1.));
#2672=DIRECTION('center_axis',(0.,1.,0.));
#2673=DIRECTION('ref_axis',(0.,0.,1.));
#2674=DIRECTION('center_axis',(0.,1.,0.));
#2675=DIRECTION('ref_axis',(0.,0.,1.));
#2676=DIRECTION('',(0.,1.,0.));
#2677=DIRECTION('center_axis',(0.,1.,0.));
#2678=DIRECTION('ref_axis',(0.,0.,1.));
#2679=DIRECTION('center_axis',(0.,1.,0.));
#2680=DIRECTION('ref_axis',(-0.866025403784443,0.,-0.499999999999992));
#2681=DIRECTION('center_axis',(0.,1.,0.));
#2682=DIRECTION('ref_axis',(-0.866025403784443,0.,-0.499999999999992));
#2683=DIRECTION('',(0.,1.,0.));
#2684=DIRECTION('center_axis',(0.,1.,0.));
#2685=DIRECTION('ref_axis',(0.,0.,1.));
#2686=DIRECTION('center_axis',(0.,1.,0.));
#2687=DIRECTION('ref_axis',(0.866025403784436,0.,-0.500000000000004));
#2688=DIRECTION('center_axis',(0.,1.,0.));
#2689=DIRECTION('ref_axis',(0.866025403784436,0.,-0.500000000000004));
#2690=DIRECTION('',(0.,1.,0.));
#2691=DIRECTION('center_axis',(0.,1.,0.));
#2692=DIRECTION('ref_axis',(0.,0.,1.));
#2693=DIRECTION('center_axis',(0.,1.,0.));
#2694=DIRECTION('ref_axis',(-0.866025403784443,0.,-0.499999999999992));
#2695=DIRECTION('center_axis',(0.,1.,0.));
#2696=DIRECTION('ref_axis',(-0.866025403784443,0.,-0.499999999999992));
#2697=DIRECTION('',(0.,1.,0.));
#2698=DIRECTION('center_axis',(0.,1.,0.));
#2699=DIRECTION('ref_axis',(0.,0.,1.));
#2700=DIRECTION('center_axis',(0.,1.,0.));
#2701=DIRECTION('ref_axis',(0.866025403784436,0.,-0.500000000000004));
#2702=DIRECTION('center_axis',(0.,1.,0.));
#2703=DIRECTION('ref_axis',(0.866025403784436,0.,-0.500000000000004));
#2704=DIRECTION('',(0.,1.,0.));
#2705=DIRECTION('center_axis',(0.,1.,0.));
#2706=DIRECTION('ref_axis',(0.,0.,1.));
#2707=DIRECTION('center_axis',(0.,0.,-1.));
#2708=DIRECTION('ref_axis',(1.,0.,0.));
#2709=DIRECTION('',(0.615661475325659,-7.53967855115905E-17,0.788010753606722));
#2710=DIRECTION('center_axis',(0.,0.,1.));
#2711=DIRECTION('ref_axis',(1.,0.,0.));
#2712=DIRECTION('center_axis',(-0.938461954002285,0.304939271644871,-0.162176451739791));
#2713=DIRECTION('ref_axis',(-0.309030284410556,-0.95105219799816,0.));
#2714=DIRECTION('center_axis',(0.938461954002286,0.304939271644869,-0.162176451739791));
#2715=DIRECTION('ref_axis',(-0.309030284410555,0.95105219799816,0.));
#2716=DIRECTION('center_axis',(0.,0.,1.));
#2717=DIRECTION('ref_axis',(1.,0.,0.));
#2718=DIRECTION('center_axis',(0.,0.,1.));
#2719=DIRECTION('ref_axis',(1.,0.,0.));
#2720=DIRECTION('center_axis',(0.,0.,1.));
#2721=DIRECTION('ref_axis',(1.,0.,0.));
#2722=DIRECTION('center_axis',(0.,0.,1.));
#2723=DIRECTION('ref_axis',(1.,0.,0.));
#2724=DIRECTION('center_axis',(0.,0.,1.));
#2725=DIRECTION('ref_axis',(1.,0.,0.));
#2726=DIRECTION('center_axis',(1.64328160599557E-16,-1.,0.));
#2727=DIRECTION('ref_axis',(-1.,-1.64328160599557E-16,0.));
#2728=DIRECTION('center_axis',(0.,0.,1.));
#2729=DIRECTION('ref_axis',(1.,0.,0.));
#2730=DIRECTION('center_axis',(0.,0.,1.));
#2731=DIRECTION('ref_axis',(1.,0.,0.));
#2732=DIRECTION('center_axis',(0.,0.,1.));
#2733=DIRECTION('ref_axis',(1.,0.,0.));
#2734=DIRECTION('center_axis',(0.,0.,1.));
#2735=DIRECTION('ref_axis',(1.,0.,0.));
#2736=DIRECTION('',(0.5,0.866025403784439,0.));
#2737=DIRECTION('center_axis',(0.,0.,1.));
#2738=DIRECTION('ref_axis',(1.,0.,0.));
#2739=DIRECTION('',(1.,3.4214506935281E-16,0.));
#2740=DIRECTION('center_axis',(0.,0.,1.));
#2741=DIRECTION('ref_axis',(1.,0.,0.));
#2742=DIRECTION('',(1.,3.42145069352811E-16,0.));
#2743=DIRECTION('center_axis',(0.,0.,1.));
#2744=DIRECTION('ref_axis',(1.,0.,0.));
#2745=DIRECTION('',(0.5,-0.866025403784438,0.));
#2746=DIRECTION('center_axis',(0.,0.,1.));
#2747=DIRECTION('ref_axis',(1.,0.,0.));
#2748=DIRECTION('',(0.5,-0.866025403784439,0.));
#2749=DIRECTION('center_axis',(0.,0.,1.));
#2750=DIRECTION('ref_axis',(1.,0.,0.));
#2751=DIRECTION('',(-0.499999999999999,-0.866025403784439,0.));
#2752=DIRECTION('center_axis',(0.,0.,1.));
#2753=DIRECTION('ref_axis',(1.,0.,0.));
#2754=DIRECTION('',(-0.5,-0.866025403784439,0.));
#2755=DIRECTION('center_axis',(0.,0.,1.));
#2756=DIRECTION('ref_axis',(1.,0.,0.));
#2757=DIRECTION('',(-1.,0.,0.));
#2758=DIRECTION('center_axis',(0.,0.,1.));
#2759=DIRECTION('ref_axis',(1.,0.,0.));
#2760=DIRECTION('',(-1.,0.,0.));
#2761=DIRECTION('center_axis',(0.,0.,1.));
#2762=DIRECTION('ref_axis',(1.,0.,0.));
#2763=DIRECTION('',(-0.499999999999999,0.866025403784439,0.));
#2764=DIRECTION('center_axis',(-0.866025403784439,-0.5,0.));
#2765=DIRECTION('ref_axis',(0.,0.,1.));
#2766=DIRECTION('',(-0.5,0.866025403784439,0.));
#2767=DIRECTION('',(0.,0.,-1.));
#2768=DIRECTION('',(-0.5,0.866025403784439,0.));
#2769=DIRECTION('',(0.,0.,-1.));
#2770=DIRECTION('center_axis',(2.42146745109505E-16,-1.,0.));
#2771=DIRECTION('ref_axis',(0.,0.,-1.));
#2772=DIRECTION('',(0.,0.,-1.));
#2773=DIRECTION('',(-1.,-4.57396365928604E-16,0.));
#2774=DIRECTION('',(0.,0.,-1.));
#2775=DIRECTION('center_axis',(0.866025403784439,-0.5,0.));
#2776=DIRECTION('ref_axis',(0.,0.,-1.));
#2777=DIRECTION('',(-0.5,-0.866025403784439,0.));
#2778=DIRECTION('',(0.,0.,-1.));
#2779=DIRECTION('',(0.,0.,-1.));
#2780=DIRECTION('center_axis',(0.866025403784439,0.5,0.));
#2781=DIRECTION('ref_axis',(0.,0.,-1.));
#2782=DIRECTION('',(0.5,-0.866025403784438,0.));
#2783=DIRECTION('',(0.,0.,-1.));
#2784=DIRECTION('',(0.,0.,-1.));
#2785=DIRECTION('center_axis',(-2.42146745109505E-16,1.,0.));
#2786=DIRECTION('ref_axis',(0.,0.,1.));
#2787=DIRECTION('',(1.,2.28698182964302E-16,0.));
#2788=DIRECTION('',(0.,0.,-1.));
#2789=DIRECTION('',(0.,0.,-1.));
#2790=DIRECTION('center_axis',(-0.866025403784439,0.5,0.));
#2791=DIRECTION('ref_axis',(0.,0.,1.));
#2792=DIRECTION('',(0.5,0.866025403784439,0.));
#2793=DIRECTION('',(0.,0.,-1.));
#2794=DIRECTION('',(0.5,0.866025403784439,0.));
#2795=DIRECTION('',(0.,0.,-1.));
#2796=DIRECTION('center_axis',(0.,0.,1.));
#2797=DIRECTION('ref_axis',(1.,0.,0.));
#2798=DIRECTION('center_axis',(0.,0.,1.));
#2799=DIRECTION('ref_axis',(1.,0.,0.));
#2800=DIRECTION('center_axis',(0.,0.,1.));
#2801=DIRECTION('ref_axis',(1.,0.,0.));
#2802=DIRECTION('center_axis',(0.,0.,1.));
#2803=DIRECTION('ref_axis',(1.,0.,0.));
#2804=DIRECTION('center_axis',(0.,0.,1.));
#2805=DIRECTION('ref_axis',(1.,0.,0.));
#2806=DIRECTION('center_axis',(0.,0.,1.));
#2807=DIRECTION('ref_axis',(1.,0.,0.));
#2808=DIRECTION('center_axis',(0.,0.,1.));
#2809=DIRECTION('ref_axis',(1.,0.,0.));
#2810=DIRECTION('center_axis',(0.,0.,1.));
#2811=DIRECTION('ref_axis',(1.,0.,0.));
#2812=DIRECTION('center_axis',(0.,0.,1.));
#2813=DIRECTION('ref_axis',(1.,0.,0.));
#2814=DIRECTION('center_axis',(0.,0.,1.));
#2815=DIRECTION('ref_axis',(1.,0.,0.));
#2816=DIRECTION('center_axis',(0.,0.,-1.));
#2817=DIRECTION('ref_axis',(-1.,0.,0.));
#2818=DIRECTION('center_axis',(0.,0.,-1.));
#2819=DIRECTION('ref_axis',(-1.,0.,0.));
#2820=DIRECTION('center_axis',(0.,0.,-1.));
#2821=DIRECTION('ref_axis',(-1.,0.,0.));
#2822=DIRECTION('center_axis',(0.,0.,-1.));
#2823=DIRECTION('ref_axis',(-1.,0.,0.));
#2824=DIRECTION('center_axis',(0.,0.,-1.));
#2825=DIRECTION('ref_axis',(1.,1.22464679914735E-16,0.));
#2826=DIRECTION('center_axis',(0.,0.,-1.));
#2827=DIRECTION('ref_axis',(-1.,0.,0.));
#2828=DIRECTION('center_axis',(0.,0.,-1.));
#2829=DIRECTION('ref_axis',(-1.,0.,0.));
#2830=DIRECTION('',(0.,0.,1.));
#2831=DIRECTION('center_axis',(0.,0.,1.));
#2832=DIRECTION('ref_axis',(1.,0.,0.));
#2833=DIRECTION('center_axis',(0.,0.,-1.));
#2834=DIRECTION('ref_axis',(-1.,0.,0.));
#2835=DIRECTION('center_axis',(0.,0.,1.));
#2836=DIRECTION('ref_axis',(1.,0.,0.));
#2837=DIRECTION('',(0.,0.,1.));
#2838=DIRECTION('center_axis',(0.,0.,1.));
#2839=DIRECTION('ref_axis',(1.,0.,0.));
#2840=DIRECTION('center_axis',(0.,0.,1.));
#2841=DIRECTION('ref_axis',(1.,0.,0.));
#2842=DIRECTION('center_axis',(0.,0.,-1.));
#2843=DIRECTION('ref_axis',(-1.,0.,0.));
#2844=DIRECTION('center_axis',(0.,0.,1.));
#2845=DIRECTION('ref_axis',(1.,0.,0.));
#2846=DIRECTION('',(0.,0.,-1.));
#2847=DIRECTION('center_axis',(0.,0.,1.));
#2848=DIRECTION('ref_axis',(1.,0.,0.));
#2849=DIRECTION('',(0.,0.,-1.));
#2850=DIRECTION('center_axis',(0.866025403784439,0.5,0.));
#2851=DIRECTION('ref_axis',(0.,0.,-1.));
#2852=DIRECTION('',(0.5,-0.866025403784438,0.));
#2853=DIRECTION('',(0.,0.,-1.));
#2854=DIRECTION('',(0.5,-0.866025403784438,0.));
#2855=DIRECTION('center_axis',(0.,0.,-1.));
#2856=DIRECTION('ref_axis',(-1.,0.,0.));
#2857=DIRECTION('center_axis',(0.,0.,1.));
#2858=DIRECTION('ref_axis',(1.,0.,0.));
#2859=DIRECTION('',(0.,0.,-1.));
#2860=DIRECTION('center_axis',(0.,0.,1.));
#2861=DIRECTION('ref_axis',(1.,0.,0.));
#2862=DIRECTION('center_axis',(-1.78670455440861E-16,1.,0.));
#2863=DIRECTION('ref_axis',(0.,0.,1.));
#2864=DIRECTION('',(1.,2.28698182964302E-16,0.));
#2865=DIRECTION('',(0.,0.,-1.));
#2866=DIRECTION('',(1.,2.28698182964302E-16,0.));
#2867=DIRECTION('center_axis',(0.,0.,-1.));
#2868=DIRECTION('ref_axis',(-1.,0.,0.));
#2869=DIRECTION('center_axis',(0.,0.,1.));
#2870=DIRECTION('ref_axis',(1.,0.,0.));
#2871=DIRECTION('',(0.,0.,-1.));
#2872=DIRECTION('center_axis',(0.,0.,1.));
#2873=DIRECTION('ref_axis',(1.,0.,0.));
#2874=DIRECTION('center_axis',(-0.866025403784439,0.5,0.));
#2875=DIRECTION('ref_axis',(0.,0.,1.));
#2876=DIRECTION('',(0.5,0.866025403784439,0.));
#2877=DIRECTION('',(0.,0.,-1.));
#2878=DIRECTION('',(0.5,0.866025403784439,0.));
#2879=DIRECTION('center_axis',(0.,0.,-1.));
#2880=DIRECTION('ref_axis',(1.,1.01064309961486E-15,0.));
#2881=DIRECTION('center_axis',(0.,0.,1.));
#2882=DIRECTION('ref_axis',(1.,0.,0.));
#2883=DIRECTION('',(0.,0.,-1.));
#2884=DIRECTION('center_axis',(0.,0.,1.));
#2885=DIRECTION('ref_axis',(1.,0.,0.));
#2886=DIRECTION('center_axis',(-0.866025403784439,-0.5,0.));
#2887=DIRECTION('ref_axis',(0.,0.,1.));
#2888=DIRECTION('',(-0.5,0.866025403784439,0.));
#2889=DIRECTION('',(0.,0.,-1.));
#2890=DIRECTION('',(-0.5,0.866025403784439,0.));
#2891=DIRECTION('center_axis',(0.,0.,-1.));
#2892=DIRECTION('ref_axis',(-1.,0.,0.));
#2893=DIRECTION('center_axis',(0.,0.,1.));
#2894=DIRECTION('ref_axis',(1.,0.,0.));
#2895=DIRECTION('',(0.,0.,-1.));
#2896=DIRECTION('center_axis',(0.,0.,1.));
#2897=DIRECTION('ref_axis',(1.,0.,0.));
#2898=DIRECTION('center_axis',(3.57340910881722E-16,-1.,0.));
#2899=DIRECTION('ref_axis',(0.,0.,-1.));
#2900=DIRECTION('',(-1.,-4.57396365928604E-16,0.));
#2901=DIRECTION('',(0.,0.,-1.));
#2902=DIRECTION('',(-1.,-4.57396365928604E-16,0.));
#2903=DIRECTION('center_axis',(0.,0.,-1.));
#2904=DIRECTION('ref_axis',(-1.,0.,0.));
#2905=DIRECTION('center_axis',(0.,0.,1.));
#2906=DIRECTION('ref_axis',(1.,0.,0.));
#2907=DIRECTION('',(0.,0.,-1.));
#2908=DIRECTION('center_axis',(0.,0.,1.));
#2909=DIRECTION('ref_axis',(1.,0.,0.));
#2910=DIRECTION('center_axis',(0.866025403784439,-0.5,0.));
#2911=DIRECTION('ref_axis',(0.,0.,-1.));
#2912=DIRECTION('',(-0.5,-0.866025403784439,0.));
#2913=DIRECTION('',(-0.5,-0.866025403784439,0.));
#2914=DIRECTION('center_axis',(0.,0.,1.));
#2915=DIRECTION('ref_axis',(1.,0.,0.));
#2916=DIRECTION('center_axis',(0.,0.,1.));
#2917=DIRECTION('ref_axis',(1.,0.,0.));
#2918=DIRECTION('center_axis',(0.,0.,1.));
#2919=DIRECTION('ref_axis',(1.,0.,0.));
#2920=DIRECTION('center_axis',(0.,0.,-1.));
#2921=DIRECTION('ref_axis',(-1.,0.,0.));
#2922=DIRECTION('',(0.,0.,1.));
#2923=DIRECTION('center_axis',(0.,0.,1.));
#2924=DIRECTION('ref_axis',(1.,0.,0.));
#2925=DIRECTION('center_axis',(0.,0.,1.));
#2926=DIRECTION('ref_axis',(1.,0.,0.));
#2927=DIRECTION('center_axis',(0.,0.,1.));
#2928=DIRECTION('ref_axis',(1.,0.,0.));
#2929=DIRECTION('center_axis',(0.,0.,1.));
#2930=DIRECTION('ref_axis',(1.,0.,0.));
#2931=DIRECTION('center_axis',(1.85037170770859E-16,-1.,0.));
#2932=DIRECTION('ref_axis',(-1.,-1.85037170770859E-16,0.));
#2933=DIRECTION('center_axis',(0.,0.,1.));
#2934=DIRECTION('ref_axis',(1.,0.,0.));
#2935=DIRECTION('center_axis',(0.,0.,-1.));
#2936=DIRECTION('ref_axis',(-1.,0.,0.));
#2937=DIRECTION('',(0.,0.,1.));
#2938=DIRECTION('center_axis',(0.,0.,-1.));
#2939=DIRECTION('ref_axis',(-1.,0.,0.));
#2940=DIRECTION('center_axis',(0.,0.,1.));
#2941=DIRECTION('ref_axis',(1.,0.,0.));
#2942=DIRECTION('',(0.,0.,-1.));
#2943=DIRECTION('center_axis',(0.,0.,1.));
#2944=DIRECTION('ref_axis',(1.,0.,0.));
#2945=DIRECTION('center_axis',(0.,0.,-1.));
#2946=DIRECTION('ref_axis',(-1.,0.,0.));
#2947=DIRECTION('center_axis',(0.,0.,1.));
#2948=DIRECTION('ref_axis',(1.,0.,0.));
#2949=DIRECTION('',(0.,0.,-1.));
#2950=DIRECTION('center_axis',(0.,0.,1.));
#2951=DIRECTION('ref_axis',(1.,0.,0.));
#2952=DIRECTION('center_axis',(0.,0.,1.));
#2953=DIRECTION('ref_axis',(1.,0.,0.));
#2954=DIRECTION('center_axis',(0.,0.,-1.));
#2955=DIRECTION('ref_axis',(-1.,0.,0.));
#2956=DIRECTION('center_axis',(0.,0.,1.));
#2957=DIRECTION('ref_axis',(1.,0.,0.));
#2958=DIRECTION('',(0.,0.,-1.));
#2959=DIRECTION('center_axis',(0.,0.,1.));
#2960=DIRECTION('ref_axis',(1.,0.,0.));
#2961=DIRECTION('',(0.,0.,1.));
#2962=DIRECTION('center_axis',(0.866025403784439,0.5,0.));
#2963=DIRECTION('ref_axis',(0.,0.,-1.));
#2964=DIRECTION('',(0.5,-0.866025403784439,0.));
#2965=DIRECTION('',(0.5,-0.866025403784439,0.));
#2966=DIRECTION('',(0.,0.,-1.));
#2967=DIRECTION('center_axis',(0.,0.,-1.));
#2968=DIRECTION('ref_axis',(-1.,0.,0.));
#2969=DIRECTION('center_axis',(0.,0.,1.));
#2970=DIRECTION('ref_axis',(1.,0.,0.));
#2971=DIRECTION('center_axis',(0.,0.,1.));
#2972=DIRECTION('ref_axis',(1.,0.,0.));
#2973=DIRECTION('',(0.,0.,1.));
#2974=DIRECTION('center_axis',(-1.78670455440861E-16,1.,0.));
#2975=DIRECTION('ref_axis',(0.,0.,1.));
#2976=DIRECTION('',(1.,2.28698182964302E-16,0.));
#2977=DIRECTION('',(1.,2.28698182964302E-16,0.));
#2978=DIRECTION('',(0.,0.,-1.));
#2979=DIRECTION('center_axis',(0.,0.,-1.));
#2980=DIRECTION('ref_axis',(-1.,0.,0.));
#2981=DIRECTION('center_axis',(0.,0.,1.));
#2982=DIRECTION('ref_axis',(1.,0.,0.));
#2983=DIRECTION('center_axis',(0.,0.,1.));
#2984=DIRECTION('ref_axis',(1.,0.,0.));
#2985=DIRECTION('',(0.,0.,1.));
#2986=DIRECTION('center_axis',(-0.866025403784439,0.5,0.));
#2987=DIRECTION('ref_axis',(0.,0.,1.));
#2988=DIRECTION('',(0.5,0.866025403784439,0.));
#2989=DIRECTION('',(0.5,0.866025403784439,0.));
#2990=DIRECTION('',(0.,0.,-1.));
#2991=DIRECTION('center_axis',(0.,0.,-1.));
#2992=DIRECTION('ref_axis',(1.,1.01064309961486E-15,0.));
#2993=DIRECTION('center_axis',(0.,0.,1.));
#2994=DIRECTION('ref_axis',(1.,0.,0.));
#2995=DIRECTION('center_axis',(0.,0.,1.));
#2996=DIRECTION('ref_axis',(1.,0.,0.));
#2997=DIRECTION('',(0.,0.,1.));
#2998=DIRECTION('center_axis',(-0.866025403784439,-0.5,0.));
#2999=DIRECTION('ref_axis',(0.,0.,1.));
#3000=DIRECTION('',(-0.5,0.866025403784439,0.));
#3001=DIRECTION('',(-0.5,0.866025403784439,0.));
#3002=DIRECTION('',(0.,0.,-1.));
#3003=DIRECTION('center_axis',(0.,0.,-1.));
#3004=DIRECTION('ref_axis',(-1.,0.,0.));
#3005=DIRECTION('center_axis',(0.,0.,1.));
#3006=DIRECTION('ref_axis',(1.,0.,0.));
#3007=DIRECTION('center_axis',(0.,0.,1.));
#3008=DIRECTION('ref_axis',(1.,0.,0.));
#3009=DIRECTION('',(0.,0.,1.));
#3010=DIRECTION('center_axis',(3.57340910881722E-16,-1.,0.));
#3011=DIRECTION('ref_axis',(0.,0.,-1.));
#3012=DIRECTION('',(-1.,-4.57396365928604E-16,0.));
#3013=DIRECTION('',(-1.,-4.57396365928604E-16,0.));
#3014=DIRECTION('',(0.,0.,-1.));
#3015=DIRECTION('center_axis',(0.,0.,-1.));
#3016=DIRECTION('ref_axis',(-1.,0.,0.));
#3017=DIRECTION('center_axis',(0.,0.,1.));
#3018=DIRECTION('ref_axis',(1.,0.,0.));
#3019=DIRECTION('center_axis',(0.,0.,1.));
#3020=DIRECTION('ref_axis',(1.,0.,0.));
#3021=DIRECTION('',(0.,0.,1.));
#3022=DIRECTION('center_axis',(0.866025403784439,-0.5,0.));
#3023=DIRECTION('ref_axis',(0.,0.,-1.));
#3024=DIRECTION('',(-0.5,-0.866025403784439,0.));
#3025=DIRECTION('',(-0.5,-0.866025403784439,0.));
#3026=DIRECTION('center_axis',(0.,0.,1.));
#3027=DIRECTION('ref_axis',(1.,0.,0.));
#3028=DIRECTION('center_axis',(0.,0.,1.));
#3029=DIRECTION('ref_axis',(1.,0.,0.));
#3030=DIRECTION('center_axis',(0.,0.,1.));
#3031=DIRECTION('ref_axis',(1.,0.,0.));
#3032=DIRECTION('center_axis',(0.,0.,-1.));
#3033=DIRECTION('ref_axis',(-1.,0.,0.));
#3034=DIRECTION('center_axis',(0.,0.,-1.));
#3035=DIRECTION('ref_axis',(-1.,0.,0.));
#3036=DIRECTION('center_axis',(0.,0.,-1.));
#3037=DIRECTION('ref_axis',(-1.,0.,0.));
#3038=DIRECTION('',(0.,0.,-1.));
#3039=DIRECTION('center_axis',(0.,0.,1.));
#3040=DIRECTION('ref_axis',(1.,0.,0.));
#3041=DIRECTION('center_axis',(-1.91417762866406E-16,1.,0.));
#3042=DIRECTION('ref_axis',(-1.,-1.91417762866406E-16,0.));
#3043=DIRECTION('center_axis',(0.,0.,1.));
#3044=DIRECTION('ref_axis',(1.,0.,0.));
#3045=CARTESIAN_POINT('',(0.,0.,0.));
#3046=CARTESIAN_POINT('Origin',(0.,40.5,0.));
#3047=CARTESIAN_POINT('',(-7.9602041944578E-16,40.5,-6.5));
#3048=CARTESIAN_POINT('Origin',(0.,40.5,0.));
#3049=CARTESIAN_POINT('',(0.,40.5,3.45));
#3050=CARTESIAN_POINT('Origin',(0.,40.5,0.));
#3051=CARTESIAN_POINT('Origin',(0.,40.5,0.));
#3052=CARTESIAN_POINT('',(0.,40.5,7.5));
#3053=CARTESIAN_POINT('Origin',(0.,40.5,0.));
#3054=CARTESIAN_POINT('',(-8.57252759403147E-16,40.5,-7.));
#3055=CARTESIAN_POINT('Origin',(0.,40.5,0.));
#3056=CARTESIAN_POINT('Origin',(0.,36.5,0.));
#3057=CARTESIAN_POINT('',(0.,36.5,7.5));
#3058=CARTESIAN_POINT('Origin',(0.,36.5,0.));
#3059=CARTESIAN_POINT('',(0.,36.5,3.45));
#3060=CARTESIAN_POINT('Origin',(0.,36.5,0.));
#3061=CARTESIAN_POINT('Origin',(0.,40.5,0.));
#3062=CARTESIAN_POINT('',(-9.18485099360515E-16,40.5,7.5));
#3063=CARTESIAN_POINT('Origin',(0.,40.5,0.));
#3064=CARTESIAN_POINT('',(-4.22503145705837E-16,40.5,3.45));
#3065=CARTESIAN_POINT('Origin',(0.,40.3,0.));
#3066=CARTESIAN_POINT('',(-8.57252759403147E-16,40.3,-7.));
#3067=CARTESIAN_POINT('Origin',(0.,40.3,0.));
#3068=CARTESIAN_POINT('',(-8.57252759403147E-16,40.3,-7.));
#3069=CARTESIAN_POINT('Origin',(0.,40.3,0.));
#3070=CARTESIAN_POINT('',(-7.9602041944578E-16,40.3,-6.5));
#3071=CARTESIAN_POINT('Origin',(0.,40.3,0.));
#3072=CARTESIAN_POINT('Origin',(0.,40.3,0.));
#3073=CARTESIAN_POINT('',(-7.9602041944578E-16,40.3,-6.5));
#3074=CARTESIAN_POINT('Origin',(0.,40.9,0.));
#3075=CARTESIAN_POINT('',(0.,40.9,6.5));
#3076=CARTESIAN_POINT('Origin',(0.,40.9,0.));
#3077=CARTESIAN_POINT('',(0.,40.9,3.55));
#3078=CARTESIAN_POINT('Origin',(0.,40.9,0.));
#3079=CARTESIAN_POINT('Origin',(0.,40.5,0.));
#3080=CARTESIAN_POINT('',(0.,40.5,6.5));
#3081=CARTESIAN_POINT('Origin',(0.,40.5,0.));
#3082=CARTESIAN_POINT('',(0.,40.5,3.55));
#3083=CARTESIAN_POINT('Origin',(0.,40.5,0.));
#3084=CARTESIAN_POINT('Origin',(0.,40.9,0.));
#3085=CARTESIAN_POINT('',(-7.9602041944578E-16,40.9,6.5));
#3086=CARTESIAN_POINT('Origin',(0.,40.9,0.));
#3087=CARTESIAN_POINT('',(-4.3474961369731E-16,40.9,3.55));
#3088=CARTESIAN_POINT('Origin',(0.,56.5,0.));
#3089=CARTESIAN_POINT('',(0.,6.50000000000001,3.15));
#3090=CARTESIAN_POINT('Origin',(0.,6.50000000000001,0.));
#3091=CARTESIAN_POINT('',(-3.85763741731416E-16,56.4,3.15));
#3092=CARTESIAN_POINT('',(-3.85763741731416E-16,56.5,3.15));
#3093=CARTESIAN_POINT('',(2.1463113618535,56.4,-2.30561218290904));
#3094=CARTESIAN_POINT('Origin',(0.,56.4,0.));
#3095=CARTESIAN_POINT('',(2.1463113618535,47.5,-2.30561218290904));
#3096=CARTESIAN_POINT('',(2.1463113618535,47.5,-2.30561218290904));
#3097=CARTESIAN_POINT('',(2.95150455952852,47.5,1.10050935256468));
#3098=CARTESIAN_POINT('Ctrl Pts',(2.1463113618535,47.5,-2.30561218290904));
#3099=CARTESIAN_POINT('Ctrl Pts',(2.1463113618535,47.4432065708276,-2.30561218290904));
#3100=CARTESIAN_POINT('Ctrl Pts',(2.15279544763019,47.3861784899835,-2.29962574494489));
#3101=CARTESIAN_POINT('Ctrl Pts',(2.17776360759292,47.2760611450242,-2.27598991773551));
#3102=CARTESIAN_POINT('Ctrl Pts',(2.19625183561602,47.2229769699253,-2.25832121157784));
#3103=CARTESIAN_POINT('Ctrl Pts',(2.26482262872563,47.0750412374687,-2.19025749679044));
#3104=CARTESIAN_POINT('Ctrl Pts',(2.32845000922552,46.9918071797733,-2.12362943651107));
#3105=CARTESIAN_POINT('Ctrl Pts',(2.47048465059408,46.8477325593638,-1.95816426102577));
#3106=CARTESIAN_POINT('Ctrl Pts',(2.56980297028003,46.7810996221799,-1.82723724461886));
#3107=CARTESIAN_POINT('Ctrl Pts',(2.82479763147094,46.6464548591699,-1.43204903488594));
#3108=CARTESIAN_POINT('Ctrl Pts',(2.98696078740013,46.6168869074747,-1.05694948600938));
#3109=CARTESIAN_POINT('Ctrl Pts',(3.14405797645257,46.6168869074747,-0.392398269805667));
#3110=CARTESIAN_POINT('Ctrl Pts',(3.16701791540367,46.6464548591699,0.0156083501304269));
#3111=CARTESIAN_POINT('Ctrl Pts',(3.11596771930859,46.7810996221799,0.483144312197982));
#3112=CARTESIAN_POINT('Ctrl Pts',(3.085787397751,46.8477325593638,0.64468427765897));
#3113=CARTESIAN_POINT('Ctrl Pts',(3.03287743215544,46.9918071797733,0.856233560776999));
#3114=CARTESIAN_POINT('Ctrl Pts',(3.00581904836803,47.0750412374687,0.944299364768572));
#3115=CARTESIAN_POINT('Ctrl Pts',(2.97498335786128,47.2229769699253,1.035862365644));
#3116=CARTESIAN_POINT('Ctrl Pts',(2.96636362446722,47.2760611450242,1.05993928299103));
#3117=CARTESIAN_POINT('Ctrl Pts',(2.95462175761741,47.3861784899835,1.09225321037037));
#3118=CARTESIAN_POINT('Ctrl Pts',(2.95150455952852,47.4432065708276,1.10050935256469));
#3119=CARTESIAN_POINT('Ctrl Pts',(2.95150455952852,47.5,1.10050935256469));
#3120=CARTESIAN_POINT('',(2.95150455952852,56.4,1.10050935256468));
#3121=CARTESIAN_POINT('',(2.95150455952852,47.5,1.10050935256468));
#3122=CARTESIAN_POINT('Origin',(0.,56.4,0.));
#3123=CARTESIAN_POINT('Origin',(0.,56.5,0.));
#3124=CARTESIAN_POINT('',(2.18936620142532,56.5,-2.12348196037934));
#3125=CARTESIAN_POINT('',(2.9084497199567,56.5,0.918379130034987));
#3126=CARTESIAN_POINT('',(2.18936620142532,56.5,-2.12348196037934));
#3127=CARTESIAN_POINT('Origin',(0.,56.5,0.));
#3128=CARTESIAN_POINT('Origin',(0.,6.50000000000001,0.));
#3129=CARTESIAN_POINT('Origin',(2.1463113618535,46.5,-2.30561218290904));
#3130=CARTESIAN_POINT('Ctrl Pts',(2.9084497199567,56.5,0.91837913003497));
#3131=CARTESIAN_POINT('Ctrl Pts',(2.9296299232944,56.4528246078364,1.00797544918243));
#3132=CARTESIAN_POINT('Ctrl Pts',(2.95150455952841,56.4000000000003,1.10050935256422));
#3133=CARTESIAN_POINT('',(2.1463113618535,47.5,-2.30561218290904));
#3134=CARTESIAN_POINT('Ctrl Pts',(2.14631136185363,56.4000000000003,-2.3056121829085));
#3135=CARTESIAN_POINT('Ctrl Pts',(2.16818599808762,56.4528246078364,-2.2130782795268));
#3136=CARTESIAN_POINT('Ctrl Pts',(2.1893662014253,56.5,-2.12348196037944));
#3137=CARTESIAN_POINT('Origin',(3.52208554225493,47.5,-0.832606614507898));
#3138=CARTESIAN_POINT('Origin',(0.,56.5,0.));
#3139=CARTESIAN_POINT('Origin',(0.,36.5,0.));
#3140=CARTESIAN_POINT('',(0.,33.5,19.));
#3141=CARTESIAN_POINT('Origin',(0.,33.5,0.));
#3142=CARTESIAN_POINT('',(0.,36.4,19.));
#3143=CARTESIAN_POINT('',(-2.32682891837997E-15,36.5,19.));
#3144=CARTESIAN_POINT('Origin',(0.,36.4,0.));
#3145=CARTESIAN_POINT('Origin',(0.,36.5,0.));
#3146=CARTESIAN_POINT('',(0.,36.5,18.9));
#3147=CARTESIAN_POINT('Origin',(0.,36.5,0.));
#3148=CARTESIAN_POINT('',(0.,36.5,10.));
#3149=CARTESIAN_POINT('Origin',(0.,36.5,0.));
#3150=CARTESIAN_POINT('',(9.21263233926277,36.5,9.19169841067226));
#3151=CARTESIAN_POINT('Origin',(9.21263233926277,36.5,10.5416984106722));
#3152=CARTESIAN_POINT('',(13.8168390075519,36.5,1.45856961595525));
#3153=CARTESIAN_POINT('Origin',(13.8168390075519,36.5,2.80856961595523));
#3154=CARTESIAN_POINT('',(-9.34071213949035,36.5,9.21144877256211));
#3155=CARTESIAN_POINT('Origin',(-9.34071213949035,36.5,10.5614487725621));
#3156=CARTESIAN_POINT('',(-13.7356947923076,36.5,1.35752443619143));
#3157=CARTESIAN_POINT('Origin',(-13.7356947923076,36.5,2.70752443619143));
#3158=CARTESIAN_POINT('',(4.52306245304476,36.5,-14.5992228468637));
#3159=CARTESIAN_POINT('Origin',(4.52306245304476,36.5,-13.2492228468638));
#3160=CARTESIAN_POINT('',(-4.4761268680617,36.5,-14.7200183885173));
#3161=CARTESIAN_POINT('Origin',(-4.4761268680617,36.5,-13.3700183885173));
#3162=CARTESIAN_POINT('Origin',(0.,33.5,0.));
#3163=CARTESIAN_POINT('',(8.13010058453223,33.5,11.1666984106723));
#3164=CARTESIAN_POINT('Origin',(9.21263233926277,33.5,10.5416984106722));
#3165=CARTESIAN_POINT('',(5.60559420777531,33.5,-12.6242228468638));
#3166=CARTESIAN_POINT('Origin',(4.52306245304476,33.5,-13.2492228468638));
#3167=CARTESIAN_POINT('',(12.7343072528214,33.5,3.43356961595523));
#3168=CARTESIAN_POINT('Origin',(13.8168390075519,33.5,2.80856961595523));
#3169=CARTESIAN_POINT('',(-3.39359511333115,33.5,-12.7450183885174));
#3170=CARTESIAN_POINT('Origin',(-4.4761268680617,33.5,-13.3700183885173));
#3171=CARTESIAN_POINT('',(-9.34071213949035,33.5,9.3114487725621));
#3172=CARTESIAN_POINT('Origin',(-9.34071213949035,33.5,10.5614487725621));
#3173=CARTESIAN_POINT('',(-13.7356947923076,33.5,1.45752443619143));
#3174=CARTESIAN_POINT('Origin',(-13.7356947923076,33.5,2.70752443619143));
#3175=CARTESIAN_POINT('',(-3.9801020972289E-16,33.5,-3.25));
#3176=CARTESIAN_POINT('Origin',(0.,33.5,0.));
#3177=CARTESIAN_POINT('Origin',(0.,41.5,0.));
#3178=CARTESIAN_POINT('',(0.,41.4,10.));
#3179=CARTESIAN_POINT('',(-1.22464679914735E-15,41.5,10.));
#3180=CARTESIAN_POINT('Origin',(0.,41.4,0.));
#3181=CARTESIAN_POINT('Origin',(0.,41.5,0.));
#3182=CARTESIAN_POINT('',(0.,41.5,9.89999999999999));
#3183=CARTESIAN_POINT('Origin',(0.,41.5,0.));
#3184=CARTESIAN_POINT('',(-9.3073156735199E-16,41.5,-7.60000000000001));
#3185=CARTESIAN_POINT('Origin',(0.,41.5,0.));
#3186=CARTESIAN_POINT('Origin',(0.,36.5,0.));
#3187=CARTESIAN_POINT('',(-9.18485099360515E-16,36.5,-7.5));
#3188=CARTESIAN_POINT('Origin',(0.,36.5,0.));
#3189=CARTESIAN_POINT('',(-9.18485099360515E-16,41.4,-7.5));
#3190=CARTESIAN_POINT('',(-9.18485099360515E-16,36.5,-7.5));
#3191=CARTESIAN_POINT('Origin',(0.,41.4,0.));
#3192=CARTESIAN_POINT('Origin',(0.,36.5,0.));
#3193=CARTESIAN_POINT('',(-3.9801020972289E-16,36.5,-3.25));
#3194=CARTESIAN_POINT('Origin',(0.,36.5,0.));
#3195=CARTESIAN_POINT('Origin',(0.,6.50000000000001,0.));
#3196=CARTESIAN_POINT('',(-3.9801020972289E-16,6.50000000000001,-3.25));
#3197=CARTESIAN_POINT('Origin',(0.,36.5,0.));
#3198=CARTESIAN_POINT('',(-2.3145824503885E-15,36.5,18.9));
#3199=CARTESIAN_POINT('Origin',(0.,41.4,0.));
#3200=CARTESIAN_POINT('',(-9.18485099360515E-16,41.4,-7.5));
#3201=CARTESIAN_POINT('Origin',(0.,41.5,0.));
#3202=CARTESIAN_POINT('',(-1.21240033115588E-15,41.5,9.89999999999999));
#3203=CARTESIAN_POINT('Origin',(-13.7356947923076,26.5,2.70752443619143));
#3204=CARTESIAN_POINT('',(-13.7356947923076,36.4,1.45752443619143));
#3205=CARTESIAN_POINT('',(-13.7356947923076,26.5,1.45752443619143));
#3206=CARTESIAN_POINT('Origin',(-13.7356947923076,36.4,2.70752443619143));
#3207=CARTESIAN_POINT('Origin',(-9.34071213949035,26.5,10.5614487725621));
#3208=CARTESIAN_POINT('',(-9.34071213949035,36.4,9.3114487725621));
#3209=CARTESIAN_POINT('',(-9.34071213949035,26.5,9.3114487725621));
#3210=CARTESIAN_POINT('Origin',(-9.34071213949035,36.4,10.5614487725621));
#3211=CARTESIAN_POINT('Origin',(-4.4761268680617,26.5,-13.3700183885173));
#3212=CARTESIAN_POINT('',(-3.39359511333115,36.4,-12.7450183885174));
#3213=CARTESIAN_POINT('',(-3.39359511333115,26.5,-12.7450183885174));
#3214=CARTESIAN_POINT('',(-4.4761268680617,36.4,-14.6200183885173));
#3215=CARTESIAN_POINT('Origin',(-4.4761268680617,36.4,-13.3700183885173));
#3216=CARTESIAN_POINT('Origin',(-4.4761268680617,36.4,-13.3700183885173));
#3217=CARTESIAN_POINT('Origin',(13.8168390075519,26.5,2.80856961595523));
#3218=CARTESIAN_POINT('',(12.7343072528214,36.4,3.43356961595523));
#3219=CARTESIAN_POINT('',(12.7343072528214,26.5,3.43356961595523));
#3220=CARTESIAN_POINT('',(13.8168390075519,36.4,1.55856961595523));
#3221=CARTESIAN_POINT('Origin',(13.8168390075519,36.4,2.80856961595523));
#3222=CARTESIAN_POINT('Origin',(13.8168390075519,36.4,2.80856961595523));
#3223=CARTESIAN_POINT('Origin',(4.52306245304476,26.5,-13.2492228468638));
#3224=CARTESIAN_POINT('',(5.60559420777531,36.4,-12.6242228468638));
#3225=CARTESIAN_POINT('',(5.60559420777531,26.5,-12.6242228468638));
#3226=CARTESIAN_POINT('',(4.52306245304476,36.4,-14.4992228468638));
#3227=CARTESIAN_POINT('Origin',(4.52306245304476,36.4,-13.2492228468638));
#3228=CARTESIAN_POINT('Origin',(4.52306245304476,36.4,-13.2492228468638));
#3229=CARTESIAN_POINT('Origin',(9.21263233926277,26.5,10.5416984106722));
#3230=CARTESIAN_POINT('',(8.13010058453223,36.4,11.1666984106723));
#3231=CARTESIAN_POINT('',(8.13010058453223,26.5,11.1666984106723));
#3232=CARTESIAN_POINT('',(9.21263233926277,36.4,9.29169841067225));
#3233=CARTESIAN_POINT('Origin',(9.21263233926277,36.4,10.5416984106722));
#3234=CARTESIAN_POINT('Origin',(9.21263233926277,36.4,10.5416984106722));
#3235=CARTESIAN_POINT('Origin',(9.21263233926277,36.4,10.5416984106722));
#3236=CARTESIAN_POINT('',(9.21263233926277,36.4,9.29169841067225));
#3237=CARTESIAN_POINT('Origin',(13.8168390075519,36.4,2.80856961595523));
#3238=CARTESIAN_POINT('',(13.8168390075519,36.4,1.55856961595523));
#3239=CARTESIAN_POINT('Origin',(-9.34071213949035,36.4,10.5614487725621));
#3240=CARTESIAN_POINT('',(-9.34071213949035,36.4,9.3114487725621));
#3241=CARTESIAN_POINT('Origin',(-13.7356947923076,36.4,2.70752443619143));
#3242=CARTESIAN_POINT('',(-13.7356947923076,36.4,1.45752443619143));
#3243=CARTESIAN_POINT('Origin',(4.52306245304476,36.4,-13.2492228468638));
#3244=CARTESIAN_POINT('',(4.52306245304476,36.4,-14.4992228468638));
#3245=CARTESIAN_POINT('Origin',(-4.4761268680617,36.4,-13.3700183885173));
#3246=CARTESIAN_POINT('',(-4.4761268680617,36.4,-14.6200183885173));
#3247=CARTESIAN_POINT('Origin',(0.,9.,20.));
#3248=CARTESIAN_POINT('',(5.77536202176527,11.4050784730151,20.));
#3249=CARTESIAN_POINT('',(4.97054006660879,12.799070990393,20.));
#3250=CARTESIAN_POINT('Origin',(0.,9.,20.));
#3251=CARTESIAN_POINT('',(5.77536202176527,11.4050784730151,20.));
#3252=CARTESIAN_POINT('Origin',(0.,9.,20.));
#3253=CARTESIAN_POINT('',(0.804821955156503,15.2041494634081,20.));
#3254=CARTESIAN_POINT('',(-0.804821955156506,15.2041494634081,20.));
#3255=CARTESIAN_POINT('Origin',(0.,9.,20.));
#3256=CARTESIAN_POINT('',(0.804821955156503,15.2041494634081,20.));
#3257=CARTESIAN_POINT('Origin',(0.,9.,20.));
#3258=CARTESIAN_POINT('',(-4.97054006660877,12.7990709903931,20.));
#3259=CARTESIAN_POINT('',(-5.77536202176528,11.4050784730151,20.));
#3260=CARTESIAN_POINT('Origin',(0.,9.,20.));
#3261=CARTESIAN_POINT('',(-4.97054006660877,12.7990709903931,20.));
#3262=CARTESIAN_POINT('Origin',(0.,9.,20.));
#3263=CARTESIAN_POINT('',(-5.77536202176528,6.59492152698493,20.));
#3264=CARTESIAN_POINT('',(-4.97054006660877,5.20092900960694,20.));
#3265=CARTESIAN_POINT('Origin',(0.,9.,20.));
#3266=CARTESIAN_POINT('',(-5.77536202176528,6.59492152698493,20.));
#3267=CARTESIAN_POINT('Origin',(0.,9.,20.));
#3268=CARTESIAN_POINT('',(-0.80482195515647,2.79585053659187,20.));
#3269=CARTESIAN_POINT('',(0.804821955156473,2.79585053659187,20.));
#3270=CARTESIAN_POINT('Origin',(0.,9.,20.));
#3271=CARTESIAN_POINT('',(-0.80482195515647,2.79585053659187,20.));
#3272=CARTESIAN_POINT('Origin',(0.,9.,20.));
#3273=CARTESIAN_POINT('',(4.9705400666088,5.20092900960698,20.));
#3274=CARTESIAN_POINT('',(5.77536202176527,6.5949215269849,20.));
#3275=CARTESIAN_POINT('Origin',(0.,9.,20.));
#3276=CARTESIAN_POINT('',(4.9705400666088,5.20092900960698,20.));
#3277=CARTESIAN_POINT('Origin',(0.,33.5,0.));
#3278=CARTESIAN_POINT('',(3.23545131350437,2.,18.7224959553459));
#3279=CARTESIAN_POINT('',(-2.32682891837997E-15,2.,-19.));
#3280=CARTESIAN_POINT('Origin',(0.,2.,0.));
#3281=CARTESIAN_POINT('',(-3.23545131350438,2.,18.7224959553459));
#3282=CARTESIAN_POINT('Origin',(0.,2.,0.));
#3283=CARTESIAN_POINT('',(1.45485610559224E-14,16.5251499191646,19.));
#3284=CARTESIAN_POINT('Ctrl Pts',(-3.23545131350438,2.,18.7224959553459));
#3285=CARTESIAN_POINT('Ctrl Pts',(-3.47195179555316,2.07886961642118,18.6816260949857));
#3286=CARTESIAN_POINT('Ctrl Pts',(-3.70393674423525,2.16573893491186,18.6369253896513));
#3287=CARTESIAN_POINT('Ctrl Pts',(-3.93157115017036,2.26060049045741,18.5887801722208));
#3288=CARTESIAN_POINT('Ctrl Pts',(-4.14577813738588,2.34986646908886,18.5434748857362));
#3289=CARTESIAN_POINT('Ctrl Pts',(-4.35613312914654,2.44620962075426,18.4951189375641));
#3290=CARTESIAN_POINT('Ctrl Pts',(-4.56278913986923,2.54962372506024,18.443995100441));
#3291=CARTESIAN_POINT('Ctrl Pts',(-4.72779385665786,2.63219482925064,18.4031752170215));
#3292=CARTESIAN_POINT('Ctrl Pts',(-4.89044100764663,2.71927383645182,18.360584313144));
#3293=CARTESIAN_POINT('Ctrl Pts',(-5.05021847775334,2.81055043508035,18.3165306028996));
#3294=CARTESIAN_POINT('Ctrl Pts',(-5.21357212179296,2.90387000630371,18.2714908729736));
#3295=CARTESIAN_POINT('Ctrl Pts',(-5.37392598256651,3.00157717459547,18.2249222954699));
#3296=CARTESIAN_POINT('Ctrl Pts',(-5.5307572636635,3.10334032214516,18.1772034177547));
#3297=CARTESIAN_POINT('Ctrl Pts',(-5.61680963590004,3.15917714367499,18.1510203591255));
#3298=CARTESIAN_POINT('Ctrl Pts',(-5.70180192881166,3.21623507872451,18.1244918272581));
#3299=CARTESIAN_POINT('Ctrl Pts',(-5.7856511000121,3.2744593465002,18.0976860772014));
#3300=CARTESIAN_POINT('Ctrl Pts',(-5.98560126857945,3.41330332062404,18.0337639875052));
#3301=CARTESIAN_POINT('Ctrl Pts',(-6.1790524807915,3.55877966041441,17.9682708101745));
#3302=CARTESIAN_POINT('Ctrl Pts',(-6.36618093315619,3.71126957319015,17.9017245070501));
#3303=CARTESIAN_POINT('Ctrl Pts',(-6.54042725281281,3.85326190920407,17.8397593261295));
#3304=CARTESIAN_POINT('Ctrl Pts',(-6.70919182503984,4.00133541175434,17.7768804492259));
#3305=CARTESIAN_POINT('Ctrl Pts',(-6.87263081151544,4.15579785531262,17.7134679193152));
#3306=CARTESIAN_POINT('Ctrl Pts',(-7.03223074492121,4.30663209772441,17.6515448997892));
#3307=CARTESIAN_POINT('Ctrl Pts',(-7.18674286170554,4.46355866381347,17.5891097764728));
#3308=CARTESIAN_POINT('Ctrl Pts',(-7.33564468921253,4.62723540712926,17.5267885533439));
#3309=CARTESIAN_POINT('Ctrl Pts',(-7.34486300664589,4.63736842028031,17.5229303279127));
#3310=CARTESIAN_POINT('Ctrl Pts',(-7.35405983324358,4.64752730474242,17.5190725505512));
#3311=CARTESIAN_POINT('Ctrl Pts',(-7.36323504959987,4.65771221660881,17.5152153741923));
#3312=CARTESIAN_POINT('Ctrl Pts',(-7.46967557052209,4.77586608704732,17.4704687605991));
#3313=CARTESIAN_POINT('Ctrl Pts',(-7.57320599806417,4.89752273225698,17.4257988237298));
#3314=CARTESIAN_POINT('Ctrl Pts',(-7.67305944923296,5.0219725682836,17.3817190947425));
#3315=CARTESIAN_POINT('Ctrl Pts',(-7.72084732747114,5.08153178773159,17.3606234120499));
#3316=CARTESIAN_POINT('Ctrl Pts',(-7.76779343399203,5.1417307566618,17.339663617644));
#3317=CARTESIAN_POINT('Ctrl Pts',(-7.81381582492856,5.20249169510046,17.3188995682201));
#3318=CARTESIAN_POINT('Ctrl Pts',(-7.97825581500979,5.41959315182307,17.2447087230289));
#3319=CARTESIAN_POINT('Ctrl Pts',(-8.13090861123716,5.64386906958472,17.17301655457));
#3320=CARTESIAN_POINT('Ctrl Pts',(-8.27087964400664,5.87733428392581,17.1053368839774));
#3321=CARTESIAN_POINT('Ctrl Pts',(-8.37296697685582,6.04761123747518,17.0559749772871));
#3322=CARTESIAN_POINT('Ctrl Pts',(-8.46830982810078,6.22277639870787,17.0087477752373));
#3323=CARTESIAN_POINT('Ctrl Pts',(-8.55657254359135,6.40361146863615,16.9642290218642));
#3324=CARTESIAN_POINT('Ctrl Pts',(-8.64049056457818,6.57554500941891,16.9219016851274));
#3325=CARTESIAN_POINT('Ctrl Pts',(-8.71800151883326,6.75260399974657,16.8820189602364));
#3326=CARTESIAN_POINT('Ctrl Pts',(-8.78733219706382,6.93303630807072,16.8458538773921));
#3327=CARTESIAN_POINT('Ctrl Pts',(-8.80445166730849,6.97758953634377,16.8369238182112));
#3328=CARTESIAN_POINT('Ctrl Pts',(-8.82107252749985,7.02234844223235,16.8282206444162));
#3329=CARTESIAN_POINT('Ctrl Pts',(-8.83716833743694,7.06728664655424,16.819763844234));
#3330=CARTESIAN_POINT('Ctrl Pts',(-8.89871356181937,7.23911595363135,16.7874277476473));
#3331=CARTESIAN_POINT('Ctrl Pts',(-8.95258363637112,7.4135666984223,16.7586976177699));
#3332=CARTESIAN_POINT('Ctrl Pts',(-8.99834500803705,7.5906109091466,16.7340905673519));
#3333=CARTESIAN_POINT('Ctrl Pts',(-9.01301924936184,7.64738345286077,16.7261998555358));
#3334=CARTESIAN_POINT('Ctrl Pts',(-9.02685953792596,7.70442267863068,16.7187327584721));
#3335=CARTESIAN_POINT('Ctrl Pts',(-9.03985109935664,7.76172766411861,16.7117052421786));
#3336=CARTESIAN_POINT('Ctrl Pts',(-9.06660386160825,7.87973246752667,16.6972338890913));
#3337=CARTESIAN_POINT('Ctrl Pts',(-9.08975773315659,7.99886421850601,16.6846273974888));
#3338=CARTESIAN_POINT('Ctrl Pts',(-9.1091250725068,8.11954004362804,16.6740469116957));
#3339=CARTESIAN_POINT('Ctrl Pts',(-9.12849241185701,8.24021586875007,16.6634664259026));
#3340=CARTESIAN_POINT('Ctrl Pts',(-9.14407328147048,8.36243576801479,16.6549120361401));
#3341=CARTESIAN_POINT('Ctrl Pts',(-9.15553527332904,8.48441186794177,16.6486087664654));
#3342=CARTESIAN_POINT('Ctrl Pts',(-9.17004726464059,8.63884541877664,16.6406282168469));
#3343=CARTESIAN_POINT('Ctrl Pts',(-9.17795786798133,8.79288815899797,16.6362583612237));
#3344=CARTESIAN_POINT('Ctrl Pts',(-9.17944574160627,8.94645759942743,16.6354373515368));
#3345=CARTESIAN_POINT('Ctrl Pts',(-9.18030819951192,9.03547535990463,16.6349614466729));
#3346=CARTESIAN_POINT('Ctrl Pts',(-9.17901211229534,9.12433409002335,16.6356770805704));
#3347=CARTESIAN_POINT('Ctrl Pts',(-9.17558843547707,9.21301772360593,16.6375652324112));
#3348=CARTESIAN_POINT('Ctrl Pts',(-9.16959667175616,9.36822261196012,16.640869679735));
#3349=CARTESIAN_POINT('Ctrl Pts',(-9.15708991012941,9.52289120822808,16.6477678885772));
#3350=CARTESIAN_POINT('Ctrl Pts',(-9.13805631951262,9.67714559018356,16.6582089884061));
#3351=CARTESIAN_POINT('Ctrl Pts',(-9.12745183281457,9.76308778440739,16.6640262042157));
#3352=CARTESIAN_POINT('Ctrl Pts',(-9.11482089449432,9.84890140172954,16.670942356675));
#3353=CARTESIAN_POINT('Ctrl Pts',(-9.10015813597708,9.9346075548309,16.6789424694796));
#3354=CARTESIAN_POINT('Ctrl Pts',(-9.06621903612938,10.1329869855668,16.6974599010357));
#3355=CARTESIAN_POINT('Ctrl Pts',(-9.02139592662609,10.330790667334,16.7217875836636));
#3356=CARTESIAN_POINT('Ctrl Pts',(-8.96730408592063,10.5242921244988,16.7507449813622));
#3357=CARTESIAN_POINT('Ctrl Pts',(-8.95608174373445,10.5644375426896,16.756752723409));
#3358=CARTESIAN_POINT('Ctrl Pts',(-8.94446037322925,10.6043977798175,16.7629595738874));
#3359=CARTESIAN_POINT('Ctrl Pts',(-8.93245431859107,10.6441395581655,16.7693547832433));
#3360=CARTESIAN_POINT('Ctrl Pts',(-8.87193770536478,10.8444583058049,16.8015898865103));
#3361=CARTESIAN_POINT('Ctrl Pts',(-8.80164944499439,11.03922673242,16.8386148342812));
#3362=CARTESIAN_POINT('Ctrl Pts',(-8.72227540031504,11.2299820780352,16.8796300860256));
#3363=CARTESIAN_POINT('Ctrl Pts',(-8.71000034534077,11.2594820532918,16.8859730218301));
#3364=CARTESIAN_POINT('Ctrl Pts',(-8.69750796569807,11.2888860514106,16.8924112934619));
#3365=CARTESIAN_POINT('Ctrl Pts',(-8.68480077327294,11.318199757994,16.8989418464162));
#3366=CARTESIAN_POINT('Ctrl Pts',(-8.58992521081478,11.537064343245,16.9477008377004));
#3367=CARTESIAN_POINT('Ctrl Pts',(-8.48307172772425,11.7508955851958,17.0016011925812));
#3368=CARTESIAN_POINT('Ctrl Pts',(-8.36618350140631,11.9580397170027,17.0589265084529));
#3369=CARTESIAN_POINT('Ctrl Pts',(-8.27889923486831,12.1127210239398,17.1017331991483));
#3370=CARTESIAN_POINT('Ctrl Pts',(-8.18601951237283,12.2636735327396,17.1464487213181));
#3371=CARTESIAN_POINT('Ctrl Pts',(-8.08848246375236,12.4105031314531,17.1923369974408));
#3372=CARTESIAN_POINT('Ctrl Pts',(-8.05540109664073,12.460302914475,17.2079007953002));
#3373=CARTESIAN_POINT('Ctrl Pts',(-8.02178422074135,12.5096284210681,17.2235998444506));
#3374=CARTESIAN_POINT('Ctrl Pts',(-7.98766923655501,12.5584642746041,17.2394066071716));
#3375=CARTESIAN_POINT('Ctrl Pts',(-7.85296968885773,12.7512876787359,17.3018180032154));
#3376=CARTESIAN_POINT('Ctrl Pts',(-7.71050293386393,12.9364774653365,17.3659102715396));
#3377=CARTESIAN_POINT('Ctrl Pts',(-7.560609624961,13.1152779583844,17.4309260252847));
#3378=CARTESIAN_POINT('Ctrl Pts',(-7.41071631605807,13.2940784514323,17.4959417790298));
#3379=CARTESIAN_POINT('Ctrl Pts',(-7.25339841325809,13.4664896509275,17.5618847881185));
#3380=CARTESIAN_POINT('Ctrl Pts',(-7.0885060953125,13.6332074968583,17.6281899620102));
#3381=CARTESIAN_POINT('Ctrl Pts',(-6.97659726077032,13.7463552775915,17.6731898433072));
#3382=CARTESIAN_POINT('Ctrl Pts',(-6.8611978965615,13.8568806757255,17.7183509050758));
#3383=CARTESIAN_POINT('Ctrl Pts',(-6.74295756863247,13.9643163043879,17.7632351565705));
#3384=CARTESIAN_POINT('Ctrl Pts',(-6.68697642578464,14.0151819386469,17.7844857039814));
#3385=CARTESIAN_POINT('Ctrl Pts',(-6.63035881672015,14.0653549795079,17.8056748384873));
#3386=CARTESIAN_POINT('Ctrl Pts',(-6.57317560459309,14.1147858243171,17.8267597300009));
#3387=CARTESIAN_POINT('Ctrl Pts',(-6.41222535494728,14.2539159381443,17.8861061435134));
#3388=CARTESIAN_POINT('Ctrl Pts',(-6.2467917145323,14.3871662208201,17.9446253026827));
#3389=CARTESIAN_POINT('Ctrl Pts',(-6.07734651051822,14.5146041701701,18.001829334573));
#3390=CARTESIAN_POINT('Ctrl Pts',(-6.05943636886936,14.5280741986526,18.0078757276828));
#3391=CARTESIAN_POINT('Ctrl Pts',(-6.04148143873521,14.5414792904685,18.0139074659878));
#3392=CARTESIAN_POINT('Ctrl Pts',(-6.02348229825171,14.5548195253253,18.0199240010231));
#3393=CARTESIAN_POINT('Ctrl Pts',(-5.83519594892872,14.6943697512146,18.0828620851174));
#3394=CARTESIAN_POINT('Ctrl Pts',(-5.6420704034778,14.8268227170361,18.1441388050312));
#3395=CARTESIAN_POINT('Ctrl Pts',(-5.4440217958966,14.9524744718858,18.2033685532597));
#3396=CARTESIAN_POINT('Ctrl Pts',(-5.2459731883154,15.0781262267355,18.2625983014881));
#3397=CARTESIAN_POINT('Ctrl Pts',(-5.04300196879026,15.1969767706133,18.3197826801141));
#3398=CARTESIAN_POINT('Ctrl Pts',(-4.83489675201024,15.3090997864164,18.3745414472689));
#3399=CARTESIAN_POINT('Ctrl Pts',(-4.62679153523022,15.4212228022195,18.4293002144236));
#3400=CARTESIAN_POINT('Ctrl Pts',(-4.41355121058423,15.526618289948,18.4816275810557));
#3401=CARTESIAN_POINT('Ctrl Pts',(-4.19548069698579,15.6248451899789,18.5309994798235));
#3402=CARTESIAN_POINT('Ctrl Pts',(-4.06315567856474,15.6844491966901,18.5609583096815));
#3403=CARTESIAN_POINT('Ctrl Pts',(-3.92905149330395,15.7414136914304,18.5898255744384));
#3404=CARTESIAN_POINT('Ctrl Pts',(-3.79377177845493,15.7954948235993,18.6173922903558));
#3405=CARTESIAN_POINT('Ctrl Pts',(-3.70611166492843,15.8305389408261,18.6352552896205));
#3406=CARTESIAN_POINT('Ctrl Pts',(-3.61795825880279,15.8643723541126,18.6525731860514));
#3407=CARTESIAN_POINT('Ctrl Pts',(-3.52947875985316,15.8969287148413,18.6693004604818));
#3408=CARTESIAN_POINT('Ctrl Pts',(-3.3444761758148,15.9650011037359,18.7042756697706));
#3409=CARTESIAN_POINT('Ctrl Pts',(-3.1580484053799,16.0274903457799,18.7366764725243));
#3410=CARTESIAN_POINT('Ctrl Pts',(-2.96982585574707,16.0845812813006,18.7664630228111));
#3411=CARTESIAN_POINT('Ctrl Pts',(-2.92910815902197,16.0969316155343,18.7729066700969));
#3412=CARTESIAN_POINT('Ctrl Pts',(-2.88830646175637,16.1090293222569,18.7792277834716));
#3413=CARTESIAN_POINT('Ctrl Pts',(-2.84741701143928,16.1208762727166,18.7854256369923));
#3414=CARTESIAN_POINT('Ctrl Pts',(-2.61751105943427,16.1874872054305,18.8202738289588));
#3415=CARTESIAN_POINT('Ctrl Pts',(-2.38482980697299,16.2461707581954,18.8512238093021));
#3416=CARTESIAN_POINT('Ctrl Pts',(-2.14959619417113,16.296746126995,18.8780093283695));
#3417=CARTESIAN_POINT('Ctrl Pts',(-1.95481126406901,16.338625004589,18.9001890474885));
#3418=CARTESIAN_POINT('Ctrl Pts',(-1.75827757621014,16.3749443846213,18.9195183455549));
#3419=CARTESIAN_POINT('Ctrl Pts',(-1.55966526141393,16.4055632664697,18.9358771719807));
#3420=CARTESIAN_POINT('Ctrl Pts',(-1.5184217910015,16.4119215275316,18.9392742159876));
#3421=CARTESIAN_POINT('Ctrl Pts',(-1.47708870259445,16.4180339721851,18.942542989307));
#3422=CARTESIAN_POINT('Ctrl Pts',(-1.43566307230348,16.4238993378236,18.9456821345346));
#3423=CARTESIAN_POINT('Ctrl Pts',(-1.30390826680786,16.4425542165407,18.9556662305152));
#3424=CARTESIAN_POINT('Ctrl Pts',(-1.17121642504455,16.4587097253306,18.9643347110505));
#3425=CARTESIAN_POINT('Ctrl Pts',(-1.0382277789744,16.4722833995687,18.9716125587406));
#3426=CARTESIAN_POINT('Ctrl Pts',(-0.928045178227236,16.4835293425379,18.9776423380491));
#3427=CARTESIAN_POINT('Ctrl Pts',(-0.817658999678002,16.493003034149,18.9827184541705));
#3428=CARTESIAN_POINT('Ctrl Pts',(-0.707435210139631,16.5006575754595,18.9868253118697));
#3429=CARTESIAN_POINT('Ctrl Pts',(-0.470952736128915,16.5170802086687,18.9956364757134));
#3430=CARTESIAN_POINT('Ctrl Pts',(-0.235216099639235,16.5251291721688,19.));
#3431=CARTESIAN_POINT('Ctrl Pts',(6.11086606877122E-15,16.5251499191646,
19.));
#3432=CARTESIAN_POINT('',(0.,33.5,19.));
#3433=CARTESIAN_POINT('',(-2.32682891837997E-15,33.5,19.));
#3434=CARTESIAN_POINT('Origin',(0.,33.5,0.));
#3435=CARTESIAN_POINT('Ctrl Pts',(6.11086606877122E-15,16.5251499191646,
19.));
#3436=CARTESIAN_POINT('Ctrl Pts',(0.00674337034207529,16.5251505139567,
19.));
#3437=CARTESIAN_POINT('Ctrl Pts',(0.0134863132922271,16.5251445103431,18.9999964100258));
#3438=CARTESIAN_POINT('Ctrl Pts',(0.0202288342298678,16.5251319164639,18.999989231425));
#3439=CARTESIAN_POINT('Ctrl Pts',(0.287333213760961,16.5246330110329,18.9997048517788));
#3440=CARTESIAN_POINT('Ctrl Pts',(0.553770736068699,16.5137917292483,18.9937930495488));
#3441=CARTESIAN_POINT('Ctrl Pts',(0.819674105444299,16.4924304156019,18.9823110911412));
#3442=CARTESIAN_POINT('Ctrl Pts',(1.03545309821142,16.4750958374294,18.9729935506152));
#3443=CARTESIAN_POINT('Ctrl Pts',(1.25088056053683,16.4508335811957,18.960006948104));
#3444=CARTESIAN_POINT('Ctrl Pts',(1.46602799166421,16.4195487100897,18.9433566700217));
#3445=CARTESIAN_POINT('Ctrl Pts',(1.62390554844177,16.3965915267832,18.9311385124099));
#3446=CARTESIAN_POINT('Ctrl Pts',(1.78163548934596,16.3698528155175,18.9169419130248));
#3447=CARTESIAN_POINT('Ctrl Pts',(1.9386608091331,16.3394826351889,18.9008358086919));
#3448=CARTESIAN_POINT('Ctrl Pts',(2.09898813761151,16.308473815184,18.8843910169642));
#3449=CARTESIAN_POINT('Ctrl Pts',(2.25858065302753,16.2736791915114,18.8659554654313));
#3450=CARTESIAN_POINT('Ctrl Pts',(2.41685319510367,16.2352584900758,18.8456578721285));
#3451=CARTESIAN_POINT('Ctrl Pts',(2.5751257371798,16.1968377886402,18.8253602788256));
#3452=CARTESIAN_POINT('Ctrl Pts',(2.73207810186371,16.1547910094415,18.8032008053028));
#3453=CARTESIAN_POINT('Ctrl Pts',(2.88713615661146,16.1092778783846,18.7793622046433));
#3454=CARTESIAN_POINT('Ctrl Pts',(3.09987863856824,16.0468330316565,18.7466552093252));
#3455=CARTESIAN_POINT('Ctrl Pts',(3.30906185686765,15.9778630059995,18.7107990192401));
#3456=CARTESIAN_POINT('Ctrl Pts',(3.5149458323896,15.9024795245613,18.6720420895886));
#3457=CARTESIAN_POINT('Ctrl Pts',(3.72444753772727,15.8257714278017,18.6326041351044));
#3458=CARTESIAN_POINT('Ctrl Pts',(3.93053330938067,15.7424225044743,18.5901625644615));
#3459=CARTESIAN_POINT('Ctrl Pts',(4.13348637533622,15.6525504713159,18.5449262706787));
#3460=CARTESIAN_POINT('Ctrl Pts',(4.16419686343381,15.6389511990328,18.5380811971379));
#3461=CARTESIAN_POINT('Ctrl Pts',(4.19483563386926,15.6252025658587,18.5311720359991));
#3462=CARTESIAN_POINT('Ctrl Pts',(4.22540368001143,15.6113049796538,18.5241994089069));
#3463=CARTESIAN_POINT('Ctrl Pts',(4.44095523291558,15.5133057070101,18.4750317064454));
#3464=CARTESIAN_POINT('Ctrl Pts',(4.65297958943269,15.4078998786266,18.4227138144554));
#3465=CARTESIAN_POINT('Ctrl Pts',(4.86167093125863,15.2946219837554,18.3674754867444));
#3466=CARTESIAN_POINT('Ctrl Pts',(4.98941626871323,15.2252816710243,18.3336626857334));
#3467=CARTESIAN_POINT('Ctrl Pts',(5.11591225619657,15.1529917115539,18.2987499210192));
#3468=CARTESIAN_POINT('Ctrl Pts',(5.24052485635298,15.0781140429126,18.2629926142992));
#3469=CARTESIAN_POINT('Ctrl Pts',(5.31948579753466,15.0306677077748,18.2403349489492));
#3470=CARTESIAN_POINT('Ctrl Pts',(5.39769086639811,14.9821823711205,18.2173392202603));
#3471=CARTESIAN_POINT('Ctrl Pts',(5.47498245437151,14.9327501170691,18.1940805517708));
#3472=CARTESIAN_POINT('Ctrl Pts',(5.6742521444729,14.8053061066132,18.1341161004819));
#3473=CARTESIAN_POINT('Ctrl Pts',(5.86745113666363,14.6715680470605,18.0724125944544));
#3474=CARTESIAN_POINT('Ctrl Pts',(6.05483073740977,14.5314856043769,18.0094148916981));
#3475=CARTESIAN_POINT('Ctrl Pts',(6.24221033815592,14.3914031616933,17.9464171889419));
#3476=CARTESIAN_POINT('Ctrl Pts',(6.42376892890446,14.2449763358789,17.8821213903352));
#3477=CARTESIAN_POINT('Ctrl Pts',(6.59938618402498,14.0920460147351,17.8170733285268));
#3478=CARTESIAN_POINT('Ctrl Pts',(6.7750034391455,13.9391156935912,17.7520252667184));
#3479=CARTESIAN_POINT('Ctrl Pts',(6.94468006732634,13.7796818771179,17.6862267945905));
#3480=CARTESIAN_POINT('Ctrl Pts',(7.10848591768812,13.612936685599,17.6201426770055));
#3481=CARTESIAN_POINT('Ctrl Pts',(7.23302362342057,13.486164268449,17.5699004886391));
#3482=CARTESIAN_POINT('Ctrl Pts',(7.3541663490793,13.3551657299191,17.5194879010469));
#3483=CARTESIAN_POINT('Ctrl Pts',(7.47126090952612,13.2200886159803,17.469409275124));
#3484=CARTESIAN_POINT('Ctrl Pts',(7.5081821464149,13.1774972769552,17.4536189189903));
#3485=CARTESIAN_POINT('Ctrl Pts',(7.54470112187239,13.1345004410299,17.4378621011452));
#3486=CARTESIAN_POINT('Ctrl Pts',(7.58079793573594,13.0911027335684,17.4221555112317));
#3487=CARTESIAN_POINT('Ctrl Pts',(7.69242021804193,12.9569038767936,17.3735859776432));
#3488=CARTESIAN_POINT('Ctrl Pts',(7.80000368668472,12.8188717511978,17.3254929903338));
#3489=CARTESIAN_POINT('Ctrl Pts',(7.90274867383672,12.677573630983,17.2785000332255));
#3490=CARTESIAN_POINT('Ctrl Pts',(7.93860509423932,12.6282627600494,17.2621002138985));
#3491=CARTESIAN_POINT('Ctrl Pts',(7.97387250312113,12.5785541227634,17.2458347700309));
#3492=CARTESIAN_POINT('Ctrl Pts',(8.00851773761212,12.5284718299405,17.2297313863668));
#3493=CARTESIAN_POINT('Ctrl Pts',(8.14243735958203,12.3348809415898,17.167484468878));
#3494=CARTESIAN_POINT('Ctrl Pts',(8.26706028349062,12.1357069862183,17.1076637343415));
#3495=CARTESIAN_POINT('Ctrl Pts',(8.38214155643293,11.9296131643721,17.0510909600506));
#3496=CARTESIAN_POINT('Ctrl Pts',(8.49722282937524,11.723519342526,16.9945181857597));
#3497=CARTESIAN_POINT('Ctrl Pts',(8.60275854745669,11.5105056542053,16.9411856896124));
#3498=CARTESIAN_POINT('Ctrl Pts',(8.69696501627644,11.289930145402,16.8926847927043));
#3499=CARTESIAN_POINT('Ctrl Pts',(8.79117148509618,11.0693546365987,16.8441838957962));
#3500=CARTESIAN_POINT('Ctrl Pts',(8.8740492527439,10.841217307313,16.8005153907544));
#3501=CARTESIAN_POINT('Ctrl Pts',(8.94277609381568,10.6096751141728,16.7638526519377));
#3502=CARTESIAN_POINT('Ctrl Pts',(8.99171413459553,10.4448018112034,16.7377463653787));
#3503=CARTESIAN_POINT('Ctrl Pts',(9.03347919779887,10.2782021133404,16.7151958041914));
#3504=CARTESIAN_POINT('Ctrl Pts',(9.06770822273045,10.1091024497596,16.6966064692029));
#3505=CARTESIAN_POINT('Ctrl Pts',(9.08154922101654,10.0407245699199,16.6890896043716));
#3506=CARTESIAN_POINT('Ctrl Pts',(9.09415775963455,9.9719379193156,16.6822199332596));
#3507=CARTESIAN_POINT('Ctrl Pts',(9.10550873815918,9.90269135111409,16.67602202623));
#3508=CARTESIAN_POINT('Ctrl Pts',(9.13141689707593,9.74463880176689,16.6618755489085));
#3509=CARTESIAN_POINT('Ctrl Pts',(9.15077496427333,9.58419025400027,16.6512317714476));
#3510=CARTESIAN_POINT('Ctrl Pts',(9.16322410520695,9.4235771243645,16.6443781499266));
#3511=CARTESIAN_POINT('Ctrl Pts',(9.16971771526036,9.33979953369586,16.6408032248897));
#3512=CARTESIAN_POINT('Ctrl Pts',(9.17433118742217,9.25597716389903,16.6382588220349));
#3513=CARTESIAN_POINT('Ctrl Pts',(9.17701086070447,9.17242669532337,16.6367806880572));
#3514=CARTESIAN_POINT('Ctrl Pts',(9.18200059040394,9.01685017141974,16.6340283043777));
#3515=CARTESIAN_POINT('Ctrl Pts',(9.1802868048784,8.86221640829315,16.6349758740179));
#3516=CARTESIAN_POINT('Ctrl Pts',(9.17206446289074,8.70809594152514,16.6395082105385));
#3517=CARTESIAN_POINT('Ctrl Pts',(9.16740557865937,8.62076931202786,16.6420762904333));
#3518=CARTESIAN_POINT('Ctrl Pts',(9.1606566409986,8.533607476361,16.6457943908583));
#3519=CARTESIAN_POINT('Ctrl Pts',(9.15184957106413,8.44653231018917,16.6506351058635));
#3520=CARTESIAN_POINT('Ctrl Pts',(9.13548736249609,8.28475977510085,16.6596284247677));
#3521=CARTESIAN_POINT('Ctrl Pts',(9.11202292440678,8.12328638878484,16.6724992268773));
#3522=CARTESIAN_POINT('Ctrl Pts',(9.08169382012516,7.9630157238174,16.6890034860533));
#3523=CARTESIAN_POINT('Ctrl Pts',(9.06688678672402,7.88476965801345,16.6970610638378));
#3524=CARTESIAN_POINT('Ctrl Pts',(9.05044316517711,7.80681026202257,16.7059839476428));
#3525=CARTESIAN_POINT('Ctrl Pts',(9.03238856710432,7.72924268080391,16.7157397913716));
#3526=CARTESIAN_POINT('Ctrl Pts',(8.97735290922853,7.49279416807646,16.7454784360971));
#3527=CARTESIAN_POINT('Ctrl Pts',(8.90734866938333,7.25998642733492,16.7829592947728));
#3528=CARTESIAN_POINT('Ctrl Pts',(8.82530466903192,7.03442055710541,16.8259917240787));
#3529=CARTESIAN_POINT('Ctrl Pts',(8.75682510975758,6.84614778500157,16.8619095459882));
#3530=CARTESIAN_POINT('Ctrl Pts',(8.67995975429092,6.66292022016672,16.9016977307534));
#3531=CARTESIAN_POINT('Ctrl Pts',(8.59494270569916,6.4832882682659,16.9448210343382));
#3532=CARTESIAN_POINT('Ctrl Pts',(8.57810251632893,6.44770674506484,16.9533629045944));
#3533=CARTESIAN_POINT('Ctrl Pts',(8.56094244436713,6.41226629841278,16.9620354725415));
#3534=CARTESIAN_POINT('Ctrl Pts',(8.54346425090665,6.37695566232071,16.9708343517188));
#3535=CARTESIAN_POINT('Ctrl Pts',(8.47051320942386,6.22957500286289,17.0075593943454));
#3536=CARTESIAN_POINT('Ctrl Pts',(8.39201816323855,6.08445575665357,17.0464816204757));
#3537=CARTESIAN_POINT('Ctrl Pts',(8.30908436796236,5.94278811030153,17.0868111994627));
#3538=CARTESIAN_POINT('Ctrl Pts',(8.27183558669723,5.8791596804951,17.1049247762163));
#3539=CARTESIAN_POINT('Ctrl Pts',(8.23369174520671,5.81622752680322,17.1233227733413));
#3540=CARTESIAN_POINT('Ctrl Pts',(8.19475489188855,5.75409948345594,17.1419366543535));
#3541=CARTESIAN_POINT('Ctrl Pts',(8.07566374141308,5.56407641973891,17.1988685406169));
#3542=CARTESIAN_POINT('Ctrl Pts',(7.94915165485319,5.38157569549299,17.2578191836669));
#3543=CARTESIAN_POINT('Ctrl Pts',(7.81601790053128,5.205405198449,17.3179058831769));
#3544=CARTESIAN_POINT('Ctrl Pts',(7.808709015651,5.19573364754327,17.3212045715659));
#3545=CARTESIAN_POINT('Ctrl Pts',(7.80138018373368,5.18608117517953,17.324506693039));
#3546=CARTESIAN_POINT('Ctrl Pts',(7.79403154056367,5.17644758411282,17.3278121049571));
#3547=CARTESIAN_POINT('Ctrl Pts',(7.63249562627161,4.96468455454724,17.4004707881942));
#3548=CARTESIAN_POINT('Ctrl Pts',(7.46139154065092,4.76204490348309,17.4747164924177));
#3549=CARTESIAN_POINT('Ctrl Pts',(7.28114755159313,4.56773180866572,17.5494982928837));
#3550=CARTESIAN_POINT('Ctrl Pts',(7.14627100045794,4.42232734771047,17.6054575034364));
#3551=CARTESIAN_POINT('Ctrl Pts',(7.00627731051732,4.2815853642003,17.6617164229873));
#3552=CARTESIAN_POINT('Ctrl Pts',(6.86136527949768,4.14517197964513,17.7178347012637));
#3553=CARTESIAN_POINT('Ctrl Pts',(6.69208174907288,3.98581640942636,17.7833910267195));
#3554=CARTESIAN_POINT('Ctrl Pts',(6.51608047757074,3.83236785155881,17.8487609281717));
#3555=CARTESIAN_POINT('Ctrl Pts',(6.33333241158111,3.6848752489384,17.9133721159478));
#3556=CARTESIAN_POINT('Ctrl Pts',(6.21880324908854,3.59244086852246,17.953864283039));
#3557=CARTESIAN_POINT('Ctrl Pts',(6.10162285954768,3.50234574553095,17.9940536950181));
#3558=CARTESIAN_POINT('Ctrl Pts',(5.98243194703571,3.41497640772122,18.0335938736317));
#3559=CARTESIAN_POINT('Ctrl Pts',(5.91143628810115,3.36293516080271,18.0571458456394));
#3560=CARTESIAN_POINT('Ctrl Pts',(5.83972770981469,3.31186100841134,18.0804683385106));
#3561=CARTESIAN_POINT('Ctrl Pts',(5.76744507751588,3.26183563636017,18.1034962722077));
#3562=CARTESIAN_POINT('Ctrl Pts',(5.56137573982224,3.11921914663622,18.1691462201204));
#3563=CARTESIAN_POINT('Ctrl Pts',(5.35064657776153,2.98512665549318,18.2324087392698));
#3564=CARTESIAN_POINT('Ctrl Pts',(5.13504437590309,2.85919301039233,18.292930854773));
#3565=CARTESIAN_POINT('Ctrl Pts',(4.94546300746044,2.74845818224402,18.3461486112674));
#3566=CARTESIAN_POINT('Ctrl Pts',(4.75211390207155,2.64403167331812,18.3972469099214));
#3567=CARTESIAN_POINT('Ctrl Pts',(4.55486277755474,2.54566522649608,18.445954165552));
#3568=CARTESIAN_POINT('Ctrl Pts',(4.34000890962299,2.43852053149781,18.499008069778));
#3569=CARTESIAN_POINT('Ctrl Pts',(4.12052802073881,2.33856576302598,18.5492252140539));
#3570=CARTESIAN_POINT('Ctrl Pts',(3.89625324371104,2.24606469042336,18.5962149552233));
#3571=CARTESIAN_POINT('Ctrl Pts',(3.68046698359645,2.15706466653286,18.6414261940665));
#3572=CARTESIAN_POINT('Ctrl Pts',(3.46024268211159,2.07496479019094,18.6836495573785));
#3573=CARTESIAN_POINT('Ctrl Pts',(3.23545131350436,2.,18.7224959553459));
#3574=CARTESIAN_POINT('Origin',(0.,33.5,0.));
#3575=CARTESIAN_POINT('',(8.13010058453223,33.5,11.1666984106723));
#3576=CARTESIAN_POINT('Origin',(9.21263233926277,33.5,10.5416984106722));
#3577=CARTESIAN_POINT('',(5.60559420777531,33.5,-12.6242228468638));
#3578=CARTESIAN_POINT('Origin',(4.52306245304476,33.5,-13.2492228468638));
#3579=CARTESIAN_POINT('',(12.7343072528214,33.5,3.43356961595523));
#3580=CARTESIAN_POINT('Origin',(13.8168390075519,33.5,2.80856961595523));
#3581=CARTESIAN_POINT('',(-3.39359511333115,33.5,-12.7450183885174));
#3582=CARTESIAN_POINT('Origin',(-4.4761268680617,33.5,-13.3700183885173));
#3583=CARTESIAN_POINT('',(-9.34071213949035,33.5,9.3114487725621));
#3584=CARTESIAN_POINT('Origin',(-9.34071213949035,33.5,10.5614487725621));
#3585=CARTESIAN_POINT('',(-13.7356947923076,33.5,1.45752443619143));
#3586=CARTESIAN_POINT('Origin',(-13.7356947923076,33.5,2.70752443619143));
#3587=CARTESIAN_POINT('',(-3.9801020972289E-16,33.5,-3.25));
#3588=CARTESIAN_POINT('Origin',(0.,33.5,0.));
#3589=CARTESIAN_POINT('Origin',(0.,0.,0.));
#3590=CARTESIAN_POINT('',(-2.0818995585505E-15,0.,-17.));
#3591=CARTESIAN_POINT('Origin',(0.,0.,0.));
#3592=CARTESIAN_POINT('Origin',(0.,6.50000000000001,0.));
#3593=CARTESIAN_POINT('',(-3.9801020972289E-16,6.50000000000001,-3.25));
#3594=CARTESIAN_POINT('Origin',(0.,6.50000000000001,0.));
#3595=CARTESIAN_POINT('',(-3.9801020972289E-16,6.50000000000001,-3.25));
#3596=CARTESIAN_POINT('Origin',(0.,6.50000000000001,0.));
#3597=CARTESIAN_POINT('Origin',(0.,2.,0.));
#3598=CARTESIAN_POINT('Ctrl Pts',(3.23545131350437,2.,18.7224959553459));
#3599=CARTESIAN_POINT('Ctrl Pts',(2.70901589449575,1.8595528966096,18.8134697321313));
#3600=CARTESIAN_POINT('Ctrl Pts',(1.91057184551382,1.684611541264,18.8946545039459));
#3601=CARTESIAN_POINT('Ctrl Pts',(0.827429042543972,1.55953026696426,18.9390326722431));
#3602=CARTESIAN_POINT('Ctrl Pts',(0.0034649997736406,1.5266093286641,18.9491510395289));
#3603=CARTESIAN_POINT('Ctrl Pts',(-0.824636441662186,1.55921123463517,18.9391367827652));
#3604=CARTESIAN_POINT('Ctrl Pts',(-1.90954063190497,1.68440076750498,18.8947546660039));
#3605=CARTESIAN_POINT('Ctrl Pts',(-2.70891332673649,1.85952553267441,18.8134874569577));
#3606=CARTESIAN_POINT('Ctrl Pts',(-3.23545131350438,2.,18.7224959553459));
#3607=CARTESIAN_POINT('Origin',(-2.0818995585505E-15,2.,-17.));
#3608=CARTESIAN_POINT('Origin',(-13.7356947923076,26.5,2.70752443619143));
#3609=CARTESIAN_POINT('',(-13.7356947923076,26.5,1.45752443619143));
#3610=CARTESIAN_POINT('Origin',(-13.7356947923076,26.5,2.70752443619143));
#3611=CARTESIAN_POINT('',(-13.7356947923076,26.5,1.45752443619143));
#3612=CARTESIAN_POINT('Origin',(-13.7356947923076,26.5,2.70752443619143));
#3613=CARTESIAN_POINT('Origin',(-9.34071213949035,26.5,10.5614487725621));
#3614=CARTESIAN_POINT('',(-9.34071213949035,26.5,9.3114487725621));
#3615=CARTESIAN_POINT('Origin',(-9.34071213949035,26.5,10.5614487725621));
#3616=CARTESIAN_POINT('',(-9.34071213949035,26.5,9.3114487725621));
#3617=CARTESIAN_POINT('Origin',(-9.34071213949035,26.5,10.5614487725621));
#3618=CARTESIAN_POINT('Origin',(-4.4761268680617,26.5,-13.3700183885173));
#3619=CARTESIAN_POINT('',(-3.39359511333115,26.5,-12.7450183885174));
#3620=CARTESIAN_POINT('Origin',(-4.4761268680617,26.5,-13.3700183885173));
#3621=CARTESIAN_POINT('',(-3.39359511333115,26.5,-12.7450183885174));
#3622=CARTESIAN_POINT('Origin',(-4.4761268680617,26.5,-13.3700183885173));
#3623=CARTESIAN_POINT('Origin',(13.8168390075519,26.5,2.80856961595523));
#3624=CARTESIAN_POINT('',(12.7343072528214,26.5,3.43356961595523));
#3625=CARTESIAN_POINT('Origin',(13.8168390075519,26.5,2.80856961595523));
#3626=CARTESIAN_POINT('',(12.7343072528214,26.5,3.43356961595523));
#3627=CARTESIAN_POINT('Origin',(13.8168390075519,26.5,2.80856961595523));
#3628=CARTESIAN_POINT('Origin',(4.52306245304476,26.5,-13.2492228468638));
#3629=CARTESIAN_POINT('',(5.60559420777531,26.5,-12.6242228468638));
#3630=CARTESIAN_POINT('Origin',(4.52306245304476,26.5,-13.2492228468638));
#3631=CARTESIAN_POINT('',(5.60559420777531,26.5,-12.6242228468638));
#3632=CARTESIAN_POINT('Origin',(4.52306245304476,26.5,-13.2492228468638));
#3633=CARTESIAN_POINT('Origin',(9.21263233926277,26.5,10.5416984106722));
#3634=CARTESIAN_POINT('',(8.13010058453223,26.5,11.1666984106723));
#3635=CARTESIAN_POINT('Origin',(9.21263233926277,26.5,10.5416984106722));
#3636=CARTESIAN_POINT('',(8.13010058453223,26.5,11.1666984106723));
#3637=CARTESIAN_POINT('Origin',(9.21263233926277,26.5,10.5416984106722));
#3638=CARTESIAN_POINT('Origin',(0.,9.,20.));
#3639=CARTESIAN_POINT('',(3.15172688523701,2.35598296973572,18.9073624796658));
#3640=CARTESIAN_POINT('',(-9.02727742738661,9.00000000006655,16.765235396003));
#3641=CARTESIAN_POINT('Ctrl Pts',(3.15172688523702,2.35598296973572,18.9073624796658));
#3642=CARTESIAN_POINT('Ctrl Pts',(3.59635341254138,2.49711414315879,18.8266595364295));
#3643=CARTESIAN_POINT('Ctrl Pts',(4.02356084881737,2.66576969400562,18.7317799509747));
#3644=CARTESIAN_POINT('Ctrl Pts',(4.43435393931546,2.86037268923557,18.6259305946673));
#3645=CARTESIAN_POINT('Ctrl Pts',(4.43564354136234,2.86098360608588,18.625598301964));
#3646=CARTESIAN_POINT('Ctrl Pts',(4.43693298165326,2.86159477862958,18.6252659011248));
#3647=CARTESIAN_POINT('Ctrl Pts',(4.43822226022626,2.86220620694465,18.6249333922255));
#3648=CARTESIAN_POINT('Ctrl Pts',(4.80873099177795,3.0379165105162,18.5293780537021));
#3649=CARTESIAN_POINT('Ctrl Pts',(5.16587817205709,3.23474755307434,18.4249003377407));
#3650=CARTESIAN_POINT('Ctrl Pts',(5.51062436135738,3.45455631731868,18.3132692615967));
#3651=CARTESIAN_POINT('Ctrl Pts',(5.54801567802571,3.47839686832525,18.3011617081337));
#3652=CARTESIAN_POINT('Ctrl Pts',(5.58526110095935,3.50250768130067,18.2889699770213));
#3653=CARTESIAN_POINT('Ctrl Pts',(5.62236184644803,3.52689109608982,18.2766963048636));
#3654=CARTESIAN_POINT('Ctrl Pts',(5.62354826473334,3.52767083592477,18.2763038138534));
#3655=CARTESIAN_POINT('Ctrl Pts',(5.62473453506976,3.5284508545248,18.275911239049));
#3656=CARTESIAN_POINT('Ctrl Pts',(5.62592065684431,3.52923115155964,18.2755185807725));
#3657=CARTESIAN_POINT('Ctrl Pts',(5.81531100699728,3.65382268323999,18.2128220768635));
#3658=CARTESIAN_POINT('Ctrl Pts',(6.00093144837936,3.78552415958072,18.1479923778937));
#3659=CARTESIAN_POINT('Ctrl Pts',(6.18032029079311,3.92302173519988,18.0823223178362));
#3660=CARTESIAN_POINT('Ctrl Pts',(6.18102052146874,3.923558446508,18.0820659797613));
#3661=CARTESIAN_POINT('Ctrl Pts',(6.18172065721299,3.92409524615171,18.0818096288677));
#3662=CARTESIAN_POINT('Ctrl Pts',(6.18242069802257,3.92463213412797,18.0815532651912));
#3663=CARTESIAN_POINT('Ctrl Pts',(6.36240437467364,4.06266847514407,18.0156409977601));
#3664=CARTESIAN_POINT('Ctrl Pts',(6.53610371218306,4.20653518351197,17.9488875456947));
#3665=CARTESIAN_POINT('Ctrl Pts',(6.70347306705598,4.35619770998887,17.8818986078423));
#3666=CARTESIAN_POINT('Ctrl Pts',(6.70352566827218,4.35624474626334,17.8818775544087));
#3667=CARTESIAN_POINT('Ctrl Pts',(6.70357826886307,4.35629178311036,17.8818565009518));
#3668=CARTESIAN_POINT('Ctrl Pts',(6.70363086882862,4.35633882052995,17.8818354474716));
#3669=CARTESIAN_POINT('Ctrl Pts',(7.00434905912762,4.62525549274361,17.7614710251544));
#3670=CARTESIAN_POINT('Ctrl Pts',(7.28463484785579,4.91288104946275,17.6403415925979));
#3671=CARTESIAN_POINT('Ctrl Pts',(7.54262491430268,5.22253408986635,17.5224819987787));
#3672=CARTESIAN_POINT('Ctrl Pts',(7.57189498711416,5.25766554730476,17.509110325442));
#3673=CARTESIAN_POINT('Ctrl Pts',(7.60087803371015,5.29308057038086,17.4957807155381));
#3674=CARTESIAN_POINT('Ctrl Pts',(7.62957130191058,5.32878403143813,17.48249904456));
#3675=CARTESIAN_POINT('Ctrl Pts',(7.63088521097566,5.33041894806075,17.4818908563336));
#3676=CARTESIAN_POINT('Ctrl Pts',(7.63219851248774,5.33205446944002,17.4812827685089));
#3677=CARTESIAN_POINT('Ctrl Pts',(7.63351120627931,5.33369059618092,17.4806747816138));
#3678=CARTESIAN_POINT('Ctrl Pts',(7.75692849145055,5.48751650886144,17.4235128657925));
#3679=CARTESIAN_POINT('Ctrl Pts',(7.87497687284105,5.64669075005018,17.3672426048683));
#3680=CARTESIAN_POINT('Ctrl Pts',(7.98706550403389,5.81229045648497,17.3125333333003));
#3681=CARTESIAN_POINT('Ctrl Pts',(8.00154184372361,5.83367779592658,17.305467585499));
#3682=CARTESIAN_POINT('Ctrl Pts',(8.0159187231813,5.8551723601661,17.2984278861431));
#3683=CARTESIAN_POINT('Ctrl Pts',(8.03019482156862,5.87677651514562,17.2914156891318));
#3684=CARTESIAN_POINT('Ctrl Pts',(8.0320430393351,5.87957344060661,17.2905078733724));
#3685=CARTESIAN_POINT('Ctrl Pts',(8.03388956150207,5.88237218795015,17.2896005193306));
#3686=CARTESIAN_POINT('Ctrl Pts',(8.03573438416381,5.88517276056321,17.2886936306493));
#3687=CARTESIAN_POINT('Ctrl Pts',(8.12692112689134,6.02360075131418,17.243867519946));
#3688=CARTESIAN_POINT('Ctrl Pts',(8.2139525804247,6.16649051200924,17.2001793820481));
#3689=CARTESIAN_POINT('Ctrl Pts',(8.29543404837797,6.3125173998138,17.1586006196));
#3690=CARTESIAN_POINT('Ctrl Pts',(8.32467780704133,6.36492655704409,17.1436779712347));
#3691=CARTESIAN_POINT('Ctrl Pts',(8.35320705000558,6.41773957139679,17.1290268967936));
#3692=CARTESIAN_POINT('Ctrl Pts',(8.38095879042566,6.470894618882,17.1146916912675));
#3693=CARTESIAN_POINT('Ctrl Pts',(8.38306751709723,6.47493362561326,17.113602425161));
#3694=CARTESIAN_POINT('Ctrl Pts',(8.38517178342848,6.47897462310317,17.1125149538231));
#3695=CARTESIAN_POINT('Ctrl Pts',(8.38727156696624,6.48301759833658,17.1114292955474));
#3696=CARTESIAN_POINT('Ctrl Pts',(8.43826584526304,6.58120324485317,17.0850635491479));
#3697=CARTESIAN_POINT('Ctrl Pts',(8.4866189022239,6.68055483197619,17.0597663051711));
#3698=CARTESIAN_POINT('Ctrl Pts',(8.53228050084356,6.78135074297881,17.0356662525259));
#3699=CARTESIAN_POINT('Ctrl Pts',(8.57982230007183,6.88629711167327,17.0105738357275));
#3700=CARTESIAN_POINT('Ctrl Pts',(8.62444616365429,6.99280810627041,16.9867792326995));
#3701=CARTESIAN_POINT('Ctrl Pts',(8.66609099658748,7.10119073579282,16.9643957931178));
#3702=CARTESIAN_POINT('Ctrl Pts',(8.66813056581728,7.10649881030409,16.9632995568884));
#3703=CARTESIAN_POINT('Ctrl Pts',(8.67016306079145,7.11181135375318,16.962206603964));
#3704=CARTESIAN_POINT('Ctrl Pts',(8.67218842208146,7.1171282979528,16.9611169829253));
#3705=CARTESIAN_POINT('Ctrl Pts',(8.69084042523668,7.16609322113796,16.9510824201279));
#3706=CARTESIAN_POINT('Ctrl Pts',(8.70888682533776,7.21543176661008,16.9413307482156));
#3707=CARTESIAN_POINT('Ctrl Pts',(8.72627776821965,7.26511502781926,16.9319003395638));
#3708=CARTESIAN_POINT('Ctrl Pts',(8.74750777892257,7.32576591802059,16.9203881588862));
#3709=CARTESIAN_POINT('Ctrl Pts',(8.76775363184459,7.38690949047248,16.9093587208262));
#3710=CARTESIAN_POINT('Ctrl Pts',(8.78696542201956,7.44852838672298,16.8988522927269));
#3711=CARTESIAN_POINT('Ctrl Pts',(8.7939235106608,7.47084539821339,16.895047095119));
#3712=CARTESIAN_POINT('Ctrl Pts',(8.80074606197763,7.49322467322224,16.8913104483731));
#3713=CARTESIAN_POINT('Ctrl Pts',(8.80742774738252,7.51565099718122,16.8876459580777));
#3714=CARTESIAN_POINT('Ctrl Pts',(8.82940887583415,7.58942817730391,16.8755906715726));
#3715=CARTESIAN_POINT('Ctrl Pts',(8.84989348601551,7.66379437248065,16.8643010646779));
#3716=CARTESIAN_POINT('Ctrl Pts',(8.86878786425951,7.73863176770857,16.8538513647611));
#3717=CARTESIAN_POINT('Ctrl Pts',(8.87149481142693,7.74935352168285,16.8523542641301));
#3718=CARTESIAN_POINT('Ctrl Pts',(8.87416904409019,7.76008497295332,16.8508744417353));
#3719=CARTESIAN_POINT('Ctrl Pts',(8.87681020911362,7.7708257938133,16.8494121568363));
#3720=CARTESIAN_POINT('Ctrl Pts',(8.87840864465013,7.77732614861943,16.848527180651));
#3721=CARTESIAN_POINT('Ctrl Pts',(8.87999502327721,7.78383015332953,16.847648596337));
#3722=CARTESIAN_POINT('Ctrl Pts',(8.88156921268646,7.79033753836447,16.8467764917364));
#3723=CARTESIAN_POINT('Ctrl Pts',(8.91166494750647,7.91474730330904,16.8301033845238));
#3724=CARTESIAN_POINT('Ctrl Pts',(8.93730182053655,8.04039404267703,16.8158003970846));
#3725=CARTESIAN_POINT('Ctrl Pts',(8.95827900346199,8.16689327430151,16.8040520945062));
#3726=CARTESIAN_POINT('Ctrl Pts',(8.97478518541507,8.26643091677421,16.7948077826894));
#3727=CARTESIAN_POINT('Ctrl Pts',(8.9884071027109,8.36649592708222,16.7871448624663));
#3728=CARTESIAN_POINT('Ctrl Pts',(8.9990664444768,8.4668947145846,16.7811434625313));
#3729=CARTESIAN_POINT('Ctrl Pts',(8.9997792681262,8.47360869671168,16.7807421300759));
#3730=CARTESIAN_POINT('Ctrl Pts',(9.00047886976371,8.48032422507189,16.7803482030451));
#3731=CARTESIAN_POINT('Ctrl Pts',(9.00116522757033,8.48704123237948,16.7799617044075));
#3732=CARTESIAN_POINT('Ctrl Pts',(9.01289346264464,8.60181903477276,16.7733573548495));
#3733=CARTESIAN_POINT('Ctrl Pts',(9.02075106204602,8.71702889893227,16.7689240253254));
#3734=CARTESIAN_POINT('Ctrl Pts',(9.02460365667948,8.83262142391991,16.7667477648182));
#3735=CARTESIAN_POINT('Ctrl Pts',(9.02840588485198,8.94670276308335,16.764599955407));
#3736=CARTESIAN_POINT('Ctrl Pts',(9.02830704422475,9.06115701485456,16.764650655746));
#3737=CARTESIAN_POINT('Ctrl Pts',(9.02422116685212,9.1759322551626,16.7669581996924));
#3738=CARTESIAN_POINT('Ctrl Pts',(9.02401881302181,9.18161652010318,16.7670724812319));
#3739=CARTESIAN_POINT('Ctrl Pts',(9.02380669989501,9.18730146958194,16.7671922818623));
#3740=CARTESIAN_POINT('Ctrl Pts',(9.02358481968066,9.19298711897354,16.7673176073881));
#3741=CARTESIAN_POINT('Ctrl Pts',(9.0177894830431,9.3414918079773,16.7705910115245));
#3742=CARTESIAN_POINT('Ctrl Pts',(9.00533326728852,9.49047012114235,16.7776320818048));
#3743=CARTESIAN_POINT('Ctrl Pts',(8.98667238681992,9.63801614065418,16.788118116647));
#3744=CARTESIAN_POINT('Ctrl Pts',(8.97614920277231,9.7212198202141,16.7940313678872));
#3745=CARTESIAN_POINT('Ctrl Pts',(8.96365240503241,9.80396888720267,16.8010404513664));
#3746=CARTESIAN_POINT('Ctrl Pts',(8.94926004798418,9.88592714182276,16.809089909868));
#3747=CARTESIAN_POINT('Ctrl Pts',(8.94829315024412,9.89143320666712,16.8096306832248));
#3748=CARTESIAN_POINT('Ctrl Pts',(8.94731768420609,9.89693581779226,16.8101761537898));
#3749=CARTESIAN_POINT('Ctrl Pts',(8.94633367160957,9.90243487880397,16.8107263054715));
#3750=CARTESIAN_POINT('Ctrl Pts',(8.92087500282738,10.0447082332364,16.8249599946473));
#3751=CARTESIAN_POINT('Ctrl Pts',(8.88969929167977,10.1846068247517,16.8423249683138));
#3752=CARTESIAN_POINT('Ctrl Pts',(8.85305337561803,10.3227886395397,16.8625498223734));
#3753=CARTESIAN_POINT('Ctrl Pts',(8.8312132852717,10.4051416994033,16.8746033521352));
#3754=CARTESIAN_POINT('Ctrl Pts',(8.80742935691688,10.4868845875483,16.8876731826762));
#3755=CARTESIAN_POINT('Ctrl Pts',(8.7817464873801,10.5681541532661,16.9017057680094));
#3756=CARTESIAN_POINT('Ctrl Pts',(8.77981298471814,10.5742724307205,16.9027621936186));
#3757=CARTESIAN_POINT('Ctrl Pts',(8.77786876090234,10.5803878894185,16.9038240523517));
#3758=CARTESIAN_POINT('Ctrl Pts',(8.77591383972018,10.5865005726197,16.9048913192162));
#3759=CARTESIAN_POINT('Ctrl Pts',(8.70664613659595,10.803088089874,16.9427072296462));
#3760=CARTESIAN_POINT('Ctrl Pts',(8.62394420932674,11.0161881168461,16.9873141011566));
#3761=CARTESIAN_POINT('Ctrl Pts',(8.53083413448203,11.2216508803073,17.0364456193023));
#3762=CARTESIAN_POINT('Ctrl Pts',(8.52778237342703,11.2283850952763,17.0380559461536));
#3763=CARTESIAN_POINT('Ctrl Pts',(8.52471936932102,11.2351112751183,17.0396711611253));
#3764=CARTESIAN_POINT('Ctrl Pts',(8.52164522695884,11.2418292774096,17.0412911847486));
#3765=CARTESIAN_POINT('Ctrl Pts',(8.42827934531019,11.4458641375269,17.0904935039836));
#3766=CARTESIAN_POINT('Ctrl Pts',(8.32463842441894,11.6423547473849,17.144131810634));
#3767=CARTESIAN_POINT('Ctrl Pts',(8.21230660843839,11.8322853821624,17.20077980276));
#3768=CARTESIAN_POINT('Ctrl Pts',(8.20800110496626,11.8395651274453,17.2029510320298));
#3769=CARTESIAN_POINT('Ctrl Pts',(8.2036828050418,11.8468352566049,17.2051267105734));
#3770=CARTESIAN_POINT('Ctrl Pts',(8.19935179430112,11.8540958309131,17.2073067599543));
#3771=CARTESIAN_POINT('Ctrl Pts',(8.0869649751962,12.0425028564845,17.263877576811));
#3772=CARTESIAN_POINT('Ctrl Pts',(7.96602124084517,12.2244770133253,17.3233910979951));
#3773=CARTESIAN_POINT('Ctrl Pts',(7.83673321531599,12.4011949499141,17.3851085901688));
#3774=CARTESIAN_POINT('Ctrl Pts',(7.83100535244749,12.4090241058088,17.3878428676111));
#3775=CARTESIAN_POINT('Ctrl Pts',(7.82526125664921,12.4168427399758,17.3905814001521));
#3776=CARTESIAN_POINT('Ctrl Pts',(7.81950094121727,12.4246509620209,17.3933241275863));
#3777=CARTESIAN_POINT('Ctrl Pts',(7.69717301954102,12.5904688909266,17.45156957451));
#3778=CARTESIAN_POINT('Ctrl Pts',(7.56753367432619,12.7515939540381,17.5117058873526));
#3779=CARTESIAN_POINT('Ctrl Pts',(7.43221559651362,12.9069695050769,17.5725041280324));
#3780=CARTESIAN_POINT('Ctrl Pts',(7.42453547055424,12.9157880149336,17.5759547988819));
#3781=CARTESIAN_POINT('Ctrl Pts',(7.41683704264482,12.9245879942106,17.5794076040353));
#3782=CARTESIAN_POINT('Ctrl Pts',(7.40912060822635,12.933369245945,17.5828623193401));
#3783=CARTESIAN_POINT('Ctrl Pts',(7.40187503615809,12.9416146594146,17.5861062254448));
#3784=CARTESIAN_POINT('Ctrl Pts',(7.39461344409173,12.9498437570675,17.5893518608312));
#3785=CARTESIAN_POINT('Ctrl Pts',(7.38733610709826,12.9580563387975,17.5925990241636));
#3786=CARTESIAN_POINT('Ctrl Pts',(7.24387912732542,13.119949648423,17.6566098353852));
#3787=CARTESIAN_POINT('Ctrl Pts',(7.09429997994385,13.2754210953482,17.7212149234552));
#3788=CARTESIAN_POINT('Ctrl Pts',(6.93969750221858,13.4244696140639,17.7855115514055));
#3789=CARTESIAN_POINT('Ctrl Pts',(6.93107682080501,13.4327806050255,17.7890967510328));
#3790=CARTESIAN_POINT('Ctrl Pts',(6.92244042052607,13.441071715835,17.7926810567992));
#3791=CARTESIAN_POINT('Ctrl Pts',(6.91378845770671,13.4493429857267,17.7962643260093));
#3792=CARTESIAN_POINT('Ctrl Pts',(6.75940575675943,13.5969327307125,17.8602029709643));
#3793=CARTESIAN_POINT('Ctrl Pts',(6.60006974403153,13.7382068033925,17.923812112997));
#3794=CARTESIAN_POINT('Ctrl Pts',(6.4357533002287,13.8738016954037,17.9866899163058));
#3795=CARTESIAN_POINT('Ctrl Pts',(6.42583050492565,13.8819900442167,17.9904870017155));
#3796=CARTESIAN_POINT('Ctrl Pts',(6.41588957450196,13.8901576325208,17.9942814178757));
#3797=CARTESIAN_POINT('Ctrl Pts',(6.4059305274942,13.8983045751713,17.9980730672578));
#3798=CARTESIAN_POINT('Ctrl Pts',(6.24173050546696,14.0326274839426,18.0605879757199));
#3799=CARTESIAN_POINT('Ctrl Pts',(6.07260494592711,14.1613371103095,18.1223508647652));
#3800=CARTESIAN_POINT('Ctrl Pts',(5.89863011865842,14.2846098892771,18.1829230386305));
#3801=CARTESIAN_POINT('Ctrl Pts',(5.88753544861619,14.2924712036368,18.186785828974));
#3802=CARTESIAN_POINT('Ctrl Pts',(5.8764210836973,14.3003103770512,18.1906437838293));
#3803=CARTESIAN_POINT('Ctrl Pts',(5.86528699485917,14.3081274931158,18.1944968061516));
#3804=CARTESIAN_POINT('Ctrl Pts',(5.69123873462794,14.4303247802802,18.2547273145994));
#3805=CARTESIAN_POINT('Ctrl Pts',(5.51237351504841,14.5471352888151,18.3137537650898));
#3806=CARTESIAN_POINT('Ctrl Pts',(5.32856354800569,14.6585836945881,18.3711647782783));
#3807=CARTESIAN_POINT('Ctrl Pts',(5.31647784520604,14.6659115469964,18.374939614072));
#3808=CARTESIAN_POINT('Ctrl Pts',(5.30437123525636,14.673215909882,18.3787073112553));
#3809=CARTESIAN_POINT('Ctrl Pts',(5.29224375189041,14.6804967462715,18.3824677324081));
#3810=CARTESIAN_POINT('Ctrl Pts',(5.10812662544995,14.7910330078909,18.4395577251103));
#3811=CARTESIAN_POINT('Ctrl Pts',(4.91919625139717,14.8961454036241,18.4949704223945));
#3812=CARTESIAN_POINT('Ctrl Pts',(4.72761655268562,14.994744624304,18.5477545734431));
#3813=CARTESIAN_POINT('Ctrl Pts',(4.71497144426135,15.0012526094634,18.5512385611389));
#3814=CARTESIAN_POINT('Ctrl Pts',(4.70231414261042,15.0077325712196,18.5547112748012));
#3815=CARTESIAN_POINT('Ctrl Pts',(4.68964523335009,15.0141842101552,18.5581724462617));
#3816=CARTESIAN_POINT('Ctrl Pts',(4.49773106724615,15.1119164522048,18.6106037819777));
#3817=CARTESIAN_POINT('Ctrl Pts',(4.30315385453608,15.203149703906,18.6603870096407));
#3818=CARTESIAN_POINT('Ctrl Pts',(4.10564098768747,15.2882655840699,18.7073856287194));
#3819=CARTESIAN_POINT('Ctrl Pts',(4.09290699007523,15.2937531527132,18.7104157113296));
#3820=CARTESIAN_POINT('Ctrl Pts',(4.08016087603811,15.2992152421222,18.7134342088859));
#3821=CARTESIAN_POINT('Ctrl Pts',(4.06740261175718,15.3046519371628,18.7164410763396));
#3822=CARTESIAN_POINT('Ctrl Pts',(3.84452688214242,15.399626249278,18.7689684235435));
#3823=CARTESIAN_POINT('Ctrl Pts',(3.6179418966393,15.4868473190967,18.8179451354515));
#3824=CARTESIAN_POINT('Ctrl Pts',(3.38741208821613,15.5661871066027,18.8629799121507));
#3825=CARTESIAN_POINT('Ctrl Pts',(3.19474387923815,15.632496339513,18.9006182975192));
#3826=CARTESIAN_POINT('Ctrl Pts',(2.99932036271292,15.6933012556924,18.9355034316562));
#3827=CARTESIAN_POINT('Ctrl Pts',(2.80101437220497,15.7485507475742,18.9674177738243));
#3828=CARTESIAN_POINT('Ctrl Pts',(2.78922941778425,15.7518341216262,18.9693143835377));
#3829=CARTESIAN_POINT('Ctrl Pts',(2.77743366086295,15.7550980686035,18.9712005906922));
#3830=CARTESIAN_POINT('Ctrl Pts',(2.76562704914712,15.7583425806329,18.9730763507945));
#3831=CARTESIAN_POINT('Ctrl Pts',(2.54188725567276,15.8198273206137,19.0086227198958));
#3832=CARTESIAN_POINT('Ctrl Pts',(2.31424727807104,15.8743338291359,19.0404182163401));
#3833=CARTESIAN_POINT('Ctrl Pts',(2.0850351847523,15.9210537586531,19.0678153253509));
#3834=CARTESIAN_POINT('Ctrl Pts',(1.86534720744428,15.9658324030387,19.0940740422255));
#3835=CARTESIAN_POINT('Ctrl Pts',(1.64421614859951,16.003457374414,19.1162918542672));
#3836=CARTESIAN_POINT('Ctrl Pts',(1.42252776118299,16.0339319683161,19.1343277331139));
#3837=CARTESIAN_POINT('Ctrl Pts',(1.41337494900396,16.0351901678883,19.1350723774929));
#3838=CARTESIAN_POINT('Ctrl Pts',(1.40422169433078,16.0364360921096,19.1358098723912));
#3839=CARTESIAN_POINT('Ctrl Pts',(1.39506805807919,16.037669745703,19.136540209889));
#3840=CARTESIAN_POINT('Ctrl Pts',(1.08951722312879,16.0788494337684,19.1609190715895));
#3841=CARTESIAN_POINT('Ctrl Pts',(0.783541458947113,16.1063603432174,19.1773251878484));
#3842=CARTESIAN_POINT('Ctrl Pts',(0.47664678529277,16.1203294052181,19.1856802579754));
#3843=CARTESIAN_POINT('Ctrl Pts',(0.325454193803854,16.1272113059673,19.1897964086063));
#3844=CARTESIAN_POINT('Ctrl Pts',(0.174038532809913,16.1308058296998,19.1919580850119));
#3845=CARTESIAN_POINT('Ctrl Pts',(0.0223403735423974,16.131124205923,19.1921535010421));
#3846=CARTESIAN_POINT('Ctrl Pts',(0.0169500948642519,16.1311355187601,19.1921604447444));
#3847=CARTESIAN_POINT('Ctrl Pts',(0.0115594659283808,16.1311426931134,19.192164907964));
#3848=CARTESIAN_POINT('Ctrl Pts',(0.00616848367166825,16.1311457293754,
19.1921668902561));
#3849=CARTESIAN_POINT('Ctrl Pts',(-0.22289297526947,16.131274739372,19.1922511173432));
#3850=CARTESIAN_POINT('Ctrl Pts',(-0.452592138176974,16.1239348178422,19.1878574440668));
#3851=CARTESIAN_POINT('Ctrl Pts',(-0.683098656449935,16.1088152429712,19.1788433881983));
#3852=CARTESIAN_POINT('Ctrl Pts',(-0.686539176741874,16.1085895695085,19.1787088451825));
#3853=CARTESIAN_POINT('Ctrl Pts',(-0.689979865890974,16.1083621636886,19.178573272341));
#3854=CARTESIAN_POINT('Ctrl Pts',(-0.693420723544193,16.1081330245068,19.1784366692693));
#3855=CARTESIAN_POINT('Ctrl Pts',(-0.925934510360487,16.092649088744,19.1692058028118));
#3856=CARTESIAN_POINT('Ctrl Pts',(-1.15921710246109,16.0692457369734,19.155268085008));
#3857=CARTESIAN_POINT('Ctrl Pts',(-1.38971248336484,16.0383789208418,19.1369783605055));
#3858=CARTESIAN_POINT('Ctrl Pts',(-1.39108583490953,16.0381950083076,19.1368693855608));
#3859=CARTESIAN_POINT('Ctrl Pts',(-1.39245908843928,16.0380108311491,19.1367602557533));
#3860=CARTESIAN_POINT('Ctrl Pts',(-1.39383224329454,16.0378263894562,19.1366509711516));
#3861=CARTESIAN_POINT('Ctrl Pts',(-1.60714910593657,16.0091737410532,19.1196738266817));
#3862=CARTESIAN_POINT('Ctrl Pts',(-1.8180859465562,15.974140709489,19.098963152405));
#3863=CARTESIAN_POINT('Ctrl Pts',(-2.02701950203843,15.932803381583,19.0746934328641));
#3864=CARTESIAN_POINT('Ctrl Pts',(-2.04580817822421,15.9290860578309,19.072510940442));
#3865=CARTESIAN_POINT('Ctrl Pts',(-2.06458064435799,15.9253177237449,19.0702996502008));
#3866=CARTESIAN_POINT('Ctrl Pts',(-2.08333716870262,15.9214984176566,19.0680596793566));
#3867=CARTESIAN_POINT('Ctrl Pts',(-2.26351767836184,15.8848090766629,19.0465418820871));
#3868=CARTESIAN_POINT('Ctrl Pts',(-2.44222231253034,15.8434129970454,19.0223757593786));
#3869=CARTESIAN_POINT('Ctrl Pts',(-2.61936560157389,15.7974359514739,18.995713396472));
#3870=CARTESIAN_POINT('Ctrl Pts',(-2.66466494329952,15.7856786339367,18.9888952579186));
#3871=CARTESIAN_POINT('Ctrl Pts',(-2.70986225355807,15.7736219764132,18.9819140058183));
#3872=CARTESIAN_POINT('Ctrl Pts',(-2.75495624131715,15.7612685424989,18.9747724331208));
#3873=CARTESIAN_POINT('Ctrl Pts',(-2.75732334050754,15.760620079037,18.9743975536349));
#3874=CARTESIAN_POINT('Ctrl Pts',(-2.75969015500771,15.7599707978589,18.9740222324126));
#3875=CARTESIAN_POINT('Ctrl Pts',(-2.76205668483501,15.7593206987463,18.9736464696478));
#3876=CARTESIAN_POINT('Ctrl Pts',(-2.9820347379641,15.6988914848511,18.9387178748382));
#3877=CARTESIAN_POINT('Ctrl Pts',(-3.19955444808988,15.6313876331461,18.8999882991269));
#3878=CARTESIAN_POINT('Ctrl Pts',(-3.41518829183195,15.5564671226039,18.857503544297));
#3879=CARTESIAN_POINT('Ctrl Pts',(-3.41888330506852,15.5551833154179,18.8567755429372));
#3880=CARTESIAN_POINT('Ctrl Pts',(-3.42257776420693,15.5538973295494,18.8560464384416));
#3881=CARTESIAN_POINT('Ctrl Pts',(-3.4262716586572,15.5526091689734,18.855316234491));
#3882=CARTESIAN_POINT('Ctrl Pts',(-3.64081078947331,15.4777935904439,18.8129064355682));
#3883=CARTESIAN_POINT('Ctrl Pts',(-3.85348848582017,15.3956233371895,18.7667804198829));
#3884=CARTESIAN_POINT('Ctrl Pts',(-4.06200168467461,15.3069484644781,18.717715795578));
#3885=CARTESIAN_POINT('Ctrl Pts',(-4.06659233425861,15.3049961887,18.7166355833977));
#3886=CARTESIAN_POINT('Ctrl Pts',(-4.07118096644385,15.3030407606866,18.7155539470051));
#3887=CARTESIAN_POINT('Ctrl Pts',(-4.07576757542271,15.3010821853008,18.7144708926792));
#3888=CARTESIAN_POINT('Ctrl Pts',(-4.28345040250213,15.2123973911403,18.6654299159316));
#3889=CARTESIAN_POINT('Ctrl Pts',(-4.48695228191351,15.1172749861685,18.6134924138031));
#3890=CARTESIAN_POINT('Ctrl Pts',(-4.68591418851349,15.0160824044637,18.5591916262143));
#3891=CARTESIAN_POINT('Ctrl Pts',(-4.69092787914619,15.0135324273969,18.5578232871451));
#3892=CARTESIAN_POINT('Ctrl Pts',(-4.69593868626275,15.010978594295,18.5564534465982));
#3893=CARTESIAN_POINT('Ctrl Pts',(-4.70094661518593,15.0084209023804,18.5550821095537));
#3894=CARTESIAN_POINT('Ctrl Pts',(-4.89935862147912,14.9070862404819,18.5007503212087));
#3895=CARTESIAN_POINT('Ctrl Pts',(-5.09323322819219,14.799704032692,18.4440741467331));
#3896=CARTESIAN_POINT('Ctrl Pts',(-5.28278108284885,14.6861715589755,18.3853997464775));
#3897=CARTESIAN_POINT('Ctrl Pts',(-5.28787218218306,14.683122170195,18.3838238003892));
#3898=CARTESIAN_POINT('Ctrl Pts',(-5.29296016031508,14.6800683450448,18.3822464127245));
#3899=CARTESIAN_POINT('Ctrl Pts',(-5.29804501679409,14.6770100793999,18.3806675910478));
#3900=CARTESIAN_POINT('Ctrl Pts',(-5.48735117704312,14.5631526817227,18.3218890059355));
#3901=CARTESIAN_POINT('Ctrl Pts',(-5.6723345477481,14.4431403359838,18.2611212184678));
#3902=CARTESIAN_POINT('Ctrl Pts',(-5.85303070850798,14.3167166258367,18.1987340243656));
#3903=CARTESIAN_POINT('Ctrl Pts',(-5.85789314004171,14.3133146352673,18.1970552202415));
#3904=CARTESIAN_POINT('Ctrl Pts',(-5.86275246674757,14.3099080017171,18.1953752430962));
#3905=CARTESIAN_POINT('Ctrl Pts',(-5.86760868143432,14.3064967191793,18.1936941027681));
#3906=CARTESIAN_POINT('Ctrl Pts',(-6.04832115020573,14.1795539605001,18.1311344676123));
#3907=CARTESIAN_POINT('Ctrl Pts',(-6.22472901287592,14.0461700386027,18.0669601275023));
#3908=CARTESIAN_POINT('Ctrl Pts',(-6.39638482164414,13.9061037618001,18.0017037220878));
#3909=CARTESIAN_POINT('Ctrl Pts',(-6.40076271937252,13.9025315212832,18.0000394272931));
#3910=CARTESIAN_POINT('Ctrl Pts',(-6.40513752687014,13.898954935182,17.9983744285888));
#3911=CARTESIAN_POINT('Ctrl Pts',(-6.4095092088611,13.8953740268229,17.9967087484183));
#3912=CARTESIAN_POINT('Ctrl Pts',(-6.58138024282584,13.7545919609079,17.9312231587218));
#3913=CARTESIAN_POINT('Ctrl Pts',(-6.74846703122335,13.607090063556,17.8646703872409));
#3914=CARTESIAN_POINT('Ctrl Pts',(-6.90873828204906,13.4541639865608,17.7983570254253));
#3915=CARTESIAN_POINT('Ctrl Pts',(-6.91238694646295,13.4506825391258,17.7968473647583));
#3916=CARTESIAN_POINT('Ctrl Pts',(-6.91603207811725,13.4471982793291,17.7953378279327));
#3917=CARTESIAN_POINT('Ctrl Pts',(-6.91967367895364,13.4437111987449,17.7938284210072));
#3918=CARTESIAN_POINT('Ctrl Pts',(-7.08018239830373,13.2900131785662,17.7272991709708));
#3919=CARTESIAN_POINT('Ctrl Pts',(-7.23378425924224,13.1308806182732,17.6610431434208));
#3920=CARTESIAN_POINT('Ctrl Pts',(-7.38060729617787,12.9656364091883,17.5956010814691));
#3921=CARTESIAN_POINT('Ctrl Pts',(-7.38343735778696,12.9624512735174,17.5943396645211));
#3922=CARTESIAN_POINT('Ctrl Pts',(-7.3862649005169,12.9592638670173,17.5930785499244));
#3923=CARTESIAN_POINT('Ctrl Pts',(-7.38908992164284,12.9560741819361,17.5918177428131));
#3924=CARTESIAN_POINT('Ctrl Pts',(-7.53623353710338,12.7899367358455,17.5261475377156));
#3925=CARTESIAN_POINT('Ctrl Pts',(-7.67654027475072,12.6176212161707,17.4613075222459));
#3926=CARTESIAN_POINT('Ctrl Pts',(-7.80964552930236,12.4379839036031,17.3980130905943));
#3927=CARTESIAN_POINT('Ctrl Pts',(-7.81167448273085,12.4352456515149,17.3970482792911));
#3928=CARTESIAN_POINT('Ctrl Pts',(-7.81370176242978,12.4325056978224,17.3960838271497));
#3929=CARTESIAN_POINT('Ctrl Pts',(-7.81572736141257,12.4297640436062,17.3951197397629));
#3930=CARTESIAN_POINT('Ctrl Pts',(-7.94912641048973,12.2492080360027,17.3316282285019));
#3931=CARTESIAN_POINT('Ctrl Pts',(-8.07525594512732,12.0612522949437,17.2697058725644));
#3932=CARTESIAN_POINT('Ctrl Pts',(-8.19203513032804,11.8663316828671,17.2109883144917));
#3933=CARTESIAN_POINT('Ctrl Pts',(-8.19335852897808,11.8641227474781,17.2103228985021));
#3934=CARTESIAN_POINT('Ctrl Pts',(-8.1946807270025,11.8619129177997,17.2096578940389));
#3935=CARTESIAN_POINT('Ctrl Pts',(-8.19600172105991,11.8597021967614,17.208993303872));
#3936=CARTESIAN_POINT('Ctrl Pts',(-8.312998243637,11.6639051964499,17.1501325254825));
#3937=CARTESIAN_POINT('Ctrl Pts',(-8.42055864463289,11.4610998930696,17.0945213065933));
#3938=CARTESIAN_POINT('Ctrl Pts',(-8.51641996973982,11.2531914493707,17.0440481321035));
#3939=CARTESIAN_POINT('Ctrl Pts',(-8.51715039813657,11.2516072627237,17.0436635448899));
#3940=CARTESIAN_POINT('Ctrl Pts',(-8.51788014712914,11.250022779724,17.0432792560746));
#3941=CARTESIAN_POINT('Ctrl Pts',(-8.51860921627472,11.2484379992014,17.0428952661934));
#3942=CARTESIAN_POINT('Ctrl Pts',(-8.61458645547265,11.0398118898359,16.9923454810291));
#3943=CARTESIAN_POINT('Ctrl Pts',(-8.69877498713719,10.8260670891768,16.9469763344608));
#3944=CARTESIAN_POINT('Ctrl Pts',(-8.77014021987828,10.6044951314647,16.9080408636451));
#3945=CARTESIAN_POINT('Ctrl Pts',(-8.77046349710962,10.6034914330771,16.9078644899303));
#3946=CARTESIAN_POINT('Ctrl Pts',(-8.77078651112262,10.6024875740384,16.9076882482742));
#3947=CARTESIAN_POINT('Ctrl Pts',(-8.771109261624,10.6014835549415,16.9075121388926));
#3948=CARTESIAN_POINT('Ctrl Pts',(-8.80689511397241,10.4901601673665,16.887985525296));
#3949=CARTESIAN_POINT('Ctrl Pts',(-8.83944973199163,10.3768614243359,16.8700767379003));
#3950=CARTESIAN_POINT('Ctrl Pts',(-8.86837135271719,10.2623836683529,16.8540813322895));
#3951=CARTESIAN_POINT('Ctrl Pts',(-8.89711790684751,10.1485988621586,16.8381827490949));
#3952=CARTESIAN_POINT('Ctrl Pts',(-8.92227544183952,10.0336493549054,16.8241742980415));
#3953=CARTESIAN_POINT('Ctrl Pts',(-8.94344923417606,9.91832164629676,16.8123403445599));
#3954=CARTESIAN_POINT('Ctrl Pts',(-8.94357818263075,9.91761930022805,16.81226827575));
#3955=CARTESIAN_POINT('Ctrl Pts',(-8.94370698330469,9.91691694014243,16.8121962876083));
#3956=CARTESIAN_POINT('Ctrl Pts',(-8.94383563619612,9.91621456602958,16.8121243801435));
#3957=CARTESIAN_POINT('Ctrl Pts',(-8.96508954889233,9.80017987835996,16.8002450126278));
#3958=CARTESIAN_POINT('Ctrl Pts',(-8.98232486615657,9.68377209979953,16.7905501806693));
#3959=CARTESIAN_POINT('Ctrl Pts',(-8.99549243074053,9.56680520890568,16.7831344858016));
#3960=CARTESIAN_POINT('Ctrl Pts',(-9.00849673494427,9.45128855271224,16.7758107357393));
#3961=CARTESIAN_POINT('Ctrl Pts',(-9.01753340762818,9.33522729351715,16.7707099508202));
#3962=CARTESIAN_POINT('Ctrl Pts',(-9.02256443425868,9.21844208901577,16.7678806933342));
#3963=CARTESIAN_POINT('Ctrl Pts',(-9.02262759544805,9.21697592853602,16.7678451738903));
#3964=CARTESIAN_POINT('Ctrl Pts',(-9.02269012471691,9.2155096538089,16.7678100128242));
#3965=CARTESIAN_POINT('Ctrl Pts',(-9.0227520217658,9.21404326457392,16.7677752102628));
#3966=CARTESIAN_POINT('Ctrl Pts',(-9.02575437167808,9.14291525976373,16.7660870931576));
#3967=CARTESIAN_POINT('Ctrl Pts',(-9.02727529285343,9.07151711326692,16.7652333127221));
#3968=CARTESIAN_POINT('Ctrl Pts',(-9.02727742738661,9.00000000006655,16.765235396003));
#3969=CARTESIAN_POINT('',(-6.65013908252043,9.,19.8078307376628));
#3970=CARTESIAN_POINT('',(-6.5,9.,20.));
#3971=CARTESIAN_POINT('Origin',(0.,9.,19.8078307376628));
#3972=CARTESIAN_POINT('',(-3.15172688523703,2.35598296973572,18.9073624796658));
#3973=CARTESIAN_POINT('Ctrl Pts',(-9.02727742738661,9.00000000006655,16.765235396003));
#3974=CARTESIAN_POINT('Ctrl Pts',(-9.02727884210025,8.95260029890167,16.7652367767479));
#3975=CARTESIAN_POINT('Ctrl Pts',(-9.0266135891957,8.90514840543292,16.7656138313007));
#3976=CARTESIAN_POINT('Ctrl Pts',(-9.02527674282911,8.85768905343963,16.76636945035));
#3977=CARTESIAN_POINT('Ctrl Pts',(-9.02292511903042,8.77420411125966,16.7676986470204));
#3978=CARTESIAN_POINT('Ctrl Pts',(-9.01849291108688,8.69069951233054,16.770200624318));
#3979=CARTESIAN_POINT('Ctrl Pts',(-9.01199878467231,8.60741121258005,16.7738586808899));
#3980=CARTESIAN_POINT('Ctrl Pts',(-9.00949455601781,8.57529404492663,16.7752692801764));
#3981=CARTESIAN_POINT('Ctrl Pts',(-9.00668420104061,8.54320905548462,16.7768515181358));
#3982=CARTESIAN_POINT('Ctrl Pts',(-9.00357059944669,8.51116982159001,16.7786034209794));
#3983=CARTESIAN_POINT('Ctrl Pts',(-9.00324287197572,8.50779747712668,16.7787878205152));
#3984=CARTESIAN_POINT('Ctrl Pts',(-9.00291178577053,8.5044256396156,16.7789740992434));
#3985=CARTESIAN_POINT('Ctrl Pts',(-9.00257735522774,8.5010543671951,16.7791622477447));
#3986=CARTESIAN_POINT('Ctrl Pts',(-8.99670172838445,8.44182431432654,16.7824678381236));
#3987=CARTESIAN_POINT('Ctrl Pts',(-8.98979020442252,8.38275492186431,16.7863557466675));
#3988=CARTESIAN_POINT('Ctrl Pts',(-8.98187072739988,8.3238970510059,16.7908099414297));
#3989=CARTESIAN_POINT('Ctrl Pts',(-8.97435729777088,8.2680569406623,16.7950357607362));
#3990=CARTESIAN_POINT('Ctrl Pts',(-8.96594411377927,8.21237183413124,16.7997575800063));
#3991=CARTESIAN_POINT('Ctrl Pts',(-8.95665018986496,8.15696184834092,16.8049612167178));
#3992=CARTESIAN_POINT('Ctrl Pts',(-8.95124982225252,8.12476508242951,16.8079848643636));
#3993=CARTESIAN_POINT('Ctrl Pts',(-8.94555190481798,8.09266134510568,16.8111712909035));
#3994=CARTESIAN_POINT('Ctrl Pts',(-8.93955558157696,8.0606271621383,16.8145201844369));
#3995=CARTESIAN_POINT('Ctrl Pts',(-8.92496888809488,7.98270060796311,16.8226667238266));
#3996=CARTESIAN_POINT('Ctrl Pts',(-8.90863290430336,7.90529802406758,16.8317654122416));
#3997=CARTESIAN_POINT('Ctrl Pts',(-8.890666106659,7.82853287410796,16.8417282070181));
#3998=CARTESIAN_POINT('Ctrl Pts',(-8.88922916433932,7.82239337753004,16.8425250079684));
#3999=CARTESIAN_POINT('Ctrl Pts',(-8.8877818132661,7.81625794912617,16.8433273236761));
#4000=CARTESIAN_POINT('Ctrl Pts',(-8.88632412570337,7.8101266424781,16.8441351027276));
#4001=CARTESIAN_POINT('Ctrl Pts',(-8.88562118792744,7.80716995466039,16.8445246364139));
#4002=CARTESIAN_POINT('Ctrl Pts',(-8.88491584648919,7.80421422532393,16.8449154405539));
#4003=CARTESIAN_POINT('Ctrl Pts',(-8.88420810860127,7.8012594683691,16.8453075094162));
#4004=CARTESIAN_POINT('Ctrl Pts',(-8.856840074928,7.68699981205302,16.8604687068179));
#4005=CARTESIAN_POINT('Ctrl Pts',(-8.82587223687507,7.57418879557176,16.877543476863));
#4006=CARTESIAN_POINT('Ctrl Pts',(-8.79143278693047,7.46268945641908,16.8963910024971));
#4007=CARTESIAN_POINT('Ctrl Pts',(-8.75770649011494,7.35349898406698,16.9148482439686));
#4008=CARTESIAN_POINT('Ctrl Pts',(-8.72065088351643,7.24556697208091,16.9350056937158));
#4009=CARTESIAN_POINT('Ctrl Pts',(-8.68038668998469,7.13876022847748,16.9566994131842));
#4010=CARTESIAN_POINT('Ctrl Pts',(-8.67953529097803,7.13650176636927,16.9571581336896));
#4011=CARTESIAN_POINT('Ctrl Pts',(-8.67868245600878,7.13424380744672,16.9576175416246));
#4012=CARTESIAN_POINT('Ctrl Pts',(-8.67782818874955,7.13198635382202,16.9580776340551));
#4013=CARTESIAN_POINT('Ctrl Pts',(-8.61668152497087,6.97040254466405,16.9910100879826));
#4014=CARTESIAN_POINT('Ctrl Pts',(-8.54816456773512,6.8114073706671,17.0274861138756));
#4015=CARTESIAN_POINT('Ctrl Pts',(-8.47379512756166,6.65644855226409,17.0664156924844));
#4016=CARTESIAN_POINT('Ctrl Pts',(-8.44852840792078,6.6038019139226,17.0796418610041));
#4017=CARTESIAN_POINT('Ctrl Pts',(-8.4225865505848,6.55162103257152,17.0931510449812));
#4018=CARTESIAN_POINT('Ctrl Pts',(-8.39603013914713,6.49996207087041,17.1069000312049));
#4019=CARTESIAN_POINT('Ctrl Pts',(-8.39527948813889,6.49850186410352,17.1072886639234));
#4020=CARTESIAN_POINT('Ctrl Pts',(-8.39452834613987,6.49704207431322,17.1076774882302));
#4021=CARTESIAN_POINT('Ctrl Pts',(-8.39377671345282,6.49558270112333,17.1080665037297));
#4022=CARTESIAN_POINT('Ctrl Pts',(-8.28752070221027,6.28927558230764,17.1630604336194));
#4023=CARTESIAN_POINT('Ctrl Pts',(-8.17146781181383,6.09133536698094,17.2218830264712));
#4024=CARTESIAN_POINT('Ctrl Pts',(-8.04625239892869,5.90029518769683,17.2835291077157));
#4025=CARTESIAN_POINT('Ctrl Pts',(-7.92255840625308,5.71157622736571,17.3444261630082));
#4026=CARTESIAN_POINT('Ctrl Pts',(-7.78992268561923,5.52959156978247,17.4080792660295));
#4027=CARTESIAN_POINT('Ctrl Pts',(-7.64891713787782,5.35295484378902,17.4735319213736));
#4028=CARTESIAN_POINT('Ctrl Pts',(-7.64878010532038,5.35278318400195,17.4735955298265));
#4029=CARTESIAN_POINT('Ctrl Pts',(-7.64864306485997,5.35261152927287,17.4736591399773));
#4030=CARTESIAN_POINT('Ctrl Pts',(-7.64850601649719,5.35243987960061,17.4737227518249));
#4031=CARTESIAN_POINT('Ctrl Pts',(-7.50675397846445,5.17489897085719,17.5395178394772));
#4032=CARTESIAN_POINT('Ctrl Pts',(-7.35654689137305,5.0027674114872,17.6071287286152));
#4033=CARTESIAN_POINT('Ctrl Pts',(-7.20042879071431,4.83821884336869,17.6747985629581));
#4034=CARTESIAN_POINT('Ctrl Pts',(-7.19968330203349,4.83743309786923,17.6751216971451));
#4035=CARTESIAN_POINT('Ctrl Pts',(-7.19893767826488,4.83664752503517,17.6754448328627));
#4036=CARTESIAN_POINT('Ctrl Pts',(-7.19819191968283,4.83586212509993,17.67576796992));
#4037=CARTESIAN_POINT('Ctrl Pts',(-7.04261206329373,4.67201230550078,17.7431806932609));
#4038=CARTESIAN_POINT('Ctrl Pts',(-6.88116524318159,4.5156871474996,17.8106521029821));
#4039=CARTESIAN_POINT('Ctrl Pts',(-6.71438602516939,4.36597665720898,17.8775274597552));
#4040=CARTESIAN_POINT('Ctrl Pts',(-6.71306027961488,4.3647865927673,17.8780590590037));
#4041=CARTESIAN_POINT('Ctrl Pts',(-6.71173419695391,4.36359694638166,17.8785906207598));
#4042=CARTESIAN_POINT('Ctrl Pts',(-6.71040777745728,4.36240771760136,17.879122144694));
#4043=CARTESIAN_POINT('Ctrl Pts',(-6.43901319654924,4.11908330383036,17.9878756089988));
#4044=CARTESIAN_POINT('Ctrl Pts',(-6.15352040783677,3.89323980934278,18.0950480801262));
#4045=CARTESIAN_POINT('Ctrl Pts',(-5.85335453317527,3.68337055928467,18.1986581779747));
#4046=CARTESIAN_POINT('Ctrl Pts',(-5.78411072713488,3.63495684249806,18.2225594876333));
#4047=CARTESIAN_POINT('Ctrl Pts',(-5.71408592672188,3.58739328528992,18.2462710950679));
#4048=CARTESIAN_POINT('Ctrl Pts',(-5.64327278868898,3.54066152370407,18.2697684289451));
#4049=CARTESIAN_POINT('Ctrl Pts',(-5.64118725178994,3.53928521394219,18.2704604552864));
#4050=CARTESIAN_POINT('Ctrl Pts',(-5.63910103312973,3.53790962704554,18.2711522951251));
#4051=CARTESIAN_POINT('Ctrl Pts',(-5.63701413252179,3.53653476254141,18.2718439478349));
#4052=CARTESIAN_POINT('Ctrl Pts',(-5.37660492170358,3.364975379628,18.3581502796322));
#4053=CARTESIAN_POINT('Ctrl Pts',(-5.10557602641872,3.20466116668225,18.4415451710715));
#4054=CARTESIAN_POINT('Ctrl Pts',(-4.82653631571927,3.05701606898945,18.5201327367021));
#4055=CARTESIAN_POINT('Ctrl Pts',(-4.70112921164898,2.99066083917138,18.5554518638506));
#4056=CARTESIAN_POINT('Ctrl Pts',(-4.57410427927955,2.92686503009345,18.5897996228711));
#4057=CARTESIAN_POINT('Ctrl Pts',(-4.44569966183656,2.86576045012442,18.6230018682352));
#4058=CARTESIAN_POINT('Ctrl Pts',(-4.44388728083612,2.86489798285509,18.6234705049546));
#4059=CARTESIAN_POINT('Ctrl Pts',(-4.44207462386932,2.86403605119386,18.623938913687));
#4060=CARTESIAN_POINT('Ctrl Pts',(-4.440261691638,2.86317465553071,18.6244070939316));
#4061=CARTESIAN_POINT('Ctrl Pts',(-4.10373530987893,2.7032776881895,18.7113132678059));
#4062=CARTESIAN_POINT('Ctrl Pts',(-3.75772317044082,2.56185373004394,18.7903463846808));
#4063=CARTESIAN_POINT('Ctrl Pts',(-3.40160254858099,2.43879130759146,18.8601864186115));
#4064=CARTESIAN_POINT('Ctrl Pts',(-3.31885888303514,2.41019808580192,18.8764135620414));
#4065=CARTESIAN_POINT('Ctrl Pts',(-3.2355695634628,2.38259590178245,18.8921444247584));
#4066=CARTESIAN_POINT('Ctrl Pts',(-3.15172688523703,2.35598296973572,18.9073624796658));
#4067=CARTESIAN_POINT('Ctrl Pts',(-3.15172688523703,2.35598296973572,18.9073624796658));
#4068=CARTESIAN_POINT('Ctrl Pts',(-2.89163855268957,2.27342700381429,18.9545703983192));
#4069=CARTESIAN_POINT('Ctrl Pts',(-2.62955600630198,2.19752709237052,18.9913793593308));
#4070=CARTESIAN_POINT('Ctrl Pts',(-2.36539423477417,2.13038994870692,19.0201978003031));
#4071=CARTESIAN_POINT('Ctrl Pts',(-2.11409077268105,2.06652076528903,19.0476134780015));
#4072=CARTESIAN_POINT('Ctrl Pts',(-1.86090548202268,2.01058287951182,19.0677991138592));
#4073=CARTESIAN_POINT('Ctrl Pts',(-1.60576916051673,1.9643809645587,19.0828707636485));
#4074=CARTESIAN_POINT('Ctrl Pts',(-1.60354444572649,1.96397809724868,19.0830021840672));
#4075=CARTESIAN_POINT('Ctrl Pts',(-1.60131958195778,1.96357596954262,19.0831332153587));
#4076=CARTESIAN_POINT('Ctrl Pts',(-1.59909456923512,1.96317458264522,19.0832638589316));
#4077=CARTESIAN_POINT('Ctrl Pts',(-1.36538111993132,1.92101324336774,19.0969865490308));
#4078=CARTESIAN_POINT('Ctrl Pts',(-1.13002347565057,1.88702916398207,19.1064296817462));
#4079=CARTESIAN_POINT('Ctrl Pts',(-0.892285129268233,1.86244133763207,19.1128795840763));
#4080=CARTESIAN_POINT('Ctrl Pts',(-0.866081388437153,1.85973124462824,19.1135904982877));
#4081=CARTESIAN_POINT('Ctrl Pts',(-0.839848736708801,1.85713525538204,19.1142650667544));
#4082=CARTESIAN_POINT('Ctrl Pts',(-0.813586197620243,1.85465496485775,19.1149050235321));
#4083=CARTESIAN_POINT('Ctrl Pts',(-0.810578824104168,1.85437094205212,19.1149783062051));
#4084=CARTESIAN_POINT('Ctrl Pts',(-0.807571066399818,1.85408843648696,19.1150511340228));
#4085=CARTESIAN_POINT('Ctrl Pts',(-0.804562921801415,1.85380745043094,19.1151235096509));
#4086=CARTESIAN_POINT('Ctrl Pts',(-0.625232222836887,1.83705645187405,19.1194381865376));
#4087=CARTESIAN_POINT('Ctrl Pts',(-0.444527104030379,1.82570171135987,19.1221469438937));
#4088=CARTESIAN_POINT('Ctrl Pts',(-0.263504895375293,1.82005661003527,19.1234605151696));
#4089=CARTESIAN_POINT('Ctrl Pts',(-0.178175240027393,1.81739564067681,19.1240797020919));
#4090=CARTESIAN_POINT('Ctrl Pts',(-0.092775040558949,1.81600402654409,19.1243886890893));
#4091=CARTESIAN_POINT('Ctrl Pts',(-0.0074154379869014,1.8159185598414,19.1244086733702));
#4092=CARTESIAN_POINT('Ctrl Pts',(-0.00365067764604137,1.81591479035744,
19.1244095547711));
#4093=CARTESIAN_POINT('Ctrl Pts',(0.00011401048527313,1.81591355898998,
19.1244098700005));
#4094=CARTESIAN_POINT('Ctrl Pts',(0.00387861503285348,1.81591486903518,
19.1244096208426));
#4095=CARTESIAN_POINT('Ctrl Pts',(0.269585785535787,1.81600733250634,19.1243920351868));
#4096=CARTESIAN_POINT('Ctrl Pts',(0.534879720161443,1.82876238343108,19.1215640001771));
#4097=CARTESIAN_POINT('Ctrl Pts',(0.798171978830348,1.85321084451274,19.1152754779631));
#4098=CARTESIAN_POINT('Ctrl Pts',(0.801838996090776,1.85355135178489,19.1151878942277));
#4099=CARTESIAN_POINT('Ctrl Pts',(0.805505630219866,1.85389412613155,19.1150996372851));
#4100=CARTESIAN_POINT('Ctrl Pts',(0.809171877421329,1.85423916493374,19.1150107052957));
#4101=CARTESIAN_POINT('Ctrl Pts',(1.04600430364538,1.87652799931207,19.1092658720472));
#4102=CARTESIAN_POINT('Ctrl Pts',(1.28122189915068,1.90826492529178,19.1007081149649));
#4103=CARTESIAN_POINT('Ctrl Pts',(1.51541375835277,1.94844905333031,19.0879890701805));
#4104=CARTESIAN_POINT('Ctrl Pts',(1.5415865550934,1.95293994818437,19.0865676161));
#4105=CARTESIAN_POINT('Ctrl Pts',(1.56774654426777,1.95753636019753,19.0850941358738));
#4106=CARTESIAN_POINT('Ctrl Pts',(1.59389455150571,1.96223690064259,19.0835667061428));
#4107=CARTESIAN_POINT('Ctrl Pts',(1.59636520510611,1.96268104183731,19.0834223834903));
#4108=CARTESIAN_POINT('Ctrl Pts',(1.59883575060435,1.9631261132292,19.083277580189));
#4109=CARTESIAN_POINT('Ctrl Pts',(1.60130618731931,1.96357211339493,19.0831322946948));
#4110=CARTESIAN_POINT('Ctrl Pts',(1.74924438923521,1.99028012909644,19.0744321022795));
#4111=CARTESIAN_POINT('Ctrl Pts',(1.89679175416233,2.02032272507795,19.0640008666343));
#4112=CARTESIAN_POINT('Ctrl Pts',(2.04372753755637,2.05331771889119,19.0514259687365));
#4113=CARTESIAN_POINT('Ctrl Pts',(2.19005449422454,2.08617599832765,19.0389031747833));
#4114=CARTESIAN_POINT('Ctrl Pts',(2.33577503255126,2.1219614451295,19.024253493631));
#4115=CARTESIAN_POINT('Ctrl Pts',(2.48067897123801,2.16025660357431,19.007100521088));
#4116=CARTESIAN_POINT('Ctrl Pts',(2.62090641588061,2.19731585993109,18.9905011275205));
#4117=CARTESIAN_POINT('Ctrl Pts',(2.76036924098748,2.23672460207763,18.9715567991199));
#4118=CARTESIAN_POINT('Ctrl Pts',(2.89888259740012,2.27807937092471,18.9499667636453));
#4119=CARTESIAN_POINT('Ctrl Pts',(2.98353232827513,2.30335252973024,18.9367724353881));
#4120=CARTESIAN_POINT('Ctrl Pts',(3.06782755363386,2.32935205441008,18.9225908168308));
#4121=CARTESIAN_POINT('Ctrl Pts',(3.15172688523701,2.35598296973572,18.9073624796658));
#4122=CARTESIAN_POINT('Ctrl Pts',(2.96113481958979,2.29749353355531,18.9408963222252));
#4123=CARTESIAN_POINT('Ctrl Pts',(2.97614456739713,2.15434322483018,18.7655380133223));
#4124=CARTESIAN_POINT('Ctrl Pts',(3.04037228995421,1.93700966877676,18.7551659939019));
#4125=CARTESIAN_POINT('Ctrl Pts',(3.47379294008472,2.44946542737543,18.8535421002196));
#4126=CARTESIAN_POINT('Ctrl Pts',(3.48977562515274,2.30832655715684,18.6840942481085));
#4127=CARTESIAN_POINT('Ctrl Pts',(3.56531115663017,2.10051432732466,18.6700502013447));
#4128=CARTESIAN_POINT('Ctrl Pts',(4.39385630965842,2.80255444018114,18.653786092391));
#4129=CARTESIAN_POINT('Ctrl Pts',(4.41212397185684,2.66548589291535,18.4976920544151));
#4130=CARTESIAN_POINT('Ctrl Pts',(4.50530026915476,2.47966202747851,18.4754129085785));
#4131=CARTESIAN_POINT('Ctrl Pts',(5.4391797727733,3.38711413911647,18.3441413349197));
#4132=CARTESIAN_POINT('Ctrl Pts',(5.46985899590251,3.26330526091388,18.2036817559442));
#4133=CARTESIAN_POINT('Ctrl Pts',(5.56801313225097,3.1036602352199,18.1737046364255));
#4134=CARTESIAN_POINT('Ctrl Pts',(6.18652956364917,3.91706094422623,18.0832143222966));
#4135=CARTESIAN_POINT('Ctrl Pts',(6.22575975486643,3.80603899482473,17.9544440835983));
#4136=CARTESIAN_POINT('Ctrl Pts',(6.32504039450006,3.6667558441557,17.9194659700147));
#4137=CARTESIAN_POINT('Ctrl Pts',(6.88420463538137,4.49469553306133,17.8151529872821));
#4138=CARTESIAN_POINT('Ctrl Pts',(6.92817633461105,4.39509570684443,17.6987106828562));
#4139=CARTESIAN_POINT('Ctrl Pts',(7.03002228467548,4.27874736926614,17.6582756990157));
#4140=CARTESIAN_POINT('Ctrl Pts',(7.50612168476699,5.14326984438669,17.54386690874));
#4141=CARTESIAN_POINT('Ctrl Pts',(7.55624302667707,5.05820806990255,17.4379331337902));
#4142=CARTESIAN_POINT('Ctrl Pts',(7.65615447032356,4.96313195507977,17.3939441110316));
#4143=CARTESIAN_POINT('Ctrl Pts',(8.04376231739338,5.87668635614361,17.286483225459));
#4144=CARTESIAN_POINT('Ctrl Pts',(8.09929272337831,5.8091987813077,17.1893091061079));
#4145=CARTESIAN_POINT('Ctrl Pts',(8.19585058769625,5.73405861247314,17.1431590096079));
#4146=CARTESIAN_POINT('Ctrl Pts',(8.39880695727176,6.47768874578982,17.1067396384572));
#4147=CARTESIAN_POINT('Ctrl Pts',(8.45715075677097,6.42341757844027,17.015611587055));
#4148=CARTESIAN_POINT('Ctrl Pts',(8.55158825021465,6.36437014920697,16.9680235620451));
#4149=CARTESIAN_POINT('Ctrl Pts',(8.63696210406073,7.00520325416321,16.9804615651143));
#4150=CARTESIAN_POINT('Ctrl Pts',(8.69725257825681,6.96275647589799,16.8932811529493));
#4151=CARTESIAN_POINT('Ctrl Pts',(8.78982861045726,6.91653420017912,16.8449830398983));
#4152=CARTESIAN_POINT('Ctrl Pts',(8.79025737123406,7.44649091167761,16.8971932242597));
#4153=CARTESIAN_POINT('Ctrl Pts',(8.85166063923111,7.41368694847358,16.8125925807105));
#4154=CARTESIAN_POINT('Ctrl Pts',(8.94304961488035,7.37791409359667,16.7638495650117));
#4155=CARTESIAN_POINT('Ctrl Pts',(8.91721704469138,7.90407836955493,16.8271974311432));
#4156=CARTESIAN_POINT('Ctrl Pts',(8.9794138324541,7.88081473248063,16.7447853533363));
#4157=CARTESIAN_POINT('Ctrl Pts',(9.0698811181845,7.85602811455696,16.6956483430708));
#4158=CARTESIAN_POINT('Ctrl Pts',(9.01728747862155,8.4859074677387,16.7709183703347));
#4159=CARTESIAN_POINT('Ctrl Pts',(9.08016107897901,8.47494640029567,16.6901862249819));
#4160=CARTESIAN_POINT('Ctrl Pts',(9.16977968224447,8.46349028870595,16.6408122131871));
#4161=CARTESIAN_POINT('Ctrl Pts',(9.04061216042433,9.19090947553327,16.7576774787576));
#4162=CARTESIAN_POINT('Ctrl Pts',(9.10364379290304,9.19498359228657,16.6773342806187));
#4163=CARTESIAN_POINT('Ctrl Pts',(9.19305654824334,9.19922356017119,16.627910805595));
#4164=CARTESIAN_POINT('Ctrl Pts',(8.9617726715879,9.90837733587493,16.8022775206477));
#4165=CARTESIAN_POINT('Ctrl Pts',(9.02426095783977,9.9277625859425,16.7206213998655));
#4166=CARTESIAN_POINT('Ctrl Pts',(9.11436894021339,9.94809669224835,16.6713673456375));
#4167=CARTESIAN_POINT('Ctrl Pts',(8.79024665685007,10.5901745495571,16.8976392032125));
#4168=CARTESIAN_POINT('Ctrl Pts',(8.85151500141117,10.6242032247228,16.8131167136291));
#4169=CARTESIAN_POINT('Ctrl Pts',(8.94306730546264,10.6602931292026,16.7642840718828));
#4170=CARTESIAN_POINT('Ctrl Pts',(8.53272365151742,11.2499278538655,17.0365137032777));
#4171=CARTESIAN_POINT('Ctrl Pts',(8.59209032382936,11.2982530525739,16.9476533116066));
#4172=CARTESIAN_POINT('Ctrl Pts',(8.68560419209973,11.3503733247716,16.8995980685294));
#4173=CARTESIAN_POINT('Ctrl Pts',(8.20870244891219,11.8610677334171,17.2040944701277));
#4174=CARTESIAN_POINT('Ctrl Pts',(8.2655706703404,11.9227495342487,17.1097277707391));
#4175=CARTESIAN_POINT('Ctrl Pts',(8.36118751357631,11.9907464959187,17.0628824644791));
#4176=CARTESIAN_POINT('Ctrl Pts',(7.82856853372149,12.4303669008853,17.3909635069874));
#4177=CARTESIAN_POINT('Ctrl Pts',(7.88232843874752,12.5046565429292,17.2901119764497));
#4178=CARTESIAN_POINT('Ctrl Pts',(7.9799343628225,12.5885266226008,17.2449607651889));
#4179=CARTESIAN_POINT('Ctrl Pts',(7.39402897985847,12.9653703226272,17.5919964232978));
#4180=CARTESIAN_POINT('Ctrl Pts',(7.44407091363749,13.0515861909066,17.4837105870139));
#4181=CARTESIAN_POINT('Ctrl Pts',(7.543249554101,13.1516458427131,17.4408400108488));
#4182=CARTESIAN_POINT('Ctrl Pts',(6.91932581911918,13.4564791992776,17.7966585647106));
#4183=CARTESIAN_POINT('Ctrl Pts',(6.96518960111734,13.5536295754468,17.6802552002322));
#4184=CARTESIAN_POINT('Ctrl Pts',(7.0651550461156,13.6699264589477,17.6402556583351));
#4185=CARTESIAN_POINT('Ctrl Pts',(6.41139268429925,13.9047589104568,17.9989697542312));
#4186=CARTESIAN_POINT('Ctrl Pts',(6.45268368844712,14.0118458596832,17.8739606377204));
#4187=CARTESIAN_POINT('Ctrl Pts',(6.55241130277135,14.1443101016736,17.8373808434806));
#4188=CARTESIAN_POINT('Ctrl Pts',(5.87068660819634,14.3143126087939,18.1959008232499));
#4189=CARTESIAN_POINT('Ctrl Pts',(5.90708660107914,14.4303567756814,18.0618960382672));
#4190=CARTESIAN_POINT('Ctrl Pts',(6.00527641582063,14.5789428279595,18.0292640533603));
#4191=CARTESIAN_POINT('Ctrl Pts',(5.29758039256317,14.686748115843,18.384416562776));
#4192=CARTESIAN_POINT('Ctrl Pts',(5.32886839461726,14.8107469117265,18.2411618562868));
#4193=CARTESIAN_POINT('Ctrl Pts',(5.42393911135782,14.9753239829762,18.21294787509));
#4194=CARTESIAN_POINT('Ctrl Pts',(4.6924540874269,15.0216744834045,18.5612403977616));
#4195=CARTESIAN_POINT('Ctrl Pts',(4.71862250973153,15.1525427814624,18.4086518777003));
#4196=CARTESIAN_POINT('Ctrl Pts',(4.80860766993435,15.3328150746779,18.3852397084657));
#4197=CARTESIAN_POINT('Ctrl Pts',(3.86314679011431,15.4083142581518,18.7724695844));
#4198=CARTESIAN_POINT('Ctrl Pts',(3.88081333485046,15.5476418596972,18.608406516663));
#4199=CARTESIAN_POINT('Ctrl Pts',(3.96330925819847,15.7466524288481,18.591055175647));
#4200=CARTESIAN_POINT('Ctrl Pts',(2.99698164660447,15.710890838267,18.9450855537478));
#4201=CARTESIAN_POINT('Ctrl Pts',(3.00918852861643,15.8550070781242,18.7699789823168));
#4202=CARTESIAN_POINT('Ctrl Pts',(3.07754768143764,16.0718685645771,18.7592476729537));
#4203=CARTESIAN_POINT('Ctrl Pts',(2.08637490457003,15.9288727915213,19.0722333776266));
#4204=CARTESIAN_POINT('Ctrl Pts',(2.09511776442302,16.0761162119606,18.8884451458566));
#4205=CARTESIAN_POINT('Ctrl Pts',(2.14386485916965,16.3067914570628,18.8831373763497));
#4206=CARTESIAN_POINT('Ctrl Pts',(1.16504916406154,16.0842839196199,19.1640599895657));
#4207=CARTESIAN_POINT('Ctrl Pts',(1.16834338368129,16.2340076298116,18.9739898995845));
#4208=CARTESIAN_POINT('Ctrl Pts',(1.19789920199773,16.4745527981461,18.9726109498464));
#4209=CARTESIAN_POINT('Ctrl Pts',(0.239966808169285,16.1464130322152,19.2013130393456));
#4210=CARTESIAN_POINT('Ctrl Pts',(0.241099400732795,16.2967856415743,19.00843183821));
#4211=CARTESIAN_POINT('Ctrl Pts',(0.246736544042874,16.5417539045423,19.0089094923607));
#4212=CARTESIAN_POINT('Ctrl Pts',(-0.69269875482982,16.1161403884652,19.1831917114581));
#4213=CARTESIAN_POINT('Ctrl Pts',(-0.695322561305023,16.2661192435131,18.9916312778099));
#4214=CARTESIAN_POINT('Ctrl Pts',(-0.712236439490241,16.5090176602034,18.9912524917513));
#4215=CARTESIAN_POINT('Ctrl Pts',(-1.63113995932311,16.0218034626917,19.1270369007607));
#4216=CARTESIAN_POINT('Ctrl Pts',(-1.63686142136413,16.1705062344634,18.9395037655684));
#4217=CARTESIAN_POINT('Ctrl Pts',(-1.67668635830715,16.4070799021304,18.936536570383));
#4218=CARTESIAN_POINT('Ctrl Pts',(-2.53721094777784,15.8367014845715,19.0178237185402));
#4219=CARTESIAN_POINT('Ctrl Pts',(-2.54652128310569,15.9830677811938,18.8380606882664));
#4220=CARTESIAN_POINT('Ctrl Pts',(-2.60651129477577,16.2073145023409,18.8301218318757));
#4221=CARTESIAN_POINT('Ctrl Pts',(-3.41696368482597,15.564117790567,18.8613781071079));
#4222=CARTESIAN_POINT('Ctrl Pts',(-3.43354719373112,15.7052908886617,18.6913084191393));
#4223=CARTESIAN_POINT('Ctrl Pts',(-3.5070389614796,15.9141125928535,18.67768544793));
#4224=CARTESIAN_POINT('Ctrl Pts',(-4.06612493912266,15.3137686786483,18.7208054027061));
#4225=CARTESIAN_POINT('Ctrl Pts',(-4.087333193886,15.4503439986102,18.5592017396262));
#4226=CARTESIAN_POINT('Ctrl Pts',(-4.17020066522445,15.6454558109515,18.5407152640508));
#4227=CARTESIAN_POINT('Ctrl Pts',(-4.69054618516276,15.0224954040814,18.5616984858198));
#4228=CARTESIAN_POINT('Ctrl Pts',(-4.71671748832409,15.1533689363288,18.4090786044969));
#4229=CARTESIAN_POINT('Ctrl Pts',(-4.80666174999185,15.3336949109347,18.3856860584747));
#4230=CARTESIAN_POINT('Ctrl Pts',(-5.28717493519888,14.6927417061197,18.3875532666253));
#4231=CARTESIAN_POINT('Ctrl Pts',(-5.3184132446971,14.8168416615206,18.244124451068));
#4232=CARTESIAN_POINT('Ctrl Pts',(-5.41336439239476,14.9817172100484,18.2160041886547));
#4233=CARTESIAN_POINT('Ctrl Pts',(-5.85744052254294,14.3235669421324,18.2004871406265));
#4234=CARTESIAN_POINT('Ctrl Pts',(-5.893722415032,14.4398083989011,18.0662636705734));
#4235=CARTESIAN_POINT('Ctrl Pts',(-5.9918560451914,14.5887792786388,18.0337328148411));
#4236=CARTESIAN_POINT('Ctrl Pts',(-6.40124618633557,13.913287097959,18.0029060405574));
#4237=CARTESIAN_POINT('Ctrl Pts',(-6.44241809673445,14.020585681391,17.8777357610689));
#4238=CARTESIAN_POINT('Ctrl Pts',(-6.54216124140105,14.1533430479319,17.8412162252069));
#4239=CARTESIAN_POINT('Ctrl Pts',(-6.91588195711134,13.4599029675322,17.7981160868127));
#4240=CARTESIAN_POINT('Ctrl Pts',(-6.96170395655535,13.5571410678876,17.6816584194597));
#4241=CARTESIAN_POINT('Ctrl Pts',(-7.06168465902444,13.6735420702963,17.6416758155618));
#4242=CARTESIAN_POINT('Ctrl Pts',(-7.38765567154401,12.9720849390323,17.5947717796575));
#4243=CARTESIAN_POINT('Ctrl Pts',(-7.43767036609532,13.0584183879464,17.4863647705811));
#4244=CARTESIAN_POINT('Ctrl Pts',(-7.53683266867702,13.1587299088688,17.4435442257604));
#4245=CARTESIAN_POINT('Ctrl Pts',(-7.81713792635076,12.4455737081304,17.3964058704958));
#4246=CARTESIAN_POINT('Ctrl Pts',(-7.87080774688344,12.5201919630793,17.2953560962769));
#4247=CARTESIAN_POINT('Ctrl Pts',(-7.96845801643673,12.6045158979636,17.2502636073489));
#4248=CARTESIAN_POINT('Ctrl Pts',(-8.20166240370692,11.8735190572059,17.2076896277174));
#4249=CARTESIAN_POINT('Ctrl Pts',(-8.25846118715356,11.9354998076183,17.1132099332678));
#4250=CARTESIAN_POINT('Ctrl Pts',(-8.35413584378597,12.0038003650208,17.0663854487077));
#4251=CARTESIAN_POINT('Ctrl Pts',(-8.52841843187884,11.2583350437004,17.0387734781498));
#4252=CARTESIAN_POINT('Ctrl Pts',(-8.58775869757165,11.3068270560174,16.949836979202));
#4253=CARTESIAN_POINT('Ctrl Pts',(-8.68129591724775,11.359179154248,16.9017999089307));
#4254=CARTESIAN_POINT('Ctrl Pts',(-8.78318368544397,10.6122894628001,16.9015052549616));
#4255=CARTESIAN_POINT('Ctrl Pts',(-8.84440446954781,10.6467902536351,16.8168623283702));
#4256=CARTESIAN_POINT('Ctrl Pts',(-8.93600967933053,10.6834083830787,16.768051004571));
#4257=CARTESIAN_POINT('Ctrl Pts',(-8.95967578613474,9.91947109230207,16.8034678115671));
#4258=CARTESIAN_POINT('Ctrl Pts',(-9.02214619213998,9.93909970486445,16.7217786256275));
#4259=CARTESIAN_POINT('Ctrl Pts',(-9.11227636485906,9.95967870107627,16.6725271178379));
#4260=CARTESIAN_POINT('Ctrl Pts',(-9.03877111257583,9.21974449878974,16.7587147737034));
#4261=CARTESIAN_POINT('Ctrl Pts',(-9.10179313866055,9.2244246376414,16.6783392249602));
#4262=CARTESIAN_POINT('Ctrl Pts',(-9.19121877199064,9.22931692431963,16.6289215060526));
#4263=CARTESIAN_POINT('Ctrl Pts',(-9.02355709524286,8.63012017281975,16.7673698849377));
#4264=CARTESIAN_POINT('Ctrl Pts',(-9.08647120676153,8.62225577359681,16.6867434454553));
#4265=CARTESIAN_POINT('Ctrl Pts',(-9.17603713284858,8.61399259440659,16.6373547070039));
#4266=CARTESIAN_POINT('Ctrl Pts',(-8.96052825719558,8.15534857797511,16.8028357432135));
#4267=CARTESIAN_POINT('Ctrl Pts',(-9.02304978691796,8.13757172275853,16.7211335991274));
#4268=CARTESIAN_POINT('Ctrl Pts',(-9.11311767425694,8.11836955477653,16.6719112681398));
#4269=CARTESIAN_POINT('Ctrl Pts',(-8.86647074023554,7.69348431571325,16.8553108057885));
#4270=CARTESIAN_POINT('Ctrl Pts',(-8.9283579843732,7.66580651785641,16.7720225897495));
#4271=CARTESIAN_POINT('Ctrl Pts',(-9.01919470202096,7.63604507990154,16.7230409381651));
#4272=CARTESIAN_POINT('Ctrl Pts',(-8.69385829587454,7.13384843707648,16.9502185426677));
#4273=CARTESIAN_POINT('Ctrl Pts',(-8.75442293154865,7.09385612959509,16.8640761882345));
#4274=CARTESIAN_POINT('Ctrl Pts',(-8.84674042587651,7.05117565989932,16.8155153581437));
#4275=CARTESIAN_POINT('Ctrl Pts',(-8.30984123074068,6.27776689157812,17.1540095069962));
#4276=CARTESIAN_POINT('Ctrl Pts',(-8.36705980693248,6.21808935040446,17.0616182864119));
#4277=CARTESIAN_POINT('Ctrl Pts',(-8.46259677606482,6.15512718527461,17.0140814252239));
#4278=CARTESIAN_POINT('Ctrl Pts',(-7.80797112587874,5.51984482514423,17.4039666165004));
#4279=CARTESIAN_POINT('Ctrl Pts',(-7.86039340221509,5.44305388732282,17.3032862778519));
#4280=CARTESIAN_POINT('Ctrl Pts',(-7.9594772892126,5.35943094154018,17.2576302625991));
#4281=CARTESIAN_POINT('Ctrl Pts',(-7.2041029475465,4.8281573145786,17.6757347714501));
#4282=CARTESIAN_POINT('Ctrl Pts',(-7.25248223582267,4.73733887349236,17.564196002812));
#4283=CARTESIAN_POINT('Ctrl Pts',(-7.3520974118254,4.6306294831817,17.5224317081014));
#4284=CARTESIAN_POINT('Ctrl Pts',(-6.55294384102067,4.19811320465461,17.9477746624437));
#4285=CARTESIAN_POINT('Ctrl Pts',(-6.59412259732975,4.09189242657368,17.8257021872609));
#4286=CARTESIAN_POINT('Ctrl Pts',(-6.69567250742947,3.96498446581944,17.7874977743652));
#4287=CARTESIAN_POINT('Ctrl Pts',(-5.65910464132041,3.5123163728839,18.2781935918657));
#4288=CARTESIAN_POINT('Ctrl Pts',(-5.68929350068528,3.38959466267012,18.1419126006645));
#4289=CARTESIAN_POINT('Ctrl Pts',(-5.79154406781965,3.237266147479,18.1094468528347));
#4290=CARTESIAN_POINT('Ctrl Pts',(-4.39678088782209,2.8025237389482,18.6536029505211));
#4291=CARTESIAN_POINT('Ctrl Pts',(-4.41483957279946,2.6653181483249,18.4975960165444));
#4292=CARTESIAN_POINT('Ctrl Pts',(-4.50831789679194,2.47965701716116,18.475234430612));
#4293=CARTESIAN_POINT('Ctrl Pts',(-3.47333114522222,2.44943075954412,18.8535874035641));
#4294=CARTESIAN_POINT('Ctrl Pts',(-3.48933284501308,2.30830761616443,18.684127944336));
#4295=CARTESIAN_POINT('Ctrl Pts',(-3.56483571914257,2.10047356530255,18.6700943471249));
#4296=CARTESIAN_POINT('Ctrl Pts',(-2.96123329647858,2.29750223598073,18.9408860201601));
#4297=CARTESIAN_POINT('Ctrl Pts',(-2.9762400373093,2.15434884374337,18.7655300658249));
#4298=CARTESIAN_POINT('Ctrl Pts',(-3.04047363945563,1.93701974874098,18.755155955174));
#4299=CARTESIAN_POINT('Origin',(-3.32059476912292,2.,19.2151932173287));
#4300=CARTESIAN_POINT('Origin',(3.3205947691229,2.,19.2151932173287));
#4301=CARTESIAN_POINT('Ctrl Pts',(-3.19142859581085,2.36864128797063,18.9000724385008));
#4302=CARTESIAN_POINT('Ctrl Pts',(-3.20756512529595,2.22564799390949,18.7261962258932));
#4303=CARTESIAN_POINT('Ctrl Pts',(-3.27608519720904,2.01087214570684,18.7153984740292));
#4304=CARTESIAN_POINT('Ctrl Pts',(-2.66790155037976,2.20098169966831,18.9973138581149));
#4305=CARTESIAN_POINT('Ctrl Pts',(-2.69095952792515,2.07176254448403,18.8310720535467));
#4306=CARTESIAN_POINT('Ctrl Pts',(-2.74036305180406,1.86662968016741,18.8099734521296));
#4307=CARTESIAN_POINT('Ctrl Pts',(-1.87918846461093,1.99178480849875,19.0781366775085));
#4308=CARTESIAN_POINT('Ctrl Pts',(-1.9001688342954,1.87472436907127,18.9266230349085));
#4309=CARTESIAN_POINT('Ctrl Pts',(-1.93172780117336,1.68748206832606,18.8936040513298));
#4310=CARTESIAN_POINT('Ctrl Pts',(-0.807787484534732,1.84178869147616,19.1186932045938));
#4311=CARTESIAN_POINT('Ctrl Pts',(-0.816505243647392,1.73255505447463,18.9785480606104));
#4312=CARTESIAN_POINT('Ctrl Pts',(-0.830757380903779,1.55954605678773,18.9390278062269));
#4313=CARTESIAN_POINT('Ctrl Pts',(0.00482797915548641,1.80284656964396,
19.1273067946385));
#4314=CARTESIAN_POINT('Ctrl Pts',(0.00487867063960259,1.69565540001621,
18.9902277071468));
#4315=CARTESIAN_POINT('Ctrl Pts',(0.00496582995863817,1.52638506176759,
18.9492121827776));
#4316=CARTESIAN_POINT('Ctrl Pts',(0.811747251759564,1.84233338556957,19.1185618415353));
#4317=CARTESIAN_POINT('Ctrl Pts',(0.820495254473929,1.73307008911101,18.978374869731));
#4318=CARTESIAN_POINT('Ctrl Pts',(0.834827585434071,1.56001019966562,18.938876218363));
#4319=CARTESIAN_POINT('Ctrl Pts',(1.88071507950188,1.99215887604622,19.0779901434357));
#4320=CARTESIAN_POINT('Ctrl Pts',(1.90167720923598,1.87507177137492,18.926452839521));
#4321=CARTESIAN_POINT('Ctrl Pts',(1.9332930471975,1.68780243271929,18.8934527612756));
#4322=CARTESIAN_POINT('Ctrl Pts',(2.66809111655354,2.20104585896758,18.9972747957001));
#4323=CARTESIAN_POINT('Ctrl Pts',(2.69114306478952,2.07182035970098,18.8310308525697));
#4324=CARTESIAN_POINT('Ctrl Pts',(2.74055694801582,1.86668491693488,18.8099356918866));
#4325=CARTESIAN_POINT('Ctrl Pts',(3.19141161881819,2.36863574148688,18.9000757033292));
#4326=CARTESIAN_POINT('Ctrl Pts',(3.20754823124129,2.22564286024403,18.7261997717433));
#4327=CARTESIAN_POINT('Ctrl Pts',(3.27606782721275,2.01086737289802,18.7154016433249));
#4328=CARTESIAN_POINT('Origin',(0.,9.,19.5));
#4329=CARTESIAN_POINT('Origin',(0.,9.,20.));
#4330=CARTESIAN_POINT('Origin',(0.,9.,20.));
#4331=CARTESIAN_POINT('Origin',(0.,9.,20.));
#4332=CARTESIAN_POINT('',(-6.25613370571707,9.,20.));
#4333=CARTESIAN_POINT('Origin',(0.,9.,20.));
#4334=CARTESIAN_POINT('Origin',(-6.25613370571707,9.,19.5));
#4335=CARTESIAN_POINT('Origin',(0.,9.,20.));
#4336=CARTESIAN_POINT('Origin',(0.,9.,20.));
#4337=CARTESIAN_POINT('Origin',(0.,9.,20.));
#4338=CARTESIAN_POINT('Origin',(0.,0.,20.));
#4339=CARTESIAN_POINT('',(4.15931763198098,3.79585053659188,20.));
#4340=CARTESIAN_POINT('',(4.15931763198098,3.79585053659188,20.));
#4341=CARTESIAN_POINT('',(2.4272668244121,2.79585053659187,20.));
#4342=CARTESIAN_POINT('Origin',(2.4272668244121,4.79585053659187,20.));
#4343=CARTESIAN_POINT('',(0.804821955156473,2.79585053659187,20.));
#4344=CARTESIAN_POINT('Origin',(0.,0.,20.));
#4345=CARTESIAN_POINT('',(-2.4272668244121,2.79585053659187,20.));
#4346=CARTESIAN_POINT('',(-2.4272668244121,2.79585053659187,20.));
#4347=CARTESIAN_POINT('',(-4.15931763198097,3.79585053659187,20.));
#4348=CARTESIAN_POINT('Origin',(-2.4272668244121,4.79585053659187,20.));
#4349=CARTESIAN_POINT('',(-4.97054006660877,5.20092900960694,20.));
#4350=CARTESIAN_POINT('Origin',(0.,0.,20.));
#4351=CARTESIAN_POINT('',(-6.58658445639308,8.,20.));
#4352=CARTESIAN_POINT('',(-6.58658445639308,8.,20.));
#4353=CARTESIAN_POINT('',(-6.58658445639308,10.,20.));
#4354=CARTESIAN_POINT('Origin',(-4.8545336488242,9.,20.));
#4355=CARTESIAN_POINT('',(-5.77536202176528,11.4050784730151,20.));
#4356=CARTESIAN_POINT('Origin',(0.,0.,20.));
#4357=CARTESIAN_POINT('',(-4.15931763198098,14.2041494634081,20.));
#4358=CARTESIAN_POINT('',(-4.15931763198098,14.2041494634081,20.));
#4359=CARTESIAN_POINT('',(-2.4272668244121,15.2041494634081,20.));
#4360=CARTESIAN_POINT('Origin',(-2.4272668244121,13.2041494634081,20.));
#4361=CARTESIAN_POINT('',(-0.804821955156506,15.2041494634081,20.));
#4362=CARTESIAN_POINT('Origin',(0.,0.,20.));
#4363=CARTESIAN_POINT('',(2.4272668244121,15.2041494634081,20.));
#4364=CARTESIAN_POINT('',(2.4272668244121,15.2041494634081,20.));
#4365=CARTESIAN_POINT('',(4.15931763198098,14.2041494634081,20.));
#4366=CARTESIAN_POINT('Origin',(2.4272668244121,13.2041494634081,20.));
#4367=CARTESIAN_POINT('',(4.97054006660879,12.799070990393,20.));
#4368=CARTESIAN_POINT('Origin',(7.1639347255827,9.,20.4));
#4369=CARTESIAN_POINT('',(6.58658445639308,10.,20.4));
#4370=CARTESIAN_POINT('',(4.15931763198098,14.2041494634081,20.4));
#4371=CARTESIAN_POINT('',(6.58658445639308,10.,20.4));
#4372=CARTESIAN_POINT('',(6.58658445639308,10.,20.));
#4373=CARTESIAN_POINT('',(6.58658445639308,10.,20.4));
#4374=CARTESIAN_POINT('',(6.58658445639308,10.,20.));
#4375=CARTESIAN_POINT('',(4.15931763198098,14.2041494634081,20.4));
#4376=CARTESIAN_POINT('Origin',(3.58196736279135,15.2041494634081,20.4));
#4377=CARTESIAN_POINT('',(-2.4272668244121,15.2041494634081,20.4));
#4378=CARTESIAN_POINT('',(-2.4272668244121,15.2041494634081,20.4));
#4379=CARTESIAN_POINT('',(2.4272668244121,15.2041494634081,20.4));
#4380=CARTESIAN_POINT('',(2.4272668244121,15.2041494634081,20.4));
#4381=CARTESIAN_POINT('',(2.4272668244121,15.2041494634081,20.4));
#4382=CARTESIAN_POINT('Origin',(-3.58196736279135,15.2041494634081,20.4));
#4383=CARTESIAN_POINT('',(-4.15931763198098,14.2041494634081,20.4));
#4384=CARTESIAN_POINT('',(-6.58658445639308,10.,20.4));
#4385=CARTESIAN_POINT('',(-4.15931763198098,14.2041494634081,20.4));
#4386=CARTESIAN_POINT('',(-4.15931763198098,14.2041494634081,20.4));
#4387=CARTESIAN_POINT('',(-6.58658445639308,10.,20.4));
#4388=CARTESIAN_POINT('Origin',(-7.1639347255827,9.,20.4));
#4389=CARTESIAN_POINT('',(-6.58658445639308,8.,20.4));
#4390=CARTESIAN_POINT('',(-4.15931763198097,3.79585053659187,20.4));
#4391=CARTESIAN_POINT('',(-6.58658445639308,8.,20.4));
#4392=CARTESIAN_POINT('',(-6.58658445639307,8.,20.4));
#4393=CARTESIAN_POINT('',(-4.15931763198097,3.79585053659187,20.4));
#4394=CARTESIAN_POINT('Origin',(-3.58196736279135,2.79585053659187,20.4));
#4395=CARTESIAN_POINT('',(-2.4272668244121,2.79585053659187,20.4));
#4396=CARTESIAN_POINT('',(2.4272668244121,2.79585053659187,20.4));
#4397=CARTESIAN_POINT('',(-2.4272668244121,2.79585053659187,20.4));
#4398=CARTESIAN_POINT('',(-2.4272668244121,2.79585053659187,20.4));
#4399=CARTESIAN_POINT('',(2.4272668244121,2.79585053659187,20.4));
#4400=CARTESIAN_POINT('Origin',(3.58196736279135,2.79585053659188,20.4));
#4401=CARTESIAN_POINT('',(4.15931763198098,3.79585053659188,20.4));
#4402=CARTESIAN_POINT('',(6.58658445639308,8.,20.4));
#4403=CARTESIAN_POINT('',(4.15931763198098,3.79585053659188,20.4));
#4404=CARTESIAN_POINT('',(4.15931763198098,3.79585053659187,20.4));
#4405=CARTESIAN_POINT('',(6.58658445639308,8.,20.));
#4406=CARTESIAN_POINT('',(5.77536202176527,6.59492152698491,20.));
#4407=CARTESIAN_POINT('',(6.58658445639308,8.,20.4));
#4408=CARTESIAN_POINT('Origin',(0.,0.,20.4));
#4409=CARTESIAN_POINT('Origin',(-2.4272668244121,13.2041494634081,20.4));
#4410=CARTESIAN_POINT('Origin',(-4.8545336488242,9.,20.4));
#4411=CARTESIAN_POINT('Origin',(-2.4272668244121,4.79585053659187,20.4));
#4412=CARTESIAN_POINT('Origin',(2.4272668244121,4.79585053659187,20.4));
#4413=CARTESIAN_POINT('Origin',(4.8545336488242,9.,20.4));
#4414=CARTESIAN_POINT('Origin',(2.4272668244121,13.2041494634081,20.4));
#4415=CARTESIAN_POINT('',(5.,9.,20.4));
#4416=CARTESIAN_POINT('Origin',(0.,9.,20.4));
#4417=CARTESIAN_POINT('Origin',(0.,0.,20.));
#4418=CARTESIAN_POINT('Origin',(4.8545336488242,9.,20.));
#4419=CARTESIAN_POINT('Origin',(-2.4272668244121,13.2041494634081,20.4));
#4420=CARTESIAN_POINT('Origin',(-4.8545336488242,9.,20.4));
#4421=CARTESIAN_POINT('Origin',(-2.4272668244121,4.79585053659187,20.4));
#4422=CARTESIAN_POINT('Origin',(2.4272668244121,4.79585053659187,20.4));
#4423=CARTESIAN_POINT('Origin',(4.8545336488242,9.,20.4));
#4424=CARTESIAN_POINT('Origin',(2.4272668244121,13.2041494634081,20.4));
#4425=CARTESIAN_POINT('Origin',(0.,9.,20.8));
#4426=CARTESIAN_POINT('',(5.,9.,20.8));
#4427=CARTESIAN_POINT('',(5.,9.,20.8));
#4428=CARTESIAN_POINT('Origin',(0.,9.,20.8));
#4429=CARTESIAN_POINT('Origin',(0.,9.,21.3));
#4430=CARTESIAN_POINT('',(6.,9.,20.8));
#4431=CARTESIAN_POINT('Origin',(0.,9.,20.8));
#4432=CARTESIAN_POINT('',(6.,9.,21.3));
#4433=CARTESIAN_POINT('',(6.,9.,21.3));
#4434=CARTESIAN_POINT('Origin',(0.,9.,21.3));
#4435=CARTESIAN_POINT('Origin',(0.,9.,20.8));
#4436=CARTESIAN_POINT('Origin',(-4.8545336488242,9.,22.3));
#4437=CARTESIAN_POINT('',(-6.58658445639308,10.,21.3));
#4438=CARTESIAN_POINT('',(-6.58658445639308,8.,21.3));
#4439=CARTESIAN_POINT('Origin',(-4.8545336488242,9.,21.3));
#4440=CARTESIAN_POINT('',(-6.58658445639308,8.,22.3));
#4441=CARTESIAN_POINT('',(-6.58658445639308,8.,22.3));
#4442=CARTESIAN_POINT('',(-6.58658445639308,10.,22.3));
#4443=CARTESIAN_POINT('Origin',(-4.8545336488242,9.,22.3));
#4444=CARTESIAN_POINT('',(-6.58658445639308,10.,22.3));
#4445=CARTESIAN_POINT('Origin',(-6.58658445639308,8.,22.3));
#4446=CARTESIAN_POINT('',(-4.15931763198097,3.79585053659187,21.3));
#4447=CARTESIAN_POINT('',(-6.58658445639308,8.,21.3));
#4448=CARTESIAN_POINT('',(-4.15931763198097,3.79585053659187,22.3));
#4449=CARTESIAN_POINT('',(-4.15931763198097,3.79585053659187,22.3));
#4450=CARTESIAN_POINT('',(-6.58658445639308,8.,22.3));
#4451=CARTESIAN_POINT('Origin',(-2.4272668244121,4.79585053659187,22.3));
#4452=CARTESIAN_POINT('',(-2.4272668244121,2.79585053659187,21.3));
#4453=CARTESIAN_POINT('Origin',(-2.4272668244121,4.79585053659187,21.3));
#4454=CARTESIAN_POINT('',(-2.4272668244121,2.79585053659187,22.3));
#4455=CARTESIAN_POINT('',(-2.4272668244121,2.79585053659187,22.3));
#4456=CARTESIAN_POINT('Origin',(-2.4272668244121,4.79585053659187,22.3));
#4457=CARTESIAN_POINT('Origin',(-2.4272668244121,2.79585053659187,22.3));
#4458=CARTESIAN_POINT('',(2.4272668244121,2.79585053659187,21.3));
#4459=CARTESIAN_POINT('',(-2.4272668244121,2.79585053659187,21.3));
#4460=CARTESIAN_POINT('',(2.4272668244121,2.79585053659187,22.3));
#4461=CARTESIAN_POINT('',(2.4272668244121,2.79585053659187,22.3));
#4462=CARTESIAN_POINT('',(-2.4272668244121,2.79585053659187,22.3));
#4463=CARTESIAN_POINT('Origin',(2.4272668244121,4.79585053659187,22.3));
#4464=CARTESIAN_POINT('',(4.15931763198098,3.79585053659187,21.3));
#4465=CARTESIAN_POINT('Origin',(2.4272668244121,4.79585053659187,21.3));
#4466=CARTESIAN_POINT('',(4.15931763198098,3.79585053659187,22.3));
#4467=CARTESIAN_POINT('',(4.15931763198098,3.79585053659187,22.3));
#4468=CARTESIAN_POINT('Origin',(2.4272668244121,4.79585053659187,22.3));
#4469=CARTESIAN_POINT('Origin',(4.15931763198098,3.79585053659188,22.3));
#4470=CARTESIAN_POINT('',(6.58658445639308,8.,21.3));
#4471=CARTESIAN_POINT('',(4.15931763198098,3.79585053659187,21.3));
#4472=CARTESIAN_POINT('',(6.58658445639308,8.,22.3));
#4473=CARTESIAN_POINT('',(6.58658445639308,8.,22.3));
#4474=CARTESIAN_POINT('',(4.15931763198098,3.79585053659187,22.3));
#4475=CARTESIAN_POINT('Origin',(4.8545336488242,9.,22.3));
#4476=CARTESIAN_POINT('',(6.58658445639308,10.,21.3));
#4477=CARTESIAN_POINT('Origin',(4.8545336488242,9.,21.3));
#4478=CARTESIAN_POINT('',(6.58658445639308,10.,22.3));
#4479=CARTESIAN_POINT('',(6.58658445639308,10.,22.3));
#4480=CARTESIAN_POINT('Origin',(4.8545336488242,9.,22.3));
#4481=CARTESIAN_POINT('Origin',(6.58658445639308,10.,22.3));
#4482=CARTESIAN_POINT('',(4.15931763198098,14.2041494634081,21.3));
#4483=CARTESIAN_POINT('',(6.58658445639308,10.,21.3));
#4484=CARTESIAN_POINT('',(4.15931763198098,14.2041494634081,22.3));
#4485=CARTESIAN_POINT('',(4.15931763198098,14.2041494634081,22.3));
#4486=CARTESIAN_POINT('',(6.58658445639308,10.,22.3));
#4487=CARTESIAN_POINT('Origin',(2.4272668244121,13.2041494634081,22.3));
#4488=CARTESIAN_POINT('',(2.4272668244121,15.2041494634081,21.3));
#4489=CARTESIAN_POINT('Origin',(2.4272668244121,13.2041494634081,21.3));
#4490=CARTESIAN_POINT('',(2.4272668244121,15.2041494634081,22.3));
#4491=CARTESIAN_POINT('',(2.4272668244121,15.2041494634081,22.3));
#4492=CARTESIAN_POINT('Origin',(2.4272668244121,13.2041494634081,22.3));
#4493=CARTESIAN_POINT('Origin',(2.4272668244121,15.2041494634081,22.3));
#4494=CARTESIAN_POINT('',(-2.4272668244121,15.2041494634081,21.3));
#4495=CARTESIAN_POINT('',(2.4272668244121,15.2041494634081,21.3));
#4496=CARTESIAN_POINT('',(-2.4272668244121,15.2041494634081,22.3));
#4497=CARTESIAN_POINT('',(-2.4272668244121,15.2041494634081,22.3));
#4498=CARTESIAN_POINT('',(2.4272668244121,15.2041494634081,22.3));
#4499=CARTESIAN_POINT('Origin',(-2.4272668244121,13.2041494634081,22.3));
#4500=CARTESIAN_POINT('',(-4.15931763198098,14.2041494634081,21.3));
#4501=CARTESIAN_POINT('Origin',(-2.4272668244121,13.2041494634081,21.3));
#4502=CARTESIAN_POINT('',(-4.15931763198098,14.2041494634081,22.3));
#4503=CARTESIAN_POINT('',(-4.15931763198098,14.2041494634081,22.3));
#4504=CARTESIAN_POINT('Origin',(-2.4272668244121,13.2041494634081,22.3));
#4505=CARTESIAN_POINT('Origin',(-4.15931763198098,14.2041494634081,22.3));
#4506=CARTESIAN_POINT('',(-4.15931763198098,14.2041494634081,21.3));
#4507=CARTESIAN_POINT('',(-4.15931763198098,14.2041494634081,22.3));
#4508=CARTESIAN_POINT('Origin',(-4.8545336488242,9.,22.3));
#4509=CARTESIAN_POINT('',(6.,9.,22.3));
#4510=CARTESIAN_POINT('Origin',(0.,9.,22.3));
#4511=CARTESIAN_POINT('Origin',(-4.8545336488242,9.,21.3));
#4512=CARTESIAN_POINT('Origin',(0.,9.,25.3));
#4513=CARTESIAN_POINT('',(6.,9.,23.3));
#4514=CARTESIAN_POINT('',(6.,9.,25.3));
#4515=CARTESIAN_POINT('',(-6.,9.,23.3));
#4516=CARTESIAN_POINT('Origin',(0.,9.,23.3));
#4517=CARTESIAN_POINT('Origin',(0.,9.,23.3));
#4518=CARTESIAN_POINT('Origin',(0.,9.,23.3));
#4519=CARTESIAN_POINT('',(-4.,9.,25.3));
#4520=CARTESIAN_POINT('Origin',(0.,9.,25.3));
#4521=CARTESIAN_POINT('Origin',(-4.,9.,23.3));
#4522=CARTESIAN_POINT('Origin',(0.,9.,25.3));
#4523=CARTESIAN_POINT('',(-4.,9.,25.1));
#4524=CARTESIAN_POINT('Origin',(0.,9.,25.1));
#4525=CARTESIAN_POINT('',(-4.,9.,25.3));
#4526=CARTESIAN_POINT('Origin',(0.,9.,20.8));
#4527=CARTESIAN_POINT('',(4.8,9.,21.));
#4528=CARTESIAN_POINT('Origin',(0.,9.,21.));
#4529=CARTESIAN_POINT('',(4.8,9.,20.2));
#4530=CARTESIAN_POINT('',(4.8,9.,20.8));
#4531=CARTESIAN_POINT('Origin',(0.,9.,20.2));
#4532=CARTESIAN_POINT('Origin',(0.,9.,21.3));
#4533=CARTESIAN_POINT('',(5.8,9.,21.5));
#4534=CARTESIAN_POINT('Origin',(0.,9.,21.5));
#4535=CARTESIAN_POINT('',(5.8,9.,21.));
#4536=CARTESIAN_POINT('',(5.8,9.,21.3));
#4537=CARTESIAN_POINT('Origin',(0.,9.,21.));
#4538=CARTESIAN_POINT('Origin',(0.,9.,21.));
#4539=CARTESIAN_POINT('Origin',(-4.8545336488242,9.,22.3));
#4540=CARTESIAN_POINT('',(-6.41337937563619,9.9,21.5));
#4541=CARTESIAN_POINT('',(-6.41337937563619,8.1,21.5));
#4542=CARTESIAN_POINT('Origin',(-4.8545336488242,9.,21.5));
#4543=CARTESIAN_POINT('',(-6.41337937563619,9.9,22.1));
#4544=CARTESIAN_POINT('',(-6.41337937563619,9.9,22.1));
#4545=CARTESIAN_POINT('',(-6.41337937563619,8.1,22.1));
#4546=CARTESIAN_POINT('Origin',(-4.8545336488242,9.,22.1));
#4547=CARTESIAN_POINT('',(-6.41337937563619,8.1,21.5));
#4548=CARTESIAN_POINT('Origin',(-6.41337937563619,8.1,22.3));
#4549=CARTESIAN_POINT('',(-3.98611255122409,3.89585053659187,21.5));
#4550=CARTESIAN_POINT('',(-6.41337937563619,8.1,21.5));
#4551=CARTESIAN_POINT('',(-3.98611255122409,3.89585053659187,22.1));
#4552=CARTESIAN_POINT('',(-6.41337937563619,8.1,22.1));
#4553=CARTESIAN_POINT('',(-3.98611255122409,3.89585053659187,22.1));
#4554=CARTESIAN_POINT('Origin',(-2.4272668244121,4.79585053659187,22.3));
#4555=CARTESIAN_POINT('',(-2.4272668244121,2.99585053659187,21.5));
#4556=CARTESIAN_POINT('Origin',(-2.4272668244121,4.79585053659187,21.5));
#4557=CARTESIAN_POINT('',(-2.4272668244121,2.99585053659187,22.1));
#4558=CARTESIAN_POINT('Origin',(-2.4272668244121,4.79585053659187,22.1));
#4559=CARTESIAN_POINT('',(-2.4272668244121,2.99585053659187,21.5));
#4560=CARTESIAN_POINT('Origin',(-2.4272668244121,2.99585053659187,22.3));
#4561=CARTESIAN_POINT('',(2.4272668244121,2.99585053659187,21.5));
#4562=CARTESIAN_POINT('',(-2.4272668244121,2.99585053659187,21.5));
#4563=CARTESIAN_POINT('',(2.4272668244121,2.99585053659187,22.1));
#4564=CARTESIAN_POINT('',(-2.4272668244121,2.99585053659187,22.1));
#4565=CARTESIAN_POINT('',(2.4272668244121,2.99585053659187,22.1));
#4566=CARTESIAN_POINT('Origin',(2.4272668244121,4.79585053659187,22.3));
#4567=CARTESIAN_POINT('',(3.98611255122409,3.89585053659188,21.5));
#4568=CARTESIAN_POINT('Origin',(2.4272668244121,4.79585053659187,21.5));
#4569=CARTESIAN_POINT('',(3.98611255122409,3.89585053659188,22.1));
#4570=CARTESIAN_POINT('Origin',(2.4272668244121,4.79585053659187,22.1));
#4571=CARTESIAN_POINT('',(3.98611255122409,3.89585053659188,21.5));
#4572=CARTESIAN_POINT('Origin',(3.98611255122409,3.89585053659188,22.3));
#4573=CARTESIAN_POINT('',(6.41337937563619,8.1,21.5));
#4574=CARTESIAN_POINT('',(3.98611255122409,3.89585053659188,21.5));
#4575=CARTESIAN_POINT('',(6.41337937563619,8.1,22.1));
#4576=CARTESIAN_POINT('',(3.98611255122409,3.89585053659188,22.1));
#4577=CARTESIAN_POINT('',(6.41337937563619,8.1,22.1));
#4578=CARTESIAN_POINT('Origin',(4.8545336488242,9.,22.3));
#4579=CARTESIAN_POINT('',(6.41337937563619,9.9,21.5));
#4580=CARTESIAN_POINT('Origin',(4.8545336488242,9.,21.5));
#4581=CARTESIAN_POINT('',(6.41337937563619,9.9,22.1));
#4582=CARTESIAN_POINT('Origin',(4.8545336488242,9.,22.1));
#4583=CARTESIAN_POINT('',(6.41337937563619,9.9,21.5));
#4584=CARTESIAN_POINT('Origin',(6.41337937563619,9.9,22.3));
#4585=CARTESIAN_POINT('',(3.98611255122409,14.1041494634081,21.5));
#4586=CARTESIAN_POINT('',(6.41337937563619,9.9,21.5));
#4587=CARTESIAN_POINT('',(3.98611255122409,14.1041494634081,22.1));
#4588=CARTESIAN_POINT('',(6.41337937563619,9.9,22.1));
#4589=CARTESIAN_POINT('',(3.98611255122409,14.1041494634081,22.1));
#4590=CARTESIAN_POINT('Origin',(2.4272668244121,13.2041494634081,22.3));
#4591=CARTESIAN_POINT('',(2.4272668244121,15.0041494634081,21.5));
#4592=CARTESIAN_POINT('Origin',(2.4272668244121,13.2041494634081,21.5));
#4593=CARTESIAN_POINT('',(2.4272668244121,15.0041494634081,22.1));
#4594=CARTESIAN_POINT('Origin',(2.4272668244121,13.2041494634081,22.1));
#4595=CARTESIAN_POINT('',(2.4272668244121,15.0041494634081,21.5));
#4596=CARTESIAN_POINT('Origin',(2.4272668244121,15.0041494634081,22.3));
#4597=CARTESIAN_POINT('',(-2.4272668244121,15.0041494634081,21.5));
#4598=CARTESIAN_POINT('',(2.4272668244121,15.0041494634081,21.5));
#4599=CARTESIAN_POINT('',(-2.4272668244121,15.0041494634081,22.1));
#4600=CARTESIAN_POINT('',(2.4272668244121,15.0041494634081,22.1));
#4601=CARTESIAN_POINT('',(-2.4272668244121,15.0041494634081,22.1));
#4602=CARTESIAN_POINT('Origin',(-2.4272668244121,13.2041494634081,22.3));
#4603=CARTESIAN_POINT('',(-3.98611255122409,14.1041494634081,21.5));
#4604=CARTESIAN_POINT('Origin',(-2.4272668244121,13.2041494634081,21.5));
#4605=CARTESIAN_POINT('',(-3.98611255122409,14.1041494634081,22.1));
#4606=CARTESIAN_POINT('Origin',(-2.4272668244121,13.2041494634081,22.1));
#4607=CARTESIAN_POINT('',(-3.98611255122409,14.1041494634081,21.5));
#4608=CARTESIAN_POINT('Origin',(-3.98611255122409,14.1041494634081,22.3));
#4609=CARTESIAN_POINT('',(-3.98611255122409,14.1041494634081,21.5));
#4610=CARTESIAN_POINT('',(-3.98611255122409,14.1041494634081,22.1));
#4611=CARTESIAN_POINT('Origin',(-4.8545336488242,9.,22.1));
#4612=CARTESIAN_POINT('',(5.8,9.,22.1));
#4613=CARTESIAN_POINT('Origin',(0.,9.,22.1));
#4614=CARTESIAN_POINT('Origin',(-4.8545336488242,9.,21.5));
#4615=CARTESIAN_POINT('Origin',(0.,9.,25.3));
#4616=CARTESIAN_POINT('',(-5.8,9.,23.3));
#4617=CARTESIAN_POINT('',(5.8,9.,23.3));
#4618=CARTESIAN_POINT('Origin',(0.,9.,23.3));
#4619=CARTESIAN_POINT('Origin',(0.,9.,23.3));
#4620=CARTESIAN_POINT('',(5.8,9.,25.3));
#4621=CARTESIAN_POINT('Origin',(0.,9.,23.3));
#4622=CARTESIAN_POINT('Origin',(-4.,9.,23.3));
#4623=CARTESIAN_POINT('Origin',(0.,9.,20.2));
#4624=UNCERTAINTY_MEASURE_WITH_UNIT(LENGTH_MEASURE(0.01),#4628,
'DISTANCE_ACCURACY_VALUE',
'Maximum model space distance between geometric entities at asserted c
onnectivities');
#4625=UNCERTAINTY_MEASURE_WITH_UNIT(LENGTH_MEASURE(0.01),#4628,
'DISTANCE_ACCURACY_VALUE',
'Maximum model space distance between geometric entities at asserted c
onnectivities');
#4626=(
GEOMETRIC_REPRESENTATION_CONTEXT(3)
GLOBAL_UNCERTAINTY_ASSIGNED_CONTEXT((#4624))
GLOBAL_UNIT_ASSIGNED_CONTEXT((#4628,#4630,#4631))
REPRESENTATION_CONTEXT('','3D')
);
#4627=(
GEOMETRIC_REPRESENTATION_CONTEXT(3)
GLOBAL_UNCERTAINTY_ASSIGNED_CONTEXT((#4625))
GLOBAL_UNIT_ASSIGNED_CONTEXT((#4628,#4630,#4631))
REPRESENTATION_CONTEXT('','3D')
);
#4628=(
LENGTH_UNIT()
NAMED_UNIT(*)
SI_UNIT(.MILLI.,.METRE.)
);
#4629=(
LENGTH_UNIT()
NAMED_UNIT(*)
SI_UNIT($,.METRE.)
);
#4630=(
NAMED_UNIT(*)
PLANE_ANGLE_UNIT()
SI_UNIT($,.RADIAN.)
);
#4631=(
NAMED_UNIT(*)
SI_UNIT($,.STERADIAN.)
SOLID_ANGLE_UNIT()
);
#4632=SHAPE_DEFINITION_REPRESENTATION(#4633,#4634);
#4633=PRODUCT_DEFINITION_SHAPE('',$,#4636);
#4634=SHAPE_REPRESENTATION('',(#2117),#4626);
#4635=PRODUCT_DEFINITION_CONTEXT('part definition',#4640,'design');
#4636=PRODUCT_DEFINITION('Encoder','Encoder v1',#4637,#4635);
#4637=PRODUCT_DEFINITION_FORMATION('',$,#4642);
#4638=PRODUCT_RELATED_PRODUCT_CATEGORY('Encoder v1','Encoder v1',(#4642));
#4639=APPLICATION_PROTOCOL_DEFINITION('international standard',
'automotive_design',2009,#4640);
#4640=APPLICATION_CONTEXT(
'Core Data for Automotive Mechanical Design Process');
#4641=PRODUCT_CONTEXT('part definition',#4640,'mechanical');
#4642=PRODUCT('Encoder','Encoder v1',$,(#4641));
#4643=PRESENTATION_STYLE_ASSIGNMENT((#4649));
#4644=PRESENTATION_STYLE_ASSIGNMENT((#4650));
#4645=PRESENTATION_STYLE_ASSIGNMENT((#4651));
#4646=PRESENTATION_STYLE_ASSIGNMENT((#4652));
#4647=PRESENTATION_STYLE_ASSIGNMENT((#4653));
#4648=PRESENTATION_STYLE_ASSIGNMENT((#4654));
#4649=SURFACE_STYLE_USAGE(.BOTH.,#4655);
#4650=SURFACE_STYLE_USAGE(.BOTH.,#4656);
#4651=SURFACE_STYLE_USAGE(.BOTH.,#4657);
#4652=SURFACE_STYLE_USAGE(.BOTH.,#4658);
#4653=SURFACE_STYLE_USAGE(.BOTH.,#4659);
#4654=SURFACE_STYLE_USAGE(.BOTH.,#4660);
#4655=SURFACE_SIDE_STYLE('',(#4661));
#4656=SURFACE_SIDE_STYLE('',(#4662));
#4657=SURFACE_SIDE_STYLE('',(#4663));
#4658=SURFACE_SIDE_STYLE('',(#4664));
#4659=SURFACE_SIDE_STYLE('',(#4665));
#4660=SURFACE_SIDE_STYLE('',(#4666));
#4661=SURFACE_STYLE_FILL_AREA(#4667);
#4662=SURFACE_STYLE_FILL_AREA(#4668);
#4663=SURFACE_STYLE_FILL_AREA(#4669);
#4664=SURFACE_STYLE_FILL_AREA(#4670);
#4665=SURFACE_STYLE_FILL_AREA(#4671);
#4666=SURFACE_STYLE_FILL_AREA(#4672);
#4667=FILL_AREA_STYLE('Steel - Satin',(#4673));
#4668=FILL_AREA_STYLE('Opaque(255,222,135)',(#4674));
#4669=FILL_AREA_STYLE('Opaque(18,18,18)',(#4675));
#4670=FILL_AREA_STYLE('Opaque(229,234,237)',(#4676));
#4671=FILL_AREA_STYLE('Opaque(28,28,28)',(#4677));
#4672=FILL_AREA_STYLE('Opaque(255,207,128)',(#4678));
#4673=FILL_AREA_STYLE_COLOUR('Steel - Satin',#4679);
#4674=FILL_AREA_STYLE_COLOUR('Opaque(255,222,135)',#4680);
#4675=FILL_AREA_STYLE_COLOUR('Opaque(18,18,18)',#4681);
#4676=FILL_AREA_STYLE_COLOUR('Opaque(229,234,237)',#4682);
#4677=FILL_AREA_STYLE_COLOUR('Opaque(28,28,28)',#4683);
#4678=FILL_AREA_STYLE_COLOUR('Opaque(255,207,128)',#4684);
#4679=COLOUR_RGB('Steel - Satin',0.627450980392157,0.627450980392157,0.627450980392157);
#4680=COLOUR_RGB('Opaque(255,222,135)',1.,0.870588235294118,0.529411764705882);
#4681=COLOUR_RGB('Opaque(18,18,18)',0.0705882352941176,0.0705882352941176,
0.0705882352941176);
#4682=COLOUR_RGB('Opaque(229,234,237)',0.898039215686275,0.917647058823529,
0.929411764705882);
#4683=COLOUR_RGB('Opaque(28,28,28)',0.109803921568627,0.109803921568627,
0.109803921568627);
#4684=COLOUR_RGB('Opaque(255,207,128)',1.,0.811764705882353,0.501960784313725);
ENDSEC;
END-ISO-10303-21;
